<?xml version="1.0" ?><root><SENTENCE id="1"><S><S><AP><R>cứ</R><A syntax="H">điều qua tiếng lại</A></AP><com>,</com><NP syntax="SUB"><M>mỗi</M><N syntax="H">miệng</N></NP><VP><V syntax="H">thêm</V><NP><M>một</M><N syntax="H">lời</N><SBAR><S><NP syntax="SUB"><R>không</R><P syntax="H">ai</P></NP><VP><V syntax="H">nhịn</V><NP><P syntax="H">ai</P></NP></VP></S></SBAR></NP></VP></S><com>,</com><S><NP syntax="SUB"><N syntax="H">uồm</N><N>uồm</N></NP><VP><V syntax="H">oang oang</V><R>mãi</R><R>lên</R></VP></S></S></SENTENCE></root>