<?xml version="1.0" ?><root><SENTENCE id="1"><S><C>nhưng</C><S><AP><A>buồn cười</A><T>thay</T></AP><com>,</com><NP syntax="SUB"><N syntax="H">xóm</N><P>này</P></NP><VP><R>mới</R><R>chỉ</R><V syntax="H">rỉ tai</V><NP><N syntax="H">bàn</N><AP><A syntax="H">bí mật</A></AP></NP></VP></S><com>,</com><C>mà</C><S><NP syntax="SUB"><P syntax="H">chúng tôi</P></NP><VP><VP><V syntax="H">đi</V><PP><E syntax="H">tận</E><NP><Np syntax="H">xa xa</Np></NP></PP></VP><VP><R>cũng</R><V syntax="H">nghe</V><A>rõ</A><NP><R>từng</R><N syntax="H">lời</N></NP></VP><VP><V syntax="H">uôm</V><NP><N syntax="H">oạp</N></NP></VP></VP></S></S></SENTENCE></root>