<?xml version="1.0" ?><root><SENTENCE id="1"><S><VP><R>chẳng</R><V syntax="H">cần</V><VP><V syntax="H">biết</V><SBAR><S><NP syntax="SUB"><P syntax="H">mình</P></NP><VP><R>có thể</R><V syntax="H">yếu thế</V></VP></S></SBAR></VP><com>,</com><PP><E syntax="H">bởi vì</E><NP><M>mỗi</M><N syntax="H">châu chấu</N><N>voi</N></NP></PP></VP><com>,</com><S><AP><A syntax="H">to</A></AP><VP><V syntax="H">gấp</V><NP><L>mấy</L><N syntax="H">lần</N><V>châu chấu</V></NP></VP></S><com>,</com><C>nhưng</C><S><NP syntax="SUB"><P syntax="H">chúng tôi</P></NP><VP><R>cứ</R><V syntax="H">lăn xả</V><R>vào</R><VP><V>vây</V><V syntax="H">đánh</V></VP></VP></S></S></SENTENCE></root>