<?xml version="1.0" ?><root><SENTENCE id="1"><S><NP syntax="SUB"><NP><M>một</M><N syntax="H">cụ</N><N>châu chấu</N></NP><com>,</com><NP><M>một</M><N syntax="H">cụ</N><AP><A syntax="H">bọ ngựa</A></AP></NP><com>,</com><NP><M>một</M><N syntax="H">cụ</N><AP><A syntax="H">cành cạch</A></AP></NP><com>,</com><NP><M>một</M><N syntax="H">cụ</N><AP><A syntax="H">cào cào</A></AP></NP><com>,</com><NP><M>một</M><N syntax="H">cụ</N><A>niềng niễng</A></NP></NP></S></SENTENCE></root>