<?xml version="1.0" ?><root><SENTENCE id="1"><S><VP><R>mới</R><V syntax="H">có</V><SBAR><S><NP syntax="SUB"><N syntax="H">cậu</N></NP><VP><VP><V syntax="H">ễnh ương</V></VP><com>,</com><VP><V syntax="H">căng</V><NP><N syntax="H">mép</N></NP></VP><VP><V syntax="H">phình</V><NP><N syntax="H">bụng</N></NP></VP><com>,</com><VP><R>chỉ</R><V syntax="H">nói</V><NP><M>một</M><N syntax="H">câu</N><AP><A>bình thường</A><AP><R>cũng</R><R>đã</R><A syntax="H">váng</A><NP><N syntax="H">tai</N><NP><P>cả</P><N syntax="H">xung quanh</N></NP></NP><T>rồi</T></AP></AP></NP></VP></VP></S></SBAR></VP></S></SENTENCE></root>