<?xml version="1.0" ?><root><SENTENCE id="1"><S><NP syntax="SUB"><N syntax="H">cánh</N><N>anh em</N><NP><N syntax="H">nhà</N><V>niềng niễng</V></NP></NP><com>,</com><C>thì</C><VP><VP><V syntax="H">lặn</V><R>xuống</R><NP><N syntax="H">bùn</N></NP></VP><VP><V syntax="H">nằm</V><PP><E syntax="H">với</E><NP><L>các</L><N syntax="H">anh</N><NP><NP><N syntax="H">gọng</N><N>vó</N></NP><com>,</com><NP><N syntax="H">bên cạnh</N></NP><NP><L>những</L><N syntax="H">cua</N><NP><L>những</L><N syntax="H">ếch</N></NP></NP></NP></NP></PP></VP><com>,</com><VP><V syntax="H">lo</V><A>rét</A></VP></VP><com>,</com><NP syntax="SUB"><N syntax="H">đương</N><A>vội vã</A></NP><VP><V syntax="H">đắp</V><NP><L>những</L><Nc syntax="H">cái</Nc><C>mà</C><AP><A>lô nhô</A><NP><N syntax="H">quanh</N><NP><N syntax="H">bờ</N><NP><L>các</L><N syntax="H">đầm</N><N>ao</N></NP></NP></NP></AP></NP></VP></S></SENTENCE></root>