<?xml version="1.0" ?><root><SENTENCE id="1"><S><S><PP><E syntax="H">đến</E><NP><N syntax="H">khi</N><SBAR><S><NP syntax="SUB"><NP><P>cả</P><Nc syntax="H">bọn</Nc><N>cóc</N><com>,</com><N>ễnh ương</N></NP><com>,</com><NP><N syntax="H">nhái bén</N></NP><com>,</com><NP><N syntax="H">chẫu chàng</N></NP><com>,</com><NP><N syntax="H">rắn</N><V>mòng</V></NP></NP><com>,</com><VP><VP><V syntax="H">đồng thanh</V><VP><V syntax="H">cử</V><NP><N syntax="H">đại vương</N><NP><N syntax="H">ếch</N><N>cốm</N></NP></NP></VP></VP><com>,</com><VP><R>hãy</R><A>tạm</A><V syntax="H">rời</V><NP><N syntax="H">cái</N></NP><C>mà</C><NP><N syntax="H">ếch</N><N>mùa đông</N><PP><E syntax="H">ở</E><NP><N syntax="H">bờ</N><NP><N syntax="H">đầm</N><N>nước</N></NP></NP><C>và</C><NP><Nc syntax="H">cái</Nc><V>sập</V><N>gạch</N><AP><A syntax="H">kiên cố</A></AP><P>ấy</P></NP></PP></NP></VP><com>,</com><VP><V syntax="H">bước</V><V syntax="H">ra đi</V><A>trước</A></VP></VP></S></SBAR></NP></PP><com>,</com><NP syntax="SUB"><Nc syntax="H">bọn</Nc><P>họ</P></NP><VP><R>sẽ</R><V syntax="H">theo</V><NP><N syntax="H">sau</N><A>trợ chiến</A></NP></VP></S><com>,</com><C>thì</C><S><NP syntax="SUB"><N syntax="H">ếch</N><P>ta</P></NP><AP><AP syntax="H"><A>phồng</A><NP><N syntax="H">bụng</N></NP></AP><com>,</com><AP><AP syntax="H"><A>phồng</A><NP><N syntax="H">mép</N></NP></AP><com>,</com><AP><A>trố</A><NP><N syntax="H">mắt</N><V>quát</V></NP></AP></AP></AP></S></S></SENTENCE></root>