<?xml version="1.0" ?><root><SENTENCE id="1"><S><NP syntax="SUB"><N syntax="H">Nhân dịp</N><P>này</P></NP><com>,</com><NP syntax="SUB"><R>hàng</R><M>trăm</M><N syntax="H">chữ ký</N><VP><V syntax="H">ủng hộ</V><NP><N syntax="H">nạn nhân</N><VP><V syntax="H">điỗin</V><NP><Np syntax="H">Việt Nam</Np></NP></VP></NP></VP><com>,</com><SBAR><E syntax="H">của</E><S><NP syntax="SUB"><L>những</L><Nc syntax="H">người</Nc><Np>Pháp</Np></NP><VP><V>ưa chuộng</V><V syntax="H">hoà bình</V></VP></S></SBAR></NP><com>,</com><VP syntax="SUB"><R>đã</R><V syntax="H">được</V><VP><V syntax="H">tập hợp</V></VP></VP><dot>.</dot></S></SENTENCE></root>