<?xml version="1.0" ?><root><SENTENCE id="1"><S><S><NP syntax="SUB"><N syntax="H">Tỉnh</N><Np>Tiền Giang</Np></NP><VP><R>đã</R><V syntax="H">xuất</V><NP><M>300</M><M>triệu</M><Nu syntax="H">đồng</Nu><PP><E syntax="H">từ</E><NP><Np syntax="H">Quỹ</Np></NP></PP></NP><VP><V syntax="H">dự phòng</V><VP><VP><V>phòng chống</V><V syntax="H">thiên tai</V></VP><com>,</com><VP><V syntax="H">trợ giúp</V><NP><Np syntax="H">Lào Cai</Np></NP><NP><M>100</M><M>triệu</M><Nu syntax="H">đồng</Nu></NP></VP></VP></VP></VP></S><com>,</com><S><NP syntax="SUB"><Np syntax="H">Yên Bái</Np></NP><NP syntax="PRD"><M>100</M><M>triệu</M><Nu syntax="H">đồng</Nu></NP></S><com>,</com><S><NP syntax="SUB"><Np syntax="H">Phú Thọ</Np></NP><NP syntax="PRD"><M>50</M><M>triệu</M><Nu syntax="H">đồng</Nu></NP></S><com>,</com><C>và</C><S><NP syntax="SUB"><Np syntax="H">Trường Quân</Np><NP><N syntax="H">sự</N><NP><N syntax="H">ấp</N><Np>Bắc</Np><com>,</com><NP><Ny>(</Ny><NP><N syntax="H">tỉnh</N><Np>Yên Bái</Np></NP></NP><td1>)</td1></NP></NP></NP><com>,</com><NP><M>50</M><M>triệu</M><Nu syntax="H">đồng</Nu></NP></S><dot>.</dot></S></SENTENCE></root>