<?xml version="1.0" ?><root><SENTENCE id="1"><S><NP syntax="SUB"><N syntax="H">Chị</N></NP><VP><VP><R>còn</R><V syntax="H">tiết lộ</V></VP><com>,</com><VP><R>đang</R><V syntax="H">học</V></VP><PP><E syntax="H">để</E><VP><A>có thể</A><V syntax="H">tự</V><NP><NP><N syntax="H">tay</N><V>nấu</V></NP><com>,</com><NP><L>những</L><N syntax="H">món</N><N>Việt Nam</N><SBAR><S><NP syntax="SUB"><N syntax="H">chị</N></NP><VP><V syntax="H">ưa thích</V></VP></S></SBAR></NP></NP></VP></PP></VP><dot>.</dot></S></SENTENCE></root>