<?xml version="1.0" ?><root><SENTENCE id="1"><S><NP syntax="SUB"><Np syntax="H">Thân</Np></NP><VP><V syntax="H">nỏ</V><R>được</R><NP><N syntax="H">làm bằng</N><N>gỗ</N><VP><V syntax="H">nghiến</V></VP></NP><com>,</com><SBAR><E syntax="H">với</E><S><NP syntax="SUB"><N syntax="H">dạng</N></NP><VP><V syntax="H">thớ</V><A>mịn</A></VP><com>,</com><C>nhưng</C><AP><AP syntax="H"><A syntax="H">quánh</A></AP><com>,</com><AP><A syntax="H">dẻo</A></AP></AP></S></SBAR></VP><dot>.</dot></S></SENTENCE></root>