<?xml version="1.0" ?><root><SENTENCE id="1"><S><NP syntax="SUB"><N syntax="H">Bộ</N><N>công cụ</N></NP><com>,</com><VP syntax="SUB"><R>sẽ</R><V syntax="H">cung cấp</V><NP><NP><L>các</L><N syntax="H">thông tin</N><N>cơ sở</N></NP><com>,</com><NP><N syntax="H">ảnh</N></NP><com>,</com><NP><N syntax="H">ảnh</N><N>vệ tinh</N></NP><com>,</com><NP><N syntax="H">bản đồ</N></NP><com>,</com><NP><N syntax="H">tài liệu</N><VP><V>hướng dẫn</V><V syntax="H">tập huấn</V></VP></NP><com>,</com><PP><E syntax="H">bằng</E><NP><T>cả</T><NP><N syntax="H">tiếng</N><Np>Anh</Np></NP><C>và</C><NP><N syntax="H">tiếng</N><Np>Việt</Np></NP></NP></PP></NP></VP><dot>.</dot></S></SENTENCE></root>