<?xml version="1.0" ?><root><SENTENCE id="1"><S><S><NP syntax="SUB"><Np syntax="H">Việt Nam</Np></NP><VP><R>đang</R><V syntax="H">đứng</V><NP><N syntax="H">thứ</N><M>93</M></NP><PP><E syntax="H">trên</E><NP><N syntax="H">thế giới</N></NP></PP><com>,</com><PP><E syntax="H">về</E><VP><V syntax="H">tỷ lệ</V><NP><N syntax="H">người</N><VP><V syntax="H">sử dụng</V><NP><NP><N syntax="H">intẻnet</N></NP><com>,</com><NP><L>các</L><N syntax="H">dịch vụ</N><NP><N syntax="H">ứng dụng</N><A>intẻnet</A></NP></NP><com>,</com><NP><N syntax="H">chất lượng</N><A>cao</A></NP></NP></VP></NP></VP><VP><R>còn</R><V syntax="H">hạn chế</V></VP></PP></VP></S><com>,</com><C>và</C><S><NP syntax="SUB"><N syntax="H">tốc độ</N><VP><V syntax="H">truy cập</V><N>intẻnet</N></VP></NP><AP><R>còn</R><A syntax="H">thấp</A></AP></S><dot>.</dot></S></SENTENCE></root>