<?xml version="1.0" ?><root><SENTENCE id="1"><S><PP><E syntax="H">Mở cửa</E><NP><N syntax="H">phiên</N><VP><V syntax="H">giao dịch</V><NP><N syntax="H">sáng</N><P>nay</P></NP></VP></NP></PP><com>,</com><NP syntax="SUB"><N syntax="H">lệnh</N><V>bán</V></NP><VP><V syntax="H">tung</V><R>ra</R><AP><A syntax="H">ồ ạt</A></AP><com>,</com><PP><E syntax="H">trong</E><NP><N syntax="H">khi</N><SBAR><S><NP syntax="SUB"><N syntax="H">bên</N><N>mua</N></NP><AP><R>hầu như</R><A syntax="H">trống trơn</A></AP></S></SBAR></NP></PP></VP><dot>.</dot></S></SENTENCE></root>