<?xml version="1.0" ?><root><SENTENCE id="1"><S><PP><E syntax="H">Theo</E><NP><L>các</L><N syntax="H">nhà</N><N>khảo cổ</N></NP></PP><com>,</com><R>vốn</R><NP syntax="SUB"><P syntax="H">đây</P></NP><VP><VP><V syntax="H">là</V><NP><M>một</M><Nc syntax="H">ngôi</Nc><N>làng</N><AP><A syntax="H">cổ</A></AP><PP><E syntax="H">với</E><NP><A>nhiều</A><N syntax="H">cư dân</N><VP><V syntax="H">là</V><NP><Nc syntax="H">người</Nc><Np>Việt</Np><AP><A>cổ</A><A>quần cư</A></AP><com>,</com><VP><V syntax="H">toạ lạc</V><PP><E syntax="H">trên</E><NP><M>một</M><N syntax="H">giồng</N><N>cát</N><V>nổi</V></NP></PP></VP></NP></VP></NP></PP></NP></VP><com>,</com><VP><V syntax="H">thuộc</V><NP><M>một</M><N syntax="H">vùng</N><N>đầm</N><AP><A syntax="H">lầy</A></AP><VP><V syntax="H">duyên hải</V><A>rộng lớn</A></VP></NP></VP><com>,</com><VP><R>đã</R><V syntax="H">có</V><VP><V syntax="H">cách</V><NP><P>đây</P><NP><A>trên</A><M>2.500</M><N syntax="H">năm</N></NP></NP></VP></VP><com>,</com><VP><V syntax="H">tức là</V><NP><N syntax="H">thời kỳ</N><N>văn hoá</N><NP><N syntax="H">Tiền</N><NP><N syntax="H">óc</N><Np>Eo</Np></NP></NP></NP></VP><com>,</com><VP><V syntax="H">thuộc</V><VP><V syntax="H">hậu kỳ</V><NP><N syntax="H">đồ</N><N>đá</N></NP><PP><E syntax="H">đến</E><AP><A>sơ kỳ</A><NP><N syntax="H">đồ</N><N>sắt</N></NP></AP></PP></VP></VP></VP><dot>.</dot></S></SENTENCE></root>