<?xml version="1.0" ?><root><SENTENCE id="1"><S><VP><V syntax="H">ô nhiễm</V><NP><N syntax="H">không khí</N><PP><E syntax="H">do</E><VP><V syntax="H">khí thải</V><NP><N syntax="H">xe máy</N></NP><PP><E syntax="H">ở</E><NP><Np syntax="H">Hà Nội</Np></NP></PP></VP></PP><PP><E syntax="H">ở</E><NP><N syntax="H">mức</N><A>cao</A></NP></PP><com>,</com><VP><R>thường</R><V syntax="H">xảy ra</V><PP><E syntax="H">tại</E><NP><NP><L>các</L><N syntax="H">vị trí</N></NP><C>hay</C><VP><V syntax="H">có</V><VP><V syntax="H">ách tắc</V><NP><N syntax="H">giao thông</N></NP></VP></VP><com>,</com><C>như</C><NP><Np syntax="H">Ngã Tư Sở</Np><com>,</com><Np>Ngã Tư Vọng</Np><com>,</com><Np>Kim Liên</Np></NP></NP></PP></VP></NP></VP><dot>.</dot></S></SENTENCE></root>