<?xml version="1.0" ?><root><SENTENCE id="1"><S><PP><E syntax="H">Sau</E><NP><N syntax="H">liều</N><VP><V syntax="H">tiêm</V><N>thứ hai</N><NP><M>10</M><N syntax="H">ngày</N></NP></VP></NP></PP><com>,</com><NP syntax="SUB"><L>các</L><N syntax="H">nhà nghiên cứu</N></NP><VP><R>đã</R><V syntax="H">lấy</V><NP><N syntax="H">mẫu</N><PP><E syntax="H">của</E><NP><P syntax="H">tất cả</P></NP></PP></NP><VP><V syntax="H">súc vật</V><com>,</com><PP><E syntax="H">để</E><VP><V syntax="H">xác định</V><NP><NP><N syntax="H">kháng thể</N><NP><N syntax="H">kháng</N><Np>Hát</Np><eds>-</eds><Ny>A-H</Ny></NP></NP><com>,</com><PP><E syntax="H">bằng</E><NP><N syntax="H">phương pháp</N><VP><V syntax="H">ức chế</V><VP><V syntax="H">ngưng</V><VP><V syntax="H">kết</V><NP><N syntax="H">hồng cầu</N></NP></VP></VP></VP></NP><com>,</com><NP><Ny>(</Ny><Np>Hát</Np><eds>-</eds><NP><Ny syntax="H">I</Ny><eds>-</eds><Ny>U</Ny></NP></NP></PP></NP></VP></PP></VP></VP><dot>.</dot><RBKT>)</RBKT></S></SENTENCE></root>