<?xml version="1.0" ?><root><SENTENCE id="1"><S><NP syntax="SUB"><N syntax="H">Ban</N><NP><N syntax="H">tổ chức</N><V>hoạt động</V><P>này</P></NP></NP><com>,</com><VP syntax="SUB"><V syntax="H">gồm</V><NP><N syntax="H">Bộ</N><NP><Np>Văn</Np><N>hoá</N></NP><com>,</com><NP><N syntax="H">Thể thao</N><com>,</com><N>Du lịch</N></NP></NP></VP><com>,</com><C>và</C><S><NP syntax="SUB"><N syntax="H">công ty</N></NP><VP><V syntax="H">Toyota Việt Nam</V><VP><V syntax="H">cho biết</V></VP></VP></S><com>,</com><S><NP syntax="SUB"><L>toàn bộ</L><N syntax="H">số</N><N>tiền</N></NP><VP><V syntax="H">bán</V><NP><N syntax="H">vé</N><NP><N syntax="H">đêm</N><N>nhạc</N></NP></NP></VP></S><com>,</com><C>và</C><S><NP syntax="SUB"><N syntax="H">tiền</N><N>khán giả</N></NP><VP><V syntax="H">ủng hộ</V><PP><E syntax="H">trong</E><NP><N syntax="H">đêm</N><VP><V syntax="H">diễn</V></VP><com>,</com><VP><V syntax="H">được</V><VP><V syntax="H">trao tặng</V><PP><E syntax="H">cho</E><NP><L>các</L><N syntax="H">gia đình</N><N>nạn nhân</N></NP></PP></VP></VP><com>,</com><VP><V syntax="H">bị</V><SBAR><S><NP syntax="SUB"><N syntax="H">ảnh hưởng</N><N>bão</N></NP><VP><V syntax="H">lụt</V></VP></S></SBAR></VP><com>,</com><PP><E syntax="H">của</E><NP><M>3</M><N syntax="H">tỉnh</N><NP><Np syntax="H">Thanh Hoá</Np><com>,</com><Np>Hà Tĩnh</Np><com>,</com><Np>Quảng Bình</Np></NP></NP></PP></NP></PP></VP></S><dot>.</dot></S></SENTENCE></root>