<?xml version="1.0" ?><root><SENTENCE id="1"><S><PP><E syntax="H">Về</E><NP><N syntax="H">phía</N><Np>Việt Nam</Np></NP></PP><com>,</com><NP syntax="SUB"><N syntax="H">Thứ trưởng</N><N>Văn hoá</N><NP><N syntax="H">Thông tin</N><Np>Lê Tiến Thọ</Np></NP></NP><com>,</com><VP syntax="SUB"><R>đã</R><V syntax="H">giới thiệu</V><VP><V syntax="H">đường lối</V><VP><V syntax="H">đổi mới</V><PP><E syntax="H">trên</E><NP><N syntax="H">lĩnh vực</N><N>văn hoá</N></NP></PP></VP></VP></VP><com>,</com><S><PP syntax="SUB"><E syntax="H">trong</E><NP><P syntax="H">đó</P></NP></PP><UCP><AP><A syntax="H">khẳng định</A></AP><com>,</com><VP><VP><V syntax="H">ổn định</V><NP><N syntax="H">chính trị</N></NP></VP><com>,</com><VP><V syntax="H">tăng trưởng</V><NP><N syntax="H">kinh tế</N><C>và</C><N syntax="H">văn hoá</N><AP><A syntax="H">bền vững</A></AP></NP></VP><com>,</com><VP><V syntax="H">là</V><NP><N syntax="H">nhân tố</N><AP><A syntax="H">quan trọng</A></AP><PP><E syntax="H">cho</E><NP><N syntax="H">sự</N><V>phát triển</V><AP><A syntax="H">toàn diện</A></AP><PP><E syntax="H">của</E><NP><Np syntax="H">Việt Nam</Np></NP></PP></NP></PP></NP></VP></VP></UCP></S><dot>.</dot></S></SENTENCE></root>