<?xml version="1.0" ?><root><SENTENCE id="1"><S><PP><E syntax="H">Trong</E><NP><M>một</M><N syntax="H">đề án</N><PP><E syntax="H">về</E><NP><N syntax="H">chiến lược</N><VP><V syntax="H">đảm bảo</V><NP><N syntax="H">an ninh</N><N>lương thực</N></NP></VP></NP></PP><com>,</com><VP><V syntax="H">dự kiến</V><VP><R>sẽ</R><V syntax="H">hoàn thành</V><PP><E syntax="H">vào</E><NP><N syntax="H">tháng</N><M>8</M><NP><N syntax="H">năm</N><P>nay</P></NP></NP></PP></VP></VP></NP></PP><com>,</com><NP syntax="SUB"><N syntax="H">Bộ</N></NP><VP><VP><V syntax="H">Nông</V><NP><N syntax="H">nghiệp</N></NP></VP><C>và</C><VP><VP><V syntax="H">Phát triển</V><NP><NP><N syntax="H">Nông thôn</N><V>nhấn mạnh</V></NP><com>,</com><NP><N syntax="H">mục tiêu</N><N>trước hết</N></NP></NP></VP><C>là</C><VP><V syntax="H">đảm bảo</V><NP><N syntax="H">diện tích</N><N>lúa</N></NP></VP><com>,</com><XP><X>ít nhất</X><PP><E syntax="H">ở</E><NP><N syntax="H">mức</N><M>3,8</M><NP><T>đến</T><M>4</M><M>triệu</M><Nu syntax="H">héc</Nu><eds>-</eds><NP><P syntax="H">ta</P></NP></NP></NP></PP></XP></VP></VP><dot>.</dot></S></SENTENCE></root>