<?xml version="1.0" ?><root><SENTENCE id="1"><S><S><PP><E syntax="H">Trong</E><NP><N syntax="H">khi</N><P>đó</P></NP></PP><com>,</com><NP syntax="SUB"><Np syntax="H">Iran</Np></NP><VP><R>đã</R><V syntax="H">cảnh báo</V><R>rằng</R></VP></S><com>,</com><S><NP syntax="SUB"><P syntax="H">họ</P></NP><VP><R>sẽ</R><V syntax="H">coi</V><R>bất kỳ</R><NP><N syntax="H">âm mưu</N><P>nào</P></NP><PP><E syntax="H">nhằm</E><VP><V syntax="H">cản trở</V><NP><N syntax="H">chương trình</N><V>hạt nhân</V><PP><E syntax="H">của</E><NP><Np syntax="H">Iran</Np></NP></PP><SBAR><C>là</C><S><quo>"</quo><VP syntax="SUB"><V syntax="H">hành động</V></VP><com>,</com><AP><A syntax="H">thù địch</A></AP></S></SBAR></NP></VP></PP></VP></S><dot>.</dot><quo>"</quo></S></SENTENCE></root>