<?xml version="1.0" ?><root><SENTENCE id="1"><S><PP><E syntax="H">đến</E><VP><V syntax="H">dự</V><NP><N syntax="H">buổi</N><VP><V syntax="H">tiếp</V><NP><N syntax="H">khách</N></NP></VP></NP></VP></PP><com syntax="SUB">,</com><VP syntax="SUB"><R>còn</R><V syntax="H">có</V><NP><N syntax="H">đại diện</N><Np>đảng</Np><PP><E syntax="H">của</E><NP><L>Những</L><N syntax="H">người</N><A>Cộng sản</A><Np>Italia</Np></NP></PP></NP></VP><com>,</com><NP syntax="SUB"><N syntax="H">đảng Cộng</N><N>sản</N><NP><Np syntax="H">Tái lập</Np></NP><com>,</com><NP><N syntax="H">đại diện</N><NP><L>một số</L><N syntax="H">tổ chức</N><A>hữu nghị</A><PP><E syntax="H">với</E><NP><Np syntax="H">Việt Nam</Np></NP></PP></NP></NP></NP><com>,</com><AP><A>cùng</A><NP syntax="SUB"><A>nhiều</A><N syntax="H">bạn bè</N><Np>Italia</Np></NP><VP><V syntax="H">gắn bó</V><PP><E syntax="H">với</E><NP><Np syntax="H">Việt Nam</Np></NP></PP><PP><E syntax="H">từ</E><NP><L>nhiều</L><N syntax="H">năm</N><P>nay</P></NP></PP></VP></AP><dot>.</dot></S></SENTENCE></root>