<?xml version="1.0" ?><root><SENTENCE id="1"><S><NP syntax="SUB"><L>Các</L><N syntax="H">dự án</N><P>này</P></NP><VP><VP><VP><V syntax="H">bao gồm</V></VP><com>,</com><VP><V>hợp tác</V><V syntax="H">xúc tiến</V></VP><VP><V syntax="H">quảng bá</V><NP><N syntax="H">du lịch</N></NP></VP></VP><com>,</com><VP><V syntax="H">trao đổi</V><NP><N syntax="H">thông tin</N></NP><R>về</R><VP><V syntax="H">xử lý</V></VP></VP><com>,</com><VP><V syntax="H">ứng phó</V><PP><E syntax="H">với</E><NP><NP><L>những</L><N syntax="H">biến cố</N></NP><com>,</com><N syntax="H">khủng hoảng</N><VP><V syntax="H">ảnh hưởng</V><PP><E syntax="H">tới</E><NP><N syntax="H">du lịch</N></NP></PP></VP></NP></PP></VP><com>,</com><VP><V syntax="H">thúc đẩy</V><NP><N syntax="H">du lịch</N><N>thanh niên</N></NP></VP><com>,</com><VP><V syntax="H">nâng</V><A>cao</A><NP><N syntax="H">chất lượng</N><N>dịch vụ</N></NP></VP><com>,</com><VP><V syntax="H">phát triển</V><NP><N>nguồn</N><N>nhân lực</N><V>du lịch</V></NP></VP></VP><dot>.</dot></S></SENTENCE></root>