<?xml version="1.0" ?><root><SENTENCE id="1"><S><NP syntax="SUB"><P syntax="H">Họ</P></NP><VP><VP><V syntax="H">nhấn mạnh</V></VP><com>,</com><C>dù</C><VP><V syntax="H">uống</V><QP><M syntax="H">1</M><E>đến</E><M syntax="H">2</M><NP><N syntax="H">ly</N><VP><V syntax="H">vang</V><A>đỏ</A></VP></NP><fos>/</fos><NP><N syntax="H">ngày</N></NP></QP></VP></VP><com>,</com><NP syntax="SUB"><L>những</L><N syntax="H">người</N><VP><V syntax="H">nghiện</V><NP><N syntax="H">thuốc lá</N></NP></VP><VP><R>vẫn</R><V syntax="H">phải</V><VP><V syntax="H">đối mặt</V><PP><E syntax="H">với</E><NP><N syntax="H">nguy cơ</N><AP><A>cao</A><R>hơn</R></AP></NP></PP></VP></VP></NP><com>,</com><VP syntax="SUB"><V syntax="H">so</V><PP><E syntax="H">với</E><NP><L>những</L><N syntax="H">người</N><VP><R>không</R><V syntax="H">hút</V></VP></NP></PP></VP><dot>.</dot></S></SENTENCE></root>