<?xml version="1.0" ?><root><SENTENCE id="1"><S><VP><R>Iran</R><V syntax="H">cho biết</V></VP><com>,</com><NP syntax="SUB"><N syntax="H">nước</N><P>này</P></NP><AP><R>đã</R><A syntax="H">có thể</A><VP><V syntax="H">làm giàu</V><NP><Nb syntax="H">ủani</Nb></NP><PP><E syntax="H">ở</E><NP><N syntax="H">quy mô</N><N>công nghiệp</N></NP></PP></VP></AP><com>,</com><C>nhưng</C><VP><R>không</R><V syntax="H">tiết lộ</V></VP><com>,</com><S><NP syntax="SUB"><P syntax="H">họ</P></NP><VP><R>đã</R><V syntax="H">lắp đặt</V><R>được</R><NP><L>bao nhiêu</L><N syntax="H">máy</N><N>ly tâm</N><PP><E syntax="H">tại</E><NP><N syntax="H">nhà</N><N>máy nói</N><NP><N syntax="H">trên</N></NP></NP></PP></NP></VP></S><dot>.</dot></S></SENTENCE></root>