<?xml version="1.0" ?><root><SENTENCE id="1"><S><PP><E syntax="H">Theo</E><NP><N syntax="H">nhận định</N><PP><E syntax="H">của</E><NP><N syntax="H">Cục</N><N>Thú</N><P>y</P></NP></PP></NP></PP><com>,</com><NP syntax="SUB"><N syntax="H">nguy cơ</N><NP><N syntax="H">dịch</N><N>cúm gia cầm</N></NP></NP><VP><V syntax="H">tiếp tục</V><VP><V syntax="H">phát sinh</V><PP><E syntax="H">tại</E><NP><L>các</L><N syntax="H">tỉnh</N><A>khác</A><PP><E syntax="H">trong</E><NP><N syntax="H">khu vực</N><P>này</P></NP></PP></NP></PP><AP><R>rất</R><A syntax="H">cao</A></AP><com>,</com><PP><E syntax="H">do</E><NP><N syntax="H">công tác</N><V>quản lý</V><com>,</com><NP><N syntax="H">ấp</N><V>nở</V></NP><com>,</com><VP><V syntax="H">nuôi</V><AP><R>mới</R><A syntax="H">thuỷ cầm</A><PP><E syntax="H">tại</E><NP><A>nhiều</A><N syntax="H">địa phương</N></NP></PP><C>còn</C><AP syntax="H"><A syntax="H">lỏng lẻo</A></AP></AP></VP><com>,</com><VP><V syntax="H">công tác</V><VP><V syntax="H">tiêm</V><NP><N syntax="H">phòng</N><V>bổ sung</V></NP><PP><E syntax="H">cho</E><NP><Nc syntax="H">đàn</Nc><N>vịt</N><N>thời vụ</N><VP><R>không</R><V syntax="H">được</V><V syntax="H">đảm bảo</V></VP></NP></PP></VP></VP></NP></PP></VP></VP><dot>.</dot></S></SENTENCE></root>