<?xml version="1.0" ?><root><SENTENCE id="1"><S><S><C>Mặc dù</C><com syntax="SUB">,</com><VP><V syntax="H">ủng hộ</V><NP><N syntax="H">quyền</N><PP><E syntax="H">của</E><NP><Np syntax="H">Iran</Np></NP></PP></NP><PP><E syntax="H">đối với</E><NP><N syntax="H">chương trình</N><V>hạt nhân</V></NP></PP></VP></S><com>,</com><C>nhưng</C><S><NP syntax="SUB"><Np syntax="H">Trung Quốc</Np></NP><VP><R>vẫn</R><A>bỏ phiếu</A><V syntax="H">ủng hộ</V><NP><N syntax="H">nghị quyết</N><VP><V syntax="H">trừng phạt</V><NP><Np syntax="H">Iran</Np></NP></VP></NP></VP></S><dot>.</dot></S></SENTENCE></root>