<?xml version="1.0" ?><root><SENTENCE id="1"><S><S><PP><E syntax="H">Theo</E><NP><N syntax="H">Thứ</N><N>trưởng</N><NP><Np syntax="H">Bộ</Np><Np>Công</Np></NP></NP></PP><NP syntax="SUB"><N syntax="H">nghiệp</N></NP><AP><A syntax="H">đỗ Hữu Hào</A></AP></S><com>,</com><S><NP syntax="SUB"><N syntax="H">nhu cầu</N><N>vốn</N></NP><VP><V syntax="H">đầu tư</V><PP><E syntax="H">cho</E><VP><V syntax="H">phát triển</V><NP><N syntax="H">công nghiệp</N><PP><E syntax="H">của</E><NP><P>toàn</P><N syntax="H">vùng</N><Np>Tây Bắc</Np></NP></PP></NP></VP></PP></VP></S><com>,</com><S><PP><E syntax="H">đến</E><NP><N syntax="H">năm</N><M>2010</M></NP></PP><com syntax="SUB">,</com><VP><V syntax="H">là</V><NP><A>trên</A><M>34.000</M><N syntax="H">tỷ</N><Nu>đồng</Nu></NP></VP></S><dot>.</dot></S></SENTENCE></root>