<?xml version="1.0" ?><root><SENTENCE id="1"><S><PP><E syntax="H">Trước</E><NP><P syntax="H">đó</P></NP></PP><com>,</com><PP><E syntax="H">vào</E><NP><N syntax="H">tháng</N><M>2</M><NP><N syntax="H">năm</N><M>2002</M></NP></NP></PP><com>,</com><NP syntax="SUB"><L>các</L><N syntax="H">nhà khoa học</N><VP><V syntax="H">thuộc</V><NP><N syntax="H">Trung tâm</N><N>Tài nguyên</N><C>và</C><Np>Môi trường</Np><com>,</com><Np>Viện</Np></NP></VP></NP><VP><VP><V syntax="H">điều tra</V><V syntax="H">quy hoạch</V><NP><N syntax="H">rừng</N><Np>Việt Nam</Np></NP></VP><com>,</com><VP><R>đã</R><V syntax="H">tìm</V><V>thấy</V><NP><NP><NP><N syntax="H">loài</N><N>cây</N><P>này</P><VP><V syntax="H">phân bố</V><PP><E syntax="H">ở</E><NP><L>các</L><N syntax="H">vườn quốc gia</N></NP></PP></VP></NP><com>,</com><C>và</C><NP><N syntax="H">khu</N><V>bảo tồn</V><NP><N syntax="H">thiên nhiên</N><NP><Np syntax="H">Ngọc Linh</Np><com>,</com><Np>Kon Hà Nừng</Np></NP></NP><com>,</com><NP><Ny>(</Ny><NP><N syntax="H">tỉnh</N><Np>Kon Tum</Np></NP></NP></NP><td1>)</td1></NP><C>và</C><NP><Np syntax="H">Kon Ka Kinh</Np></NP><com>,</com><NP><Ny>(</Ny><Np>Gia Lai</Np></NP></NP></VP></VP><dot>.</dot><RBKT>)</RBKT></S></SENTENCE></root>