<?xml version="1.0" ?><root><SENTENCE id="1"><S><PP><E syntax="H">Trong</E><NP><N syntax="H">số</N><N>tiền</N><N>trên</N></NP></PP><com>,</com><NP syntax="SUB"><A>hơn</A><M>10</M><N syntax="H">tỷ</N><N>đồng</N><SBAR><E syntax="H">do</E><S><NP syntax="SUB"><M>246</M><N syntax="H">tổ chức</N><com>,</com><N>cá nhân</N><PP><E syntax="H">trong</E><C>và</C><E syntax="H">ngoài</E><NP><N syntax="H">tỉnh</N></NP></PP></NP><VP><V syntax="H">ủng hộ</V></VP></S></SBAR></NP><com>,</com><NP syntax="SUB"><N syntax="H">số</N></NP><VP><V syntax="H">còn</V><R>lại</R><PP><E syntax="H">do</E><NP><N syntax="H">Trung ương</N><V>hỗ trợ</V></NP></PP></VP><dot>.</dot></S></SENTENCE></root>