<?xml version="1.0" ?><root><SENTENCE id="1"><S><PP><E syntax="H">Sau</E><NP><A>hơn</A><M>20</M><N syntax="H">năm</N><VP><VP><V syntax="H">mở cửa</V><NP><N syntax="H">kinh tế</N></NP></VP><C>và</C><VP><V>tiếp nhận</V><V syntax="H">đầu tư</V></VP><NP><N syntax="H">nước ngoài</N></NP></VP></NP></PP><com>,</com><S><NP><Np syntax="H">Việt Nam</Np></NP><NP syntax="SUB"><N syntax="H">hiện</N></NP><VP><R>mới</R><V syntax="H">bắt đầu</V><VP><V syntax="H">hình thành</V><NP><M>một</M><N syntax="H">đội ngũ</N><A>ít ỏi</A><NP><L>các</L><N syntax="H">nhà</N><V>quản lý</V></NP></NP></VP></VP></S><com>,</com><S><PP><E syntax="H">trong</E><NP><L>các</L><N syntax="H">doanh nghiệp</N><V>FDI</V></NP></PP><com>,</com><NP syntax="SUB"><L>những</L><N syntax="H">người</N></NP><VP><V syntax="H">tích lũy</V><R>được</R><NP><NP><A>nhiều</A><N syntax="H">kiến thức</N></NP><C>và</C><NP><N syntax="H">kinh nghiệm</N><A>thực tế</A></NP></NP></VP></S><dot>.</dot></S></SENTENCE></root>