<?xml version="1.0" ?><root><SENTENCE id="1"><S><S><NP syntax="SUB"><N syntax="H">Mô hình</N><P>này</P></NP><VP><R>sẽ</R><V syntax="H">áp dụng</V><VP><V syntax="H">thí điểm</V><PP><E syntax="H">tại</E><NP><N syntax="H">cảng</N><N>Cái</N><Np>Mép</Np><com>,</com><Np>Thị Vải</Np></NP></PP></VP></VP></S><com>,</com><C>và</C><S><NP syntax="SUB"><N syntax="H">sau</N><P>đó</P></NP><VP><R>sẽ</R><V syntax="H">ứng dụng</V><AP><A syntax="H">rộng rãi</A></AP><PP><E syntax="H">tại</E><NP><L>các</L><N syntax="H">cảng</N><N>biển</N><A>khác</A></NP></PP></VP></S><dot>.</dot></S></SENTENCE></root>