<?xml version="1.0" ?><root><SENTENCE id="1"><S><NP syntax="SUB"><Ny>﻿</Ny><Np>Tỷ lệ</Np><P>này</P></NP><AP><A>thấp</A><A>hơn</A><AP><R>rất</R><A syntax="H">nhiều</A></AP></AP><VP syntax="SUB"><VP><V syntax="H">so</V><PP><E syntax="H">với</E><NP><N syntax="H">dự kiến</N></NP></PP></VP><com>,</com><C>và</C><VP><V syntax="H">so</V><PP><E syntax="H">với</E><NP><N syntax="H">tỷ lệ</N><A>ảo</A></NP></PP></VP><com>,</com><VP><R>thường</R><V syntax="H">được</V><NP><L>các</L><N syntax="H">trường</N><V>trừ hao</V><VP><V syntax="H">là</V><NP><N syntax="H">khoảng</N><M>30%</M></NP></VP></NP></VP></VP><dot>.</dot></S></SENTENCE></root>