<?xml version="1.0" ?><root><SENTENCE id="1"><S><NP syntax="SUB"><Nc syntax="H">ông</Nc><Np>Hồ Anh Tuấn</Np><com>,</com><NP><S>Phó</S><N syntax="H">ban</N><NP><N syntax="H">Thường trực</N><NP><N syntax="H">Ban</N><Np>Quản</Np></NP></NP><NP><N syntax="H">lý</N><Np>Khu Kinh</Np></NP></NP></NP><VP><VP><V syntax="H">tế</V><NP><Np syntax="H">Vũng áng</Np><com>,</com><Np>Hà Tĩnh</Np></NP></VP><com>,</com><VP><V syntax="H">cho biết</V><NP><N syntax="H">thông tin</N><P>này</P></NP></VP></VP><dot>.</dot></S></SENTENCE></root>