<?xml version="1.0" ?><root><SENTENCE id="1"><S><NP syntax="SUB"><N syntax="H">Cuộc</N><V>bầu cử</V><NP><N syntax="H">Quốc hội</N><Np>Campuchia</Np></NP></NP><VP><VP><V syntax="H">được</V><V syntax="H">tổ chức</V><PP><E syntax="H">trong</E><NP><N syntax="H">tháng</N><M>8</M></NP></PP><NP><N syntax="H">năm</N><M>2008</M></NP></VP><com>,</com><VP><R>đã</R><R>không</R><V syntax="H">gây</V><NP><R>bất cứ</R><N syntax="H">ảnh hưởng</N><P>nào</P></NP><PP><E syntax="H">đến</E><NP><N syntax="H">nền</N><N>kinh tế</N></NP><com>,</com><C>mà còn</C><VP><V syntax="H">là</V><NP><M>một</M><N syntax="H">động lực</N><VP><V syntax="H">thúc đẩy</V><NP><Nc syntax="H">sự</Nc><V>phát triển</V></NP><NP><N syntax="H">kinh tế</N><PP><E syntax="H">trong</E><NP><N syntax="H">thời gian</N></NP></PP><NP><N syntax="H">cuối</N><N>năm</N></NP></NP></VP></NP></VP></PP></VP></VP><dot>.</dot></S></SENTENCE></root>