<?xml version="1.0" ?><root><SENTENCE id="1"><S><S><NP syntax="SUB"><N syntax="H">Kế hoạch</N><P>này</P><PP><E syntax="H">của</E><NP><N syntax="H">Thành phố</N></NP></PP><com>,</com><VP><V syntax="H">nhằm</V><NP><N syntax="H">mục tiêu</N><VP><V syntax="H">giảm</V><A>ít nhất</A><NP><M>7,7%</M><N syntax="H">số</N><N>vụ</N><NP><N syntax="H">tai nạn</N><N>giao thông</N></NP></NP></VP></NP></VP></NP><com>,</com><VP syntax="SUB"><V syntax="H">giảm</V><SBAR><S><NP syntax="SUB"><M>3%</M><N syntax="H">số</N><N>người</N></NP><VP><V syntax="H">chết</V></VP></S></SBAR></VP><com>,</com><NP syntax="SUB"><M>10%</M><N syntax="H">số</N><N>người</N></NP><VP><V syntax="H">bị thương</V></VP></S><com>,</com><C>và</C><NP syntax="SUB"><M>15%</M><N syntax="H">số</N><N>điểm</N><VP><V syntax="H">ùn tắc</V><NP><N syntax="H">giao thông</N></NP></VP></NP><dot>.</dot></S></SENTENCE></root>