<?xml version="1.0" ?><root><SENTENCE id="1"><S><S><NP syntax="SUB"><N syntax="H">ông</N></NP><VP><V syntax="H">nhấn mạnh</V></VP><com>,</com><NP syntax="SUB"><N syntax="H">ông</N></NP><quo>"</quo><VP><R>không bao giờ</R><V syntax="H">ủng hộ</V><SBAR><S><NP syntax="SUB"><Np syntax="H">Mỹ</Np></NP><VP><V syntax="H">tiến hành</V><NP><N syntax="H">cuộc chiến</N><VP><V syntax="H">xâm lược</V><VP><V syntax="H">i</V><eds>-</eds><V syntax="H">rắc</V></VP></VP></NP></VP></S></SBAR></VP></S><com>,</com><C>và</C><S><NP><N syntax="H">quan điểm</N><PP><E syntax="H">của</E><NP><N syntax="H">ông</N></NP></PP></NP><PP><E syntax="H">cho đến</E><NP><P syntax="H">nay</P></NP></PP><VP><R>vẫn</R><R>không</R><V syntax="H">thay đổi</V></VP></S><dot>.</dot><quo>"</quo></S></SENTENCE></root>