<?xml version="1.0" ?><root><SENTENCE id="1"><S><S><NP syntax="SUB"><Nc syntax="H">Bà</Nc><Np>Trần Diệu Phương</Np><com>,</com><NP><N syntax="H">Phó Tổng</N><N>giám đốc</N><NP><Np syntax="H">Ai-bi-em</Np><Np>Việt Nam</Np></NP></NP></NP><VP><V syntax="H">cho biết</V></VP></S><com>,</com><S><PP><E syntax="H">với</E><NP><A>hơn</A><M>1.000</M><N syntax="H">đại lý</N><VP><V syntax="H">phân phối</V><PP><E syntax="H">trên</E><NP><N syntax="H">toàn quốc</N></NP></PP></VP><SBAR><E syntax="H">của</E><S><NP syntax="SUB"><N syntax="H">én</N><Np>Sa Yến Sa</Np><com>,</com><NP><Np syntax="H">Ai-bi-em</Np></NP></NP><VP><V syntax="H">tin tưởng</V><NP><N syntax="H">khách hàng</N></NP></VP></S></SBAR></NP></PP><VP><R>sẽ</R><V syntax="H">có</V><NP><A>nhiều</A><N syntax="H">cơ hội</N><PP><E syntax="H">để</E><VP><A>dễ dàng</A><V syntax="H">tiếp cận</V><PP><E syntax="H">với</E><NP><L>các</L><N syntax="H">sản phẩm</N><PP><E syntax="H">của</E><NP><Np syntax="H">Ai-bi-em</Np></NP></PP></NP></PP></VP></PP></NP></VP></S><dot>.</dot></S></SENTENCE></root>