<?xml version="1.0" ?><root><SENTENCE id="1"><S><VP><V syntax="H">Kết thúc</V><NP><N syntax="H">vòng loại</N><Np>Olympic Bắc Kinh</Np><com>,</com><NP><N syntax="H">đội tuyển</N><NP><N syntax="H">nữ</N><Np>Việt Nam</Np><VP><V syntax="H">đứng</V><A>cuối</A><NP><N syntax="H">bảng</N><Ny>A-H</Ny></NP></VP></NP></NP></NP></VP><com>,</com><PP><E syntax="H">với</E><NP><M>3</M><N syntax="H">điểm</N></NP></PP><com>,</com><NP syntax="SUB"><Ny>(</Ny></NP><VP><V syntax="H">nhờ</V><NP><N syntax="H">trận</N><V>thắng</V><AP><A syntax="H">duy nhất</A></AP><PP><E syntax="H">trước</E><NP><Np syntax="H">Thái Lan</Np></NP></PP></NP><VP><V syntax="H">tại trận</V><NP><N syntax="H">lượt đi</N></NP><PP><E syntax="H">trên</E><NP><N syntax="H">sân nhà</N></NP></PP></VP></VP><dot>.</dot><RBKT>)</RBKT></S></SENTENCE></root>