<?xml version="1.0" ?><root><SENTENCE id="1"><S><S><NP syntax="SUB"><L>Các</L><N syntax="H">nhà nghiên cứu</N></NP><VP><V syntax="H">cho biết</V></VP></S><com>,</com><S><PP><E syntax="H">trong</E><NP><N syntax="H">số</N><NP><L>các</L><N syntax="H">đặc tính</N><A>mới</A><SBAR><E syntax="H">của</E><S><NP syntax="SUB"><N syntax="H">vỉút</N><Np>H5</Np></NP><VP><V syntax="H">en-nờ</V><M>một</M></VP></S></SBAR></NP></NP></PP><com syntax="SUB">,</com><VP><R>đáng</R><V syntax="H">chú ý</V></VP></S><C>là</C><S><NP syntax="SUB"><P syntax="H">chúng</P></NP><VP><V syntax="H">có</V><NP><N syntax="H">khả năng</N><VP><V syntax="H">đề kháng</V><A>mạnh</A><R>hơn</R><PP><E syntax="H">đối với</E><NP><N syntax="H">vắcxin</N><N>tiêm chủng</N></NP></PP></VP></NP></VP></S><com>,</com><C>và</C><VP><R>dễ</R><V syntax="H">ảnh hưởng</V><A>hơn</A><R>tới</R><NP><N syntax="H">con người</N></NP></VP><dot>.</dot></S></SENTENCE></root>