<?xml version="1.0" ?><root><SENTENCE id="1"><S><PP><R>Cũng</R><E syntax="H">trong</E><NP><N syntax="H">năm</N><V>qua</V></NP></PP><com>,</com><NP syntax="SUB"><N syntax="H">kim ngạch</N><VP><VP><V syntax="H">nhập khẩu</V><NP><N syntax="H">dịch vụ</N><VP><V syntax="H">ước tính</V><C>là</C><NP><M>5,12</M><M>tỷ</M><Nu syntax="H">USD</Nu></NP></VP></NP></VP><com>,</com><VP><V syntax="H">tăng</V><NP><N syntax="H">14,3%</N></NP></VP></VP></NP><VP><V syntax="H">so</V><PP><E syntax="H">với</E><NP><N syntax="H">năm</N><PP><E syntax="H">trước</E><NP><P syntax="H">đó</P></NP></PP></NP></PP></VP><dot>.</dot></S></SENTENCE></root>