<?xml version="1.0" ?><root><SENTENCE id="1"><S><S><NP syntax="SUB"><Nc syntax="H">Phó Thủ</Nc><N>tướng</N></NP><VP><R>cũng</R><V syntax="H">mong muốn</V><NP><Np syntax="H">Việt kiều</Np><PP><E syntax="H">tại</E><NP><Np syntax="H">Campuchia</Np></NP></PP></NP></VP></S><com>,</com><C>cùng với</C><S><NP syntax="SUB"><N syntax="H">việc</N><VP><VP><A>nhanh chóng</A><V syntax="H">hòa nhập</V><A>tốt</A><PP><E syntax="H">vào</E><NP><N syntax="H">cộng đồng</N><NP><Nc syntax="H">người</Nc><N>bản xứ</N></NP></NP></PP></VP><com>,</com><VP><V syntax="H">ổn định</V><NP><N syntax="H">cuộc sống</N></NP></VP><com>,</com><VP><V syntax="H">cần</V><VP><V syntax="H">chú trọng</V><R>hơn</R></VP><PP><E syntax="H">đến</E><NP><N syntax="H">việc</N><VP><V syntax="H">dạy</V><NP><N syntax="H">chữ</N></NP></VP></NP></PP></VP><com>,</com><VP><V syntax="H">dạy</V><NP><N syntax="H">tiếng</N><Np>Việt</Np></NP><PP><E syntax="H">cho</E><NP><N syntax="H">con em</N></NP></PP></VP><com>,</com><VP><V syntax="H">gìn giữ</V><C>và</C><V syntax="H">phát huy</V></VP></VP></NP><VP><V syntax="H">bản sắc</V><NP><N syntax="H">văn hoá</N><NP><N syntax="H">dân tộc</N><Np>Việt Nam</Np></NP></NP></VP></S><dot>.</dot></S></SENTENCE></root>