<?xml version="1.0" ?><root><SENTENCE id="1"><S><NP syntax="SUB"><P syntax="H">đây</P></NP><VP><V syntax="H">là</V><NP><N syntax="H">lần</N><A>đầu tiên</A><SBAR><S><NP syntax="SUB"><N syntax="H">Trung tâm</N><P>này</P></NP><VP><V syntax="H">tổ chức</V><NP><N syntax="H">Tháng</N><VP><V syntax="H">ẩm thực</V><NP><Np syntax="H">Việt Nam</Np></NP><PP><E syntax="H">tại</E><NP><N syntax="H">ấn</N><V>độ</V></NP></PP></VP></NP></VP></S></SBAR></NP></VP><dot>.</dot></S></SENTENCE></root>