<?xml version="1.0" ?><root><SENTENCE id="1"><S><S><NP syntax="SUB"><N syntax="H">đối tượng</N><VP><V syntax="H">tham gia</V><NP><N syntax="H">bảo hiểm xã hội</N></NP></VP></NP><VP><V syntax="H">được</V><VP><V syntax="H">mở rộng</V><com>,</com><PP><E syntax="H">đến</E><NP><N syntax="H">người</N><V>lao động</V></NP></PP></VP></VP></S><com>,</com><VP syntax="SUB"><V syntax="H">thuộc</V><NP><L>các</L><N syntax="H">thành phần</N><N>kinh tế</N></NP></VP><dot>.</dot></S></SENTENCE></root>