<?xml version="1.0" ?><root><SENTENCE id="1"><S><S><NP syntax="SUB"><N syntax="H">Hiện nay</N></NP><com>,</com><NP syntax="SUB"><L>hầu hết</L><N syntax="H">nông dân</N></NP><VP><VP><V syntax="H">sử dụng</V><NP><N syntax="H">biện pháp</N><N>thủ công</N></NP></VP><com>,</com><VP><V syntax="H">bắt</V><NP><N syntax="H">ốc bươu vàng</N><PP><E syntax="H">bằng</E><NP><N syntax="H">tay</N></NP></PP></NP></VP></VP></S><com>,</com><C>nhưng</C><S><NP syntax="SUB"><N syntax="H">cách</N><P>này</P></NP><VP><R>không</R><V syntax="H">đem</V><R>lại</R><NP><N syntax="H">kết quả</N></NP></VP></S><com>,</com><SBAR><E syntax="H">vì</E><S><NP syntax="SUB"><N syntax="H">ốc bươu vàng</N></NP><VP><V syntax="H">có</V><NP><N syntax="H">khả năng</N><VP><V syntax="H">sinh sản</V><A>nhanh</A></VP></NP></VP></S></SBAR><dot>.</dot></S></SENTENCE></root>