<?xml version="1.0" ?><root><SENTENCE id="1"><S><VP><V syntax="H">Bên cạnh</V><NP><N syntax="H">nguyên nhân</N></NP></VP><com>,</com><PP><E syntax="H">do</E><NP><N syntax="H">nhu cầu</N><V>tiêu thụ</V><AP><AP syntax="H"><R>rất</R><A syntax="H">lớn</A></AP><com>,</com><C>và</C><AP syntax="H"><A>liên tục</A><V syntax="H">gia tăng</V></AP></AP></NP></PP><com syntax="SUB">,</com><VP syntax="SUB"><V syntax="H">chất liệu</V><AP><AP syntax="H"><A>độc đáo</A><C>và</C><A>tinh xảo</A><PP><E syntax="H">với</E><NP><N syntax="H">giá cả</N><VP><VP><V syntax="H">cạnh tranh</V></VP><com>,</com><VP><V syntax="H">là</V><NP><N syntax="H">lý do</N><NP><N syntax="H">đồ</N><N>gỗ</N><Np>Việt Nam</Np></NP></NP></VP></VP></NP></PP></AP><com>,</com><AP><A>đặc biệt</A><C>là</C><NP><N syntax="H">đồ</N><N>nội thất</N></NP></AP></AP></VP><com syntax="SUB">,</com><VP syntax="SUB"><V syntax="H">được</V><SBAR><S><NP syntax="SUB"><N syntax="H">người</N></NP><VP><V syntax="H">tiêu dùng</V><NP><Np syntax="H">Mỹ</Np></NP><VP><V syntax="H">ưa chuộng</V></VP></VP></S></SBAR></VP><dot>.</dot></S></SENTENCE></root>