<?xml version="1.0" ?><root><SENTENCE id="1"><S><NP syntax="SUB"><N syntax="H">Năm</N><P>nay</P></NP><com>,</com><VP syntax="SUB"><V syntax="H">kim ngạch</V><V syntax="H">xuất khẩu</V><NP><N syntax="H">đồ</N><N>gỗ</N><VP><V syntax="H">ước</V><VP><V syntax="H">đạt</V><NP><A>trên</A><M>2,16</M><M>tỷ</M><Nu syntax="H">USD</Nu></NP></VP></VP></NP></VP><com syntax="SUB">,</com><VP syntax="SUB"><VP><V syntax="H">tăng</V><QP><M syntax="H">38,4%</M></QP></VP><VP><V syntax="H">so</V><PP><E syntax="H">với</E><NP><NP><N syntax="H">năm</N><M>2005</M><com>,</com><PP><E syntax="H">trong</E><NP><P syntax="H">đó</P></NP></PP></NP><NP><L>các</L><N syntax="H">doanh nghiệp</N><VP><V syntax="H">chế biến</V><N>gỗ</N></VP></NP><PP><E syntax="H">của</E><NP><N syntax="H">Thành phố</N><Np>Hồ Chí Minh</Np></NP></PP></NP><C>và</C><NP><L>các</L><N syntax="H">tỉnh</N><Np>Bình Dương</Np><com>,</com><Np>đồng Nai</Np></NP></PP></VP><VP><V syntax="H">chiếm</V><QP><A>trên</A><M syntax="H">70%</M></QP></VP></VP><dot>.</dot></S></SENTENCE></root>