<?xml version="1.0" ?><root><SENTENCE id="1"><S><SBAR><C>Nếu</C><S><NP syntax="SUB">EC</NP><VP><R>không</R><V syntax="H">thay đổi</V><VP><V syntax="H">quyết định</V></VP></VP></S></SBAR><com>,</com><S><NP syntax="SUB"><Np syntax="H">Inđônễia</Np></NP><VP><R>không</R><V syntax="H">loại trừ</V><NP><L>những</L><N syntax="H">biện pháp</N><AP><A syntax="H">trả đũa</A></AP><com>,</com><C>như</C><VP><VP><V syntax="H">cấm</V><NP><N syntax="H">công dân</N><Np>Inđônễia</Np></NP></VP><VP><V syntax="H">đi</V><PP><E syntax="H">trên</E><NP><N syntax="H">máy bay</N></NP></PP></VP></VP><PP><E syntax="H">của</E><NP><L>các</L><N syntax="H">hãng</N><NP><N syntax="H">hàng không</N><Np>EU</Np></NP></NP></PP></NP></VP></S><dot>.</dot></S></SENTENCE></root>