<?xml version="1.0" ?><root><SENTENCE id="1"><S><PP><E syntax="H">Theo</E><NP><N syntax="H">nhận định</N><PP><E syntax="H">của</E><NP><N syntax="H">Cục trưởng</N><N>Cục</N><NP><N syntax="H">Y tế</N><V>dự phòng</V></NP><com>,</com><NP><Np syntax="H">Nguyễn Huy Nga</Np></NP><com>,</com><NP><N syntax="H">dịch</N><N>cúm gia cầm</N></NP><C>và</C><NP><N syntax="H">cúm</N><NP><Ny syntax="H">A H5</Ny><Ny>N1</Ny></NP><PP><E syntax="H">ở</E><NP><N syntax="H">người</N></NP></PP></NP></NP></PP></NP></PP><com>,</com><C>không chỉ</C><VP><V syntax="H">xuất hiện</V><PP><E syntax="H">vào</E><NP><N syntax="H">thời tiết</N><A>lạnh</A></NP></PP></VP><com>,</com><AP><A>ẩm</A><C>như</C><NP><NP><N syntax="H">trước đây</N></NP><com>,</com><C>mà</C><NP><N syntax="H">hiện</N></NP></NP></AP><com syntax="SUB">,</com><VP syntax="SUB"><R>đã</R><V syntax="H">xảy ra</V><T>cả</T><PP><E syntax="H">trong</E><NP><N syntax="H">thời điểm</N><com>,</com><NP><N syntax="H">thời tiết</N><N>nắng nóng</N></NP></NP></PP></VP><dot>.</dot></S></SENTENCE></root>