<?xml version="1.0" ?><root><SENTENCE id="1"><S><PP><E syntax="H">Tại</E><NP><N syntax="H">phiên</N><V>họp</V><P>này</P></NP></PP><com syntax="SUB">,</com><VP syntax="SUB"><V syntax="H">dẫn đầu</V><NP><Nc syntax="H">đoàn</Nc><Np>Hàn Quốc</Np></NP><com>,</com><PP><E syntax="H">do</E><NP><N syntax="H">nghị sĩ</N><Np>Chang Young Dal</Np></NP></PP><com>,</com><C>và</C><NP><Nc syntax="H">đoàn</Nc><Np>Nga</Np><com>,</com><PP><E syntax="H">do</E><NP><N syntax="H">nghị sĩ</N><Np>Klyú Viktỏ Alẽandrovich</Np></NP></PP></NP></VP><dot>.</dot></S></SENTENCE></root>