<?xml version="1.0" ?><root><SENTENCE id="1"><S><NP syntax="SUB"><N syntax="H">Công ty</N><Ny>Yến sào</Ny><Np>Khánh Hoà</Np></NP><VP><VP><R>vừa</R><V syntax="H">thành công</V><PP><E syntax="H">trong</E><NP><N syntax="H">việc</N><VP><V syntax="H">cho</V><NP><N syntax="H">ấp</N></NP><VP><V syntax="H">nở</V><AP><A syntax="H">nhân tạo</A></AP></VP></VP></NP></PP></VP><com>,</com><C>và</C><VP><V syntax="H">nuôi</V><PP><E syntax="H">trong</E><NP><N syntax="H">nhà</N></NP></PP></VP><VP><V syntax="H">thành công</V><PP><E syntax="H">đối với</E><NP><NP><N syntax="H">chim</N><N>yến</N></NP><com>,</com><NP><Nc syntax="H">loài</Nc><N>chim</N><AP><A syntax="H">quý</A></AP><VP><V syntax="H">có</V><NP><N syntax="H">giá trị</N><N>kinh tế</N><AP><A syntax="H">cao</A></AP></NP></VP></NP></NP></PP></VP></VP><dot>.</dot></S></SENTENCE></root>