<?xml version="1.0" ?><root><SENTENCE id="1"><S><VP><V syntax="H">Bức</V><NP><N syntax="H">tranh</N><V>khảm</V><N>đá quý</N><PP><E syntax="H">về</E><NP><N syntax="H">Bác</N><Np>Hồ</Np></NP></PP></NP></VP><com>,</com><C>và</C><QP syntax="SUB"><M syntax="H">3</M><SBAR><S><NP syntax="SUB"><Nc syntax="H">bức</Nc><N>tranh</N></NP><VP><V syntax="H">đá quý</V><com>,</com><V syntax="H">thêu</V><C>và</C><V syntax="H">sơn mài</V></VP></S></SBAR></QP><com>,</com><PP><E syntax="H">cùng</E><NP><M>1</M><N syntax="H">bình</N><A>sơn mài</A><PP><E syntax="H">của</E><NP><Np syntax="H">Việt Nam</Np></NP></PP></NP></PP><com syntax="SUB">,</com><VP syntax="SUB"><R>đã</R><V syntax="H">được</V><V>trưng bày</V><PP><E syntax="H">tại</E><NP><quo>"</quo><Np>Triển lãm</Np><Ny>Mỹ nghệ phẩm</Ny></NP><com>,</com><VP><V syntax="H">lưu giữ</V></VP><PP><E syntax="H">của</E><NP><L>các</L><N syntax="H">sứ quán</N><NP><N syntax="H">nước ngoài</N><PP><E syntax="H">ở</E><NP><Np syntax="H">Trung Quốc</Np></NP></PP></NP><quo>"</quo></NP></PP><com>,</com><NP><N syntax="H">lần</N><N>thứ</N><M>3</M></NP><com>,</com><VP><V syntax="H">khai mạc</V><NP><N syntax="H">chiều</N><M>10/4</M></NP></VP><com>,</com><PP><E syntax="H">tại</E><NP><N syntax="H">Viện Bảo</N></NP></PP><NP><N syntax="H">tàng</N><N>Thủ đô</N><PP><E syntax="H">ở</E><NP><Np syntax="H">Bắc Kinh</Np></NP></PP></NP></PP></VP><dot>.</dot></S></SENTENCE></root>