<?xml version="1.0" ?><root><SENTENCE id="1"><S><S><NP syntax="SUB"><P syntax="H">Họ</P></NP><VP><V syntax="H">được</V><VP><V syntax="H">chia</V><VP><V syntax="H">làm</V><NP><M>hai</M><N syntax="H">nhóm</N></NP></VP></VP></VP></S><col>:</col><S><NP syntax="SUB"><M>một</M><N syntax="H">nhóm</N><V>ăn</V><N>chế độ</N></NP><AP><A syntax="H">tùy thích</A></AP></S><com>,</com><C>và</C><S><NP syntax="SUB"><N syntax="H">nhóm</N><P>kia</P></NP><VP><V syntax="H">ăn theo</V><NP><M>một</M><N syntax="H">chế độ</N><V>ăn</V><VP><V syntax="H">hạn chế</V><NP><N syntax="H">ca</N></NP></VP></NP></VP></S><eds>-</eds><VP syntax="SUB"><V syntax="H">lo</V><PP><E syntax="H">trong</E><NP><M>6</M><Nu syntax="H">tháng</Nu></NP></PP></VP><com>,</com><C>và</C><S><NP syntax="SUB"><N syntax="H">kết quả</N><A>sơ bộ</A></NP><VP><V syntax="H">có</V><VP><V syntax="H">được</V><C>như</C><NP><N syntax="H">trên</N></NP></VP></VP></S><dot>.</dot></S></SENTENCE></root>