<?xml version="1.0" ?><root><SENTENCE id="1"><S><PP><E syntax="H">Theo</E><NP><N syntax="H">Ban</N><VP><V syntax="H">chỉ huy</V><VP><V syntax="H">phòng chống</V><NP><N syntax="H">lụt bão</N><NP><N syntax="H">tỉnh</N><Np>Lai Châu</Np></NP></NP></VP></VP></NP></PP><com>,</com><PP><PP><E syntax="H">từ</E><NP><N syntax="H">giữa</N><N>tháng</N><M>6</M></NP></PP><PP><E syntax="H">đến</E><NP><P syntax="H">nay</P></NP></PP></PP><com>,</com><NP syntax="SUB"><N syntax="H">mưa</N><A>lớn</A></NP><VP><V syntax="H">kéo dài</V><VP><VP><R>đã</R><V syntax="H">gây</V><NP><N syntax="H">lũ quét</N></NP></VP><com>,</com><C>và</C><VP><V syntax="H">úng</V><V syntax="H">lụt</V><PP><E syntax="H">trên</E><NP><R>hầu hết</R><L>các</L><N syntax="H">địa bàn</N><PP><E syntax="H">của</E><NP><N syntax="H">tỉnh</N></NP></PP></NP></PP></VP><com>,</com><VP><V syntax="H">trừ</V><NP><N syntax="H">huyện</N><Np>Than Uyên</Np></NP></VP></VP></VP><dot>.</dot></S></SENTENCE></root>