<?xml version="1.0" ?><root><SENTENCE id="1"><S><NP syntax="SUB"><N syntax="H">Cuối</N><NP><N syntax="H">buổi</N><N>chiều</N></NP></NP><com>,</com><S><NP syntax="SUB"><N syntax="H">đoàn Chủ</N><N>tịch</N></NP><VP><V syntax="H">họp</V><V syntax="H">xem xét</V><NP><N syntax="H">việc</N><VP><V syntax="H">ứng cử</V><com>,</com><V syntax="H">đề cử</V></VP></NP></VP></S><C>và</C><S><NP syntax="SUB"><N syntax="H">việc</N><VP><V>xin</V><V>rút</V><R>khỏi</R><NP><N syntax="H">danh sách</N></NP></VP></NP><VP><V syntax="H">ứng cử</V><com>,</com><V syntax="H">đề cử</V><com>,</com><PP><E syntax="H">để</E><VP><V syntax="H">xin</V><NP><N syntax="H">ý kiến</N><NP><N syntax="H">đại hội</N><VP><V syntax="H">xem xét</V><com>,</com><V syntax="H">quyết định</V></VP></NP></NP></VP></PP></VP></S><dot>.</dot></S></SENTENCE></root>