<?xml version="1.0" ?><root><SENTENCE id="1"><S><NP syntax="SUB"><L>Các</L><N syntax="H">mặt hàng</N></NP><AP><A syntax="H">trên</A></AP><com syntax="SUB">,</com><VP syntax="SUB"><V syntax="H">phải</V><R>được</R><VP><V syntax="H">cấp</V><NP><N syntax="H">giấy</N><V>chứng nhận</V><NP><N syntax="H">xuất xứ</N><NP><Ny syntax="H">Mẫu</Ny><Ny>S</Ny><com>,</com><SBAR><E syntax="H">do</E><S><NP syntax="SUB"><N syntax="H">Bộ</N><NP><Np syntax="H">Thương</Np><N>mại</N><NP><Np syntax="H">Campuchia</Np></NP></NP></NP><VP><V syntax="H">cấp</V></VP></S></SBAR></NP></NP></NP></VP></VP><dot>.</dot></S></SENTENCE></root>