<?xml version="1.0" ?><root><SENTENCE id="1"><S><AP><A>đặc biệt</A><C>là</C><PP><E syntax="H">trên</E><NP><N syntax="H">lĩnh vực</N><N>nông nghiệp</N></NP></PP></AP><com>,</com><NP syntax="SUB"><Np syntax="H">Sóc Trăng</Np></NP><VP><VP><R>đã</R><V syntax="H">đẩy</V><A>nhanh</A><NP><N syntax="H">diện tích</N><C>và</C><N syntax="H">năng suất</N></NP><NP><M>3</M><N syntax="H">vụ</N><N>lúa</N></NP></VP><com>,</com><VP><V syntax="H">ước</V><N>sản lượng</N><NP><P>cả</P><N syntax="H">năm</N></NP><VP><V syntax="H">đạt</V><NP><A>trên</A><M>1,7</M><M>triệu</M><Nu syntax="H">tấn</Nu><N>lúa</N></NP></VP></VP></VP><dot>.</dot></S></SENTENCE></root>