<?xml version="1.0" ?><root><SENTENCE id="1"><S><NP syntax="SUB"><Nc syntax="H">Chiếc</Nc><N>huy chương</N><N>đồng</N><PP><E syntax="H">của</E><NP><Np syntax="H">Việt Nam</Np></NP></PP></NP><VP><VP><V syntax="H">thuộc</V><PP><E syntax="H">về</E><NP><N syntax="H">kỳ thủ</N><A>nhỏ tuổi</A></NP></PP></VP><com>,</com><VP><V syntax="H">Vũ Thị Diệu Uyên</V><com>,</com><V syntax="H">thi đấu</V><PP><E syntax="H">ở</E><NP><N syntax="H">bảng</N><Ny>U8</Ny><N syntax="H">nữ</N></NP></PP></VP></VP><dot>.</dot></S></SENTENCE></root>