<?xml version="1.0" ?><root><SENTENCE id="1"><S><C>Tuy nhiên</C><com>,</com><S><NP syntax="SUB"><N syntax="H">thời gian</N><AP><A>gần</A><NP><P syntax="H">đây</P></NP></AP></NP><com>,</com><NP syntax="SUB"><N syntax="H">đầu ra</N><PP><E syntax="H">của</E><NP><N syntax="H">cây</N><N>quế</N></NP></PP></NP><VP><V syntax="H">gặp</V><A>khó khăn</A></VP></S><com>,</com><C>không chỉ</C><S><NP syntax="SUB"><N syntax="H">vỏ</N><N>quế</N></NP><VP><V syntax="H">hạ</V><N>giá</N></VP></S><com>,</com><S><NP syntax="SUB"><L>những</L><N syntax="H">sản phẩm</N><VP><V syntax="H">thủ công</V><N>mỹ nghệ</N></VP><VP><V syntax="H">làm</V><PP><E syntax="H">từ</E><NP><N syntax="H">vỏ</N><N>quế</N></NP></PP></VP></NP><VP><R>cũng</R><V syntax="H">rơi</V><PP><E syntax="H">vào</E><NP><N syntax="H">tình cảnh</N><N>ế ẩm</N></NP></PP></VP></S><dot>.</dot></S></SENTENCE></root>