<?xml version="1.0" ?><root><SENTENCE id="1"><S><NP syntax="SUB"><L>Các</L><N syntax="H">học sinh</N></NP><VP><V syntax="H">thuộc</V><NP><N syntax="H">diện</N><P>này</P></NP></VP><com syntax="SUB">,</com><VP syntax="SUB"><R>sẽ</R><V syntax="H">được</V><VP><V syntax="H">nhận</V><NP><NP><N syntax="H">mức</N><V>hỗ trợ</V><VP><V syntax="H">nói</V><A>trên</A></VP></NP><com>,</com><NP><M>9</M><N syntax="H">tháng</N><V>học</V><NP><M>mỗi</M><N syntax="H">năm</N></NP></NP></NP></VP></VP><dot>.</dot></S></SENTENCE></root>