<?xml version="1.0" ?><root><SENTENCE id="1"><S><NP syntax="SUB"><N syntax="H">Tỉnh</N><N>đắk Lắk</N></NP><VP><VP><R>đang</R><V syntax="H">hướng</V><PP><E syntax="H">đến</E><NP><N syntax="H">việc</N><VP><VP><V syntax="H">sản xuất</V></VP><C>và</C><VP><V syntax="H">xuất khẩu</V><NP><L>các</L><N syntax="H">sản phẩm</N><V>điều chế</V><PP><E syntax="H">từ</E><NP><N syntax="H">mật ong</N></NP></PP></NP></VP><com>,</com><PP><E syntax="H">để</E><VP><V syntax="H">tăng</V><NP><N syntax="H">giá trị</N><N>kinh tế</N></NP></VP></PP></VP></NP></PP></VP><sco>;</sco><VP><R>đồng thời</R><V syntax="H">đẩy mạnh</V><VP><V syntax="H">sản xuất</V><NP><L>các</L><Nc syntax="H">loại</Nc><N>sản phẩm</N><PP><E syntax="H">từ</E><NP><N syntax="H">ong</N></NP><VP><V syntax="H">có</V><NP><N syntax="H">giá trị</N><A>cao</A></NP></VP></PP><com>,</com><AP><A>như</A><NP><N syntax="H">sáp</N><C>và</C><N syntax="H">sữa ong chúa</N></NP></AP></NP></VP></VP></VP><dot>.</dot></S></SENTENCE></root>