<?xml version="1.0" ?><root><SENTENCE id="1"><S><NP syntax="SUB"><N syntax="H">Tối ngày</N><M>18/2</M><com>,</com><PP><E syntax="H">tại</E><NP><N syntax="H">Thành phố</N><Np>Hồ Chí Minh</Np><com>,</com><NP><M>18</M><Nu syntax="H">hoạ sĩ</Nu><VP><V syntax="H">thuộc</V><NP><N syntax="H">Câu lạc bộ</N><Np>Mỹ thuật</Np><com>,</com><NP><N syntax="H">quận</N><M>5</M></NP></NP></VP></NP></NP></PP><com>,</com><VP><R>đã</R><V syntax="H">thực hiện</V><NP><Nc syntax="H">bức</Nc><N>tranh thủy mặc</N></NP></VP></NP><com>,</com><VP syntax="SUB"><V syntax="H">có</V><NP><N syntax="H">kích thước</N><AP><A>lớn</A><R>nhất</R><NP><Np syntax="H">Việt Nam</Np></NP></AP><PP><E syntax="H">với</E><NP><N syntax="H">chiều</N><AP><A>dài</A><NP><M>4,5</M><Nu syntax="H">mét</Nu></NP></AP><com>,</com><AP><A>rộng</A><NP><M>1,1</M><Nu syntax="H">mét</Nu></NP></AP></NP></PP></NP></VP><dot>.</dot></S></SENTENCE></root>