<?xml version="1.0" ?><root><SENTENCE id="1"><S><NP syntax="SUB"><L>Các</L><N syntax="H">đại biểu</N></NP><VP><R>cũng</R><R>sẽ</R><V syntax="H">thông qua</V><NP><L>các</L><N syntax="H">vấn đề</N><VP><VP><V>tên miền</V><V syntax="H">intẻnet</V></VP><com>,</com><VP><V syntax="H">trao đổi</V><NP><N syntax="H">tài liệu</N><A>ưu tiên</A></NP></VP></VP></NP><PP><E syntax="H">trong</E><NP><N syntax="H">lĩnh vực</N><V>sáng chế</V></NP><C>và</C><NP><L>các</L><N syntax="H">vấn đề</N><A>khác</A></NP></PP></VP><dot>.</dot></S></SENTENCE></root>