<?xml version="1.0" ?><root><SENTENCE id="1"><S><PP><E syntax="H">Tại</E><NP><N syntax="H">kỳ</N><V>họp</V><PP><E syntax="H">của</E><NP><N syntax="H">Ngân hàng</N><V>Phát triển</V><NP><N syntax="H">châu</N><NP><Np syntax="H">á</Np><Ny>(</Ny><Np>ADB</Np><td1>)</td1></NP></NP><com>,</com><NP><N syntax="H">tháng</N><M>5</M><NP><N syntax="H">năm</N><P>nay</P></NP></NP></NP></PP></NP></PP><com>,</com><NP syntax="SUB"><Np syntax="H">Xơun</Np></NP><VP><R>cũng</R><R>đã</R><V syntax="H">bày tỏ</V><VP><VP><V>ủng hộ</V><V syntax="H">Bình Nhưỡng</V></VP><com>,</com><VP><V syntax="H">gia nhập</V><V syntax="H">tổ chức</V><NP><N syntax="H">tài chính</N><P>này</P></NP></VP></VP></VP><dot>.</dot></S></SENTENCE></root>