<?xml version="1.0" ?><root><SENTENCE id="1"><S><PP><E syntax="H">Sau</E><NP><M>6</M><N syntax="H">ngày</N><VP><A>liên tục</A><V syntax="H">giảm giá</V><VP><V>gây</V><V syntax="H">lo lắng</V></VP><C>và</C><VP><V>buồn</V><V syntax="H">nản</V></VP><PP><E syntax="H">cho</E><NP><R>không</R><A>ít</A><N syntax="H">nhà đầu tư</N></NP></PP></VP></NP></PP><com>,</com><NP syntax="SUB"><N syntax="H">thị trường chứng khoán</N><N>phiên</N></NP><NP syntax="SUB"><N syntax="H">sáng</N><P>nay</P></NP><AP><R>đã</R><A>hồi phục</A><A>mạnh mẽ</A></AP><dot>.</dot></S></SENTENCE></root>