<?xml version="1.0" ?><root><SENTENCE id="1"><S><S><VP><V>Nghiên cứu</V><V>kết luận</V><R>rằng</R></VP><com>,</com><NP syntax="SUB"><N syntax="H">việc</N><VP><V syntax="H">tăng cường</V><VP><V syntax="H">ăn</V><NP><N syntax="H">trái cây</N></NP></VP></VP></NP><C>là</C><AP><R>rất</R><A syntax="H">thích hợp</A></AP><PP><E syntax="H">để</E><VP><V syntax="H">ngăn ngừa</V><NP><N syntax="H">ung thư</N></NP></VP></PP></S><com>,</com><S><PP><E syntax="H">trong</E><NP><P syntax="H">đó</P></NP></PP><VP><V syntax="H">có</V><NP><N syntax="H">ung thư</N><N>miệng</N></NP></VP></S><dot>.</dot></S></SENTENCE></root>