<?xml version="1.0" ?><root><SENTENCE id="1"><S><NP syntax="SUB"><N syntax="H">Mực</N><N>nước</N><NP><L>các</L><N syntax="H">sông</N><PP><E syntax="H">tại</E><NP><Np syntax="H">Yên Bái</Np><C>và</C><Np>Tuyên Quang</Np></NP></PP></NP></NP><com>,</com><VP syntax="SUB"><V syntax="H">có</V><NP><N syntax="H">khả năng</N><VP><V syntax="H">lên</V><PP><E syntax="H">trên</E><NP><N syntax="H">mức</N><V>báo động</V><M>1</M></NP></PP></VP></NP></VP><dot>.</dot></S></SENTENCE></root>