<?xml version="1.0" ?><root><SENTENCE id="1"><S><PP><E syntax="H">Vào</E><NP><N syntax="H">thời điểm</N><VP><V syntax="H">ngớt</V><NP><N syntax="H">mưa</N></NP></VP></NP></PP><com>,</com><NP syntax="SUB"><N syntax="H">lúc</N><NP><M>18</M><Nu syntax="H">giờ</Nu><NP><M>30</M><Nu syntax="H">phút</Nu></NP></NP></NP><com>,</com><VP syntax="SUB"><V syntax="H">có</V><NP><A>khoảng</A><M>40</M><N syntax="H">điểm</N><VP><V syntax="H">úng ngập</V><NP><N syntax="H">cục bộ</N></NP></VP></NP></VP><dot>.</dot></S></SENTENCE></root>