<?xml version="1.0" ?><root><SENTENCE id="1"><S><PP><E syntax="H">Trong</E><NP><N syntax="H">trường hợp</N><SBAR><S><S><NP syntax="SUB"><N syntax="H">nước</N></NP><VP><R>không</R><V syntax="H">thoát</V><A>kịp</A></VP></S><com>,</com><VP><V syntax="H">phải</V><VP><V syntax="H">sử dụng</V><NP><T>ngay</T><N syntax="H">máy bơm</N></NP></VP></VP></S></SBAR></NP></PP><com>,</com><PP><E syntax="H">để</E><VP><V syntax="H">bơm</V><VP><V syntax="H">chống</V><NP><N syntax="H">úng</N></NP></VP></VP></PP><sco>;</sco><C>đồng thời</C><S><VP syntax="SUB"><VP><V syntax="H">rà soát</V></VP><C>và</C><VP><V syntax="H">có</V><NP><N syntax="H">biện pháp</N></NP></VP></VP><NP><N syntax="H">gia cố</N><com>,</com><N syntax="H">tôn</N><AP><A>cao</A><N>bờ</N></AP><com>,</com><NP><N syntax="H">bao</N></NP><com>,</com><PP><E syntax="H">tại</E><NP><L>các</L><N syntax="H">vị trí</N><VP><V syntax="H">xung yếu</V><T>ngay</T><PP><E syntax="H">trong</E><NP><N syntax="H">chiều</N></NP></PP><C>và</C><NP><N syntax="H">tối ngày</N><M>26/11</M></NP></VP></NP></PP></NP></S><dot>.</dot></S></SENTENCE></root>