<?xml version="1.0" ?><root><SENTENCE id="1"><S><PP><E syntax="H">Theo</E><NP><N syntax="H">tiến sĩ</N><Np>Nga</Np></NP></PP><com>,</com><NP syntax="SUB"><N syntax="H">dịch</N><N>tiêu chảy</N></NP><NP syntax="SUB">cấp</NP><VP><VP><R>thường</R><V syntax="H">tái phát</V><PP><E syntax="H">tại</E><NP><L>các</L><N syntax="H">địa phương</N></NP></PP></VP><com>,</com><VP><V syntax="H">là</V><SBAR><E syntax="H">do</E><S><NP syntax="SUB"><N syntax="H">người</N><VP><A>lành</A><V syntax="H">mang</V><NP><N syntax="H">phẩy</N><N>khuẩn</N></NP></VP></NP><VP><V syntax="H">tả</V></VP></S></SBAR></VP></VP><dot>.</dot></S></SENTENCE></root>