<?xml version="1.0" ?><root><SENTENCE id="1"><S><S><NP syntax="SUB"><N syntax="H">Kinh phí</N><VP><V syntax="H">còn</V><R>lại</R></VP></NP><VP><R>sẽ</R><V syntax="H">được</V><VP><V syntax="H">dùng</V><NP><N syntax="H">bảo tồn</N><N>văn hoá</N><AP><A syntax="H">vật thể</A></AP></NP></VP><C>như</C><VP><V syntax="H">bảo tồn</V><NP><L>các</L><Nc syntax="H">loại</Nc><NP><N syntax="H">kiến trúc</N><N>nhà sàn</N><PP><E syntax="H">của</E><NP><N syntax="H">dân tộc</N><Np>Thái</Np></NP></PP></NP><com>,</com><NP><N syntax="H">dân tộc</N><N>ơ</N><Np>đu</Np></NP><sco>;</sco><NP><N syntax="H">trang phục</N><A>đặc trưng</A><PP><E syntax="H">của</E><NP><L>các</L><N syntax="H">dân tộc</N><NP><Np syntax="H">Thái</Np></NP></NP></PP></NP><com>,</com><NP><Np syntax="H">Mông</Np></NP><com>,</com><NP><N syntax="H">ơ</N><NP><Np syntax="H">đu</Np><com>,</com><Np>Thổ</Np><C>và</C><Np>Khơ Mú</Np></NP></NP></NP></VP></VP></S><sco>;</sco><S><NP syntax="SUB"><L>các</L><N syntax="H">sản phẩm</N></NP><VP><V syntax="H">đan lát</V><com>,</com><V syntax="H">rèn</V></VP></S><com>,</com><S><NP syntax="SUB"><N syntax="H">sản phẩm</N></NP><XP><X>thổ cẩm</X><NP><L>các</L><N syntax="H">loại</N></NP></XP></S><dot>.</dot></S></SENTENCE></root>