<?xml version="1.0" ?><root><SENTENCE id="1"><S><PP><R>Hội thảo</R><E syntax="H">về</E><VP><V syntax="H">quản lý</V><NP><N syntax="H">khu vực</N><N>công</N><PP><E syntax="H">của</E><NP><N syntax="H">ủy ban</N><N>kinh tế</N></NP></PP></NP></VP></PP><com>,</com><NP syntax="SUB"><L>các</L><N syntax="H">đại biểu</N><Np>ỗtrâylia</Np><com>,</com><NP><Np syntax="H">Niu Dilân</Np><com>,</com><Np>Nhật Bản</Np><com>,</com><NP><Np syntax="H">Việt Nam</Np></NP><com>,</com><NP><N syntax="H">Ngân hàng</N><Np>Thế giới</Np><com>,</com><NP><Np syntax="H">Malaĩia</Np></NP></NP></NP></NP><VP><R>đã</R><V syntax="H">phát biểu</V><PP><E syntax="H">về</E><NP><A>nhiều</A><N syntax="H">khía cạnh</N><A>khác nhau</A></NP></PP></VP><dot>.</dot></S></SENTENCE></root>