<?xml version="1.0" ?><root><SENTENCE id="1"><S><NP syntax="SUB"><Np syntax="H">Trung Quốc</Np><N>ngày</N><M>5/10</M></NP><com>,</com><S><VP><V syntax="H">tuyên bố</V><NP><L>các</L><N syntax="H">biện pháp</N><VP><V syntax="H">chống phá</V><NP><N syntax="H">giá mà</N></NP></VP><NP><N syntax="H">Liên minh</N><Np>Châu âu</Np></NP></NP></VP><com>,</com><NP syntax="SUB"><quo>(</quo><Np>EU</Np><Y>)</Y></NP><VP><VP><V syntax="H">áp đặt</V><com>,</com><PP><E syntax="H">đối với</E><NP><N syntax="H">giầy</N><N>da</N><VP><V syntax="H">nhập khẩu</V><PP><E syntax="H">từ</E><NP><N syntax="H">nước</N><P>này</P></NP></PP></VP></NP></PP></VP><com>,</com><VP><V syntax="H">là</V><NP><A>thiếu</A><N syntax="H">cơ sở</N><com>,</com><N>pháp lý</N></NP></VP><C>và</C><VP><V syntax="H">dọa</V><AP><R>sẽ</R><A syntax="H">trả đũa</A></AP></VP></VP></S><dot>.</dot></S></SENTENCE></root>