<?xml version="1.0" ?><root><SENTENCE id="1"><S><PP><E syntax="H">Bên cạnh</E><NP><P syntax="H">đó</P></NP></PP><com>,</com><NP syntax="SUB"><Nc syntax="H">sự</Nc><V>hỗ trợ</V><PP><E syntax="H">của</E><NP><N syntax="H">nhà nước</N></NP></PP></NP><com>,</com><VP syntax="SUB"><VP><R>cũng</R><V syntax="H">làm</V><VP><V syntax="H">xuất hiện</V><NP><N syntax="H">tư tưởng</N><N>ỷ lại</N></NP></VP></VP><com>,</com><VP><V syntax="H">trông chờ</V><PP><E syntax="H">vào</E><NP><N syntax="H">chính sách</N><VP><R>không chỉ</R><V syntax="H">ở</V><NP><L>các</L><N syntax="H">hộ</N><N>gia đình</N></NP></VP></NP></PP></VP><com>,</com><VP><VP><V syntax="H">được</V><VP><V syntax="H">hưởng</V><NP><N syntax="H">chính sách</N></NP></VP></VP><com>,</com><C>mà còn</C><VP><V syntax="H">xuất hiện</V><PP><E syntax="H">ở</E><NP><N syntax="H">cán bộ</N></NP></PP></VP></VP></VP><dot>.</dot></S></SENTENCE></root>