<?xml version="1.0" ?><root><SENTENCE id="1"><S><S><NP><Np syntax="H">Hoa</Np></NP><C>thì</C><AP><A>ế</A><NP><N syntax="H">hàng loạt</N></NP></AP></S><com>,</com><S><NP syntax="SUB"><N syntax="H">người</N><V>mua</V></NP><C>thì</C><VP><R>chẳng</R><V syntax="H">có</V></VP></S><com>,</com><S><NP syntax="SUB"><L>những</L><R>hàng</R><N syntax="H">hoa</N><C>như</C><PP><E syntax="H">của</E><NP><Nc syntax="H">anh</Nc><Np>Vũ</Np></NP></PP></NP><com>,</com><VP><R>lại</R><V syntax="H">phải</V><VP><V syntax="H">mang</V><NP><N syntax="H">hoa</N><VP><V>đi</V><V syntax="H">bán tháo</V></VP></NP><PP><E syntax="H">vào</E><NP><N syntax="H">cuối</N><N>tuần</N></NP></PP></VP></VP></S><dot>.</dot></S></SENTENCE></root>