<?xml version="1.0" ?><root><SENTENCE id="1"><S><NP syntax="SUB"><N syntax="H">Bệnh nhân</N><N>Hoàng Văn</N><NP><Np syntax="H">T</Np></NP><com>,</com><NP><M>50</M><N syntax="H">tuổi</N></NP><com>,</com><PP><E syntax="H">ở</E><NP><Np syntax="H">Bình Dương</Np></NP></PP></NP><com>,</com><VP syntax="SUB"><V syntax="H">được</V><VP><V syntax="H">chuyển</V><PP><E syntax="H">tới</E><NP><N syntax="H">Bệnh viện</N><M>115</M></NP></PP><PP><E syntax="H">trong</E><NP><N syntax="H">tình trạng</N><AP><A>đau đầu</A><com>,</com><A>chóng mặt</A><com>,</com><AP><A>ù</A><NP><NP><N syntax="H">tai</N></NP><com>,</com><NP><N syntax="H">mắt</N><N>lồi</N></NP></NP></AP><com>,</com><AP><A syntax="H">đỏ</A></AP><com>,</com><AP><A syntax="H">thị lực</A></AP></AP></NP></PP></VP></VP><VP><V syntax="H">giảm sút</V></VP><dot>.</dot></S></SENTENCE></root>