<?xml version="1.0" ?><root><SENTENCE id="1"><S><NP syntax="SUB"><N syntax="H">ông</N></NP><VP><VP><VP><R>còn</R><V syntax="H">xuất bản</V><NP><A>nhiều</A><N syntax="H">sách</N><V>viết</V><PP><E syntax="H">về</E><NP><Nc syntax="H">món</Nc><V>ăn</V><NP><Np syntax="H">Việt Nam</Np></NP><com>,</com><C>như</C><quo>"</quo><VP><V syntax="H">ẩm thực</V><NP><Np syntax="H">Hà Nội</Np></NP><NP><NP><N syntax="H">xưa</N></NP><C>và</C><NP><N syntax="H">nay</N></NP></NP></VP><quo>"</quo><sco>;</sco><quo>"</quo><NP><L>những</L><N syntax="H">món</N><VP><V syntax="H">ăn</V><NP><N syntax="H">Việt Nam</N><PP><E syntax="H">của</E><NP><P syntax="H">tôi</P></NP></PP></NP></VP></NP><quo>"</quo></NP></PP></NP></VP><sco>;</sco><quo>"</quo></VP><VP><V syntax="H">ẩm thực</V><NP><N syntax="H">miền</N><N>núi</N></NP></VP></VP><dot>.</dot><quo>"</quo></S></SENTENCE></root>