<?xml version="1.0" ?><root><SENTENCE id="1"><S><R>Tương tự</R><com>,</com><PP><E syntax="H">tại</E><NP><N syntax="H">thị trường</N><Np>Xít-ni</Np></NP></PP><com>,</com><NP syntax="SUB"><N syntax="H">giá</N><N>vàng</N></NP><VP><V syntax="H">đóng cửa</V><V syntax="H">đứng</V><PP><E syntax="H">ở</E><NP><N syntax="H">mức</N><NP><M>624,6</M><Nu syntax="H">USD</Nu><fos>/</fos><NP><N syntax="H">ounce</N><com>,</com><N syntax="H">tăng</N><NP><M>5,7</M><Nu syntax="H">USD</Nu><fos>/</fos><NP><N syntax="H">ounce</N></NP></NP></NP></NP></NP></PP></VP><dot>.</dot></S></SENTENCE></root>