<?xml version="1.0" ?><root><SENTENCE id="1"><S><NP syntax="SUB"><M>40.000</M><N syntax="H">cổ động viên</N><PP><E syntax="H">trên</E><NP><N syntax="H">sân vận động</N></NP></PP><com>,</com><AP><A>cùng</A><NP><R>hàng</R><M>triệu</M><N syntax="H">khán giả</N><VP><V syntax="H">xem</V><NP><N syntax="H">truyền hình</N><A>trực tiếp</A></NP></VP></NP></AP><com>,</com><VP><V syntax="H">vỡ</V></VP></NP><VP><V syntax="H">òa</V><PP><E syntax="H">trong</E><NP><N syntax="H">niềm vui</N><N>chiến thắng</N><AP><A syntax="H">bất ngờ</A></AP></NP></PP></VP><dot>.</dot></S></SENTENCE></root>