<?xml version="1.0" ?><root><SENTENCE id="1"><S><NP syntax="SUB"><N syntax="H">Trước đây</N></NP><com>,</com><NP syntax="SUB"><N syntax="H">khu vực</N><NP><N syntax="H">Thành nội</N><Np>Huế</Np></NP></NP><com>,</com><VP syntax="SUB"><V syntax="H">có</V><NP><A>khoảng</A><R>hơn</R><M>30</M><N syntax="H">ao hồ</N><A>tự nhiên</A></NP></VP><com syntax="SUB">,</com><VP syntax="SUB"><VP><V syntax="H">thông</V><PP><E syntax="H">với</E><NP><N syntax="H">dòng</N><Np>Ngự Hà</Np></NP></PP></VP><com>,</com><VP><V syntax="H">tạo</V><R>ra</R><NP><N syntax="H">mạng lưới</N><NP><quo>"</quo><N syntax="H">thủy</N><N>quan</N><quo>"</quo></NP></NP></VP><com>,</com><VP><V syntax="H">lưu thông</V><PP><E syntax="H">với</E><NP><N syntax="H">nhau</N></NP></PP></VP><com>,</com><VP><V syntax="H">chảy</V><R>ra</R><NP><N syntax="H">sông</N><Np>Hương</Np></NP></VP><com>,</com><VP><V syntax="H">điều tiết</V><NP><N syntax="H">nước</N><NP><N syntax="H">một cách</N><A>tự nhiên</A></NP></NP></VP><com>,</com><VP><V syntax="H">làm</V><VP><V syntax="H">giảm</V><NP><N syntax="H">nạn</N><N>úng ngập</N></NP></VP></VP></VP><dot>.</dot></S></SENTENCE></root>