<?xml version="1.0" ?><root><SENTENCE id="1"><S><PP><E syntax="H">Theo</E><VP><V syntax="H">dự báo</V><PP><E syntax="H">của</E><NP><N syntax="H">cơ quan</N><P>này</P></NP></PP></VP></PP><com>,</com><NP syntax="SUB"><NP><N syntax="H">bão</N></NP><C>và</C><NP><N syntax="H">áp thấp nhiệt đới</N></NP></NP><VP><R>sẽ</R><V syntax="H">ảnh hưởng</V><PP><E syntax="H">tới</E><NP><Np syntax="H">Việt Nam</Np></NP></PP><AP><AP syntax="H"><A>sớm</A><A>hơn</A></AP><com>,</com><C>và</C><AP syntax="H"><A>nhiều</A><A>hơn</A><VP><V syntax="H">so</V><PP><E syntax="H">với</E><NP><A>trung bình</A><L>nhiều</L><N syntax="H">năm</N><com>,</com><Ny>(</Ny><AP><A syntax="H">trung bình</A></AP><NP><M>5</M><E>đến</E><M>6</M><Nc syntax="H">cơn</Nc><N>bão</N><com>,</com><N syntax="H">ảnh hưởng</N><AP><A>trực tiếp</A><NP><M>mỗi</M><N syntax="H">năm</N></NP></AP></NP></NP></PP></VP></AP></AP></VP><dot>.</dot><RBKT>)</RBKT></S></SENTENCE></root>