<?xml version="1.0" ?><root><SENTENCE id="1"><S><NP syntax="SUB"><Np syntax="H">Phía Nhật Bản</Np></NP><VP><R>có thể</R><V syntax="H">lập</V><NP><N syntax="H">hồ sơ</N><VP><V syntax="H">uỷ thác</V><NP><N syntax="H">tư pháp</N></NP></VP><com>,</com><PP><E syntax="H">với</E><NP><N syntax="H">nội dung</N><C>và</C><N syntax="H">hình thức</N><VP><V syntax="H">phù hợp</V><PP><E syntax="H">với</E><NP><N syntax="H">quy định</N><PP><E syntax="H">của</E><NP><N syntax="H">Luật Tương</N><V>trợ</V><NP><N syntax="H">tư pháp</N><PP><E syntax="H">của</E><NP><Np syntax="H">Việt Nam</Np></NP></PP></NP><com>,</com><NP><N syntax="H">năm</N><M>2007</M></NP></NP></PP></NP></PP></VP></NP></PP><com>,</com><PP><E syntax="H">để</E><NP><L>các</L><N syntax="H">cơ quan chức năng</N><Np>Việt Nam</Np></NP><VP><V syntax="H">có</V><NP><N syntax="H">cơ sở</N><NP><N syntax="H">pháp lý</N><V>triển khai</V></NP><com>,</com><VP><V syntax="H">phối hợp</V><NP><N syntax="H">tác</N></NP><PP><E syntax="H">với</E><NP><L>các</L><N syntax="H">cơ quan</N><VP><V syntax="H">tương ứng</V><PP><E syntax="H">của</E><NP><N syntax="H">phía</N><Np>Nhật Bản</Np></NP></PP></VP></NP></PP></VP></NP></VP></PP></NP></VP><dot>.</dot></S></SENTENCE></root>