<?xml version="1.0" ?><root><SENTENCE id="1"><S><S><NP syntax="SUB"><Np syntax="H">Nga</Np></NP><VP><VP><R>sẽ</R><A syntax="H">ưu tiên</A><VP><V syntax="H">hội nhập</V><PP><E syntax="H">về</E><NP><N syntax="H">kinh tế</N><PP><E syntax="H">trên</E><NP><N syntax="H">cơ sở</N><NP><L>các</L><N syntax="H">nguyên tắc</N><N>thị trường</N><AP><A syntax="H">tự do</A></AP></NP></NP></PP></NP></PP></VP></VP><com>,</com><VP><V syntax="H">củng cố</V><NP><N syntax="H">Cộng đồng</N><N>kinh tế</N><AP><A syntax="H">á âu</A></AP></NP></VP></VP></S><com>,</com><C>và</C><S><NP syntax="SUB"><N syntax="H">tạo dựng</N><M>một</M></NP><VP><V syntax="H">liên minh</V><PP><E syntax="H">về</E><NP><N syntax="H">hải quan</N></NP></PP></VP></S><dot>.</dot></S></SENTENCE></root>