<?xml version="1.0" ?><root><SENTENCE id="1"><S><PP><E syntax="H">Theo</E><NP><L>các</L><N syntax="H">kế hoạch</N><P>này</P></NP></PP><com>,</com><NP syntax="SUB"><Np syntax="H">Mỹ</Np></NP><VP><VP><R>có thể</R><V syntax="H">đóng</V><N>quân</N><PP><E syntax="H">ở</E><NP><N syntax="H">ốt</N><eds>-</eds><NP><N syntax="H">xờ-trây-li</N><eds>-</eds><N>a</N></NP></NP></PP><PP><E syntax="H">để</E><VP><V syntax="H">thực hiện</V><NP><L>các</L><N syntax="H">sứ mạng</N><V>cứu trợ</V></NP></VP></PP></VP><com>,</com><VP><V syntax="H">ở</V><NP><L>các</L><N syntax="H">nước</N><N>láng giềng</N></NP></VP></VP><dot>.</dot></S></SENTENCE></root>