<?xml version="1.0" ?><root><SENTENCE id="1"><S><NP syntax="SUB"><N syntax="H">Hiện nay</N></NP><com>,</com><S><C>mặc dù</C><NP syntax="SUB"><Np syntax="H">EC</Np></NP><VP><R>chưa</R><V syntax="H">công nhận</V><NP><Np syntax="H">Việt Nam</Np></NP></VP></S><C>là</C><S><NP syntax="SUB"><N syntax="H">nước</N></NP><VP><V syntax="H">có</V><NP><N syntax="H">nền</N><N>kinh tế thị trường</N><com>,</com><AP><A syntax="H">hoàn toàn</A></AP></NP></VP></S><com>,</com><C>tuy nhiên</C><S><C>do</C><VP syntax="SUB"><V syntax="H">đánh giá</V><A>cao</A><NP><L>những</L><N syntax="H">tiến bộ</N><AP><A>nhiều</A><N>mặt</N></AP><PP><E syntax="H">của</E><NP><Np syntax="H">Việt Nam</Np></NP></PP><PP><E syntax="H">trong</E><NP><N syntax="H">quá trình</N></NP></PP></NP></VP><VP><VP><V syntax="H">hội nhập</V><NP><N syntax="H">kinh tế</N></NP></VP><C>và</C><VP><V syntax="H">phát triển</V></VP></VP></S><com>,</com><C>nên</C><S><PP><E syntax="H">từ</E><NP><N syntax="H">năm</N><M>2000</M></NP></PP><com>,</com><NP syntax="SUB"><Np syntax="H">EU</Np></NP><VP><R>đã</R><V syntax="H">dành</V><PP><E syntax="H">cho</E><NP><N syntax="H">Việt Nam Quy</N><V>chế</V><N>kinh tế thị trường</N><AP><A syntax="H">tạm thời</A></AP></NP></PP></VP></S><dot>.</dot></S></SENTENCE></root>