<?xml version="1.0" ?><root><SENTENCE id="1"><S><PP><E syntax="H">Trong</E><NP><M>10</M><N syntax="H">năm</N><V>qua</V></NP></PP><com>,</com><NP syntax="SUB"><N syntax="H">khách sạn</N><Np>Rẽ</Np></NP><VP><VP><R>đã</R><V syntax="H">góp phần</V><VP><V syntax="H">giới thiệu</V><PP><E syntax="H">với</E><NP><N syntax="H">thế giới</N></NP></PP><PP><E syntax="H">về</E><NP><N syntax="H">đất nước</N><com>,</com><N syntax="H">con người</N><Np>Việt Nam</Np></NP></PP></VP></VP><com>,</com><VP><V syntax="H">thông qua</V><NP><N syntax="H">việc</N><VP><V syntax="H">tổ chức</V><NP><NP><L>các</L><N syntax="H">hoạt động</N><V>ẩm thực</V></NP><com>,</com><NP><N syntax="H">âm nhạc</N><VP><V syntax="H">mang</V><A>đậm nét</A><NP><N syntax="H">văn hoá</N><NP><L>các</L><N syntax="H">dân tộc</N><NP><Np syntax="H">Việt Nam</Np></NP></NP></NP></VP></NP></NP></VP></NP></VP></VP><dot>.</dot></S></SENTENCE></root>