<?xml version="1.0" ?><root><SENTENCE id="1"><S><NP syntax="SUB"><R>Hàng</R><N syntax="H">năm</N></NP><com>,</com><NP syntax="SUB"><L>các</L><N syntax="H">giải thưởng</N></NP><VP><VP><V syntax="H">được</V><VP><V syntax="H">bình chọn</V><PP><E syntax="H">bởi</E><NP><L>các</L><N syntax="H">chuyên gia</N><N>lữ hành</N><AP><A>đầy</A><N>kinh nghiệm</N></AP><com>,</com><NP><N syntax="H">uy tín</N></NP><C>và</C><NP><L>các</L><N syntax="H">khách hàng</N><PP><E syntax="H">trên</E><NP><N syntax="H">toàn</N><N>thế giới</N></NP></PP></NP></NP></PP></VP></VP><com>,</com><VP><V syntax="H">nhằm</V><VP><V syntax="H">vinh danh</V><NP><L>các</L><N syntax="H">dịch vụ</N><N>lữ hành</N><AP><A>tốt</A><R>nhất</R></AP><com>,</com><NP><L>các</L><N syntax="H">khách sạn</N><A>hàng đầu</A></NP><C>và</C><NP><L>các</L><N syntax="H">hãng</N><N>hàng không</N><N>uy tín</N></NP></NP></VP></VP></VP><dot>.</dot></S></SENTENCE></root>