<?xml version="1.0" ?><root><SENTENCE id="1"><S><NP><N syntax="H">Dự án</N></NP><PP><E syntax="H">do</E><NP><N syntax="H">Quỹ Giảm</N><A>nghèo</A><PP><E syntax="H">của</E><NP><N syntax="H">Chính phủ</N><Np>Nhật Bản</Np></NP></PP></NP></PP><VP syntax="ADV"><V syntax="H">tài trợ</V><com>,</com><V syntax="H">ủy thác</V><PP><E syntax="H">qua</E><NP><N syntax="H">Ngân hàng</N><VP><V syntax="H">Phát triển</V><NP><N syntax="H">châu</N><Np>á</Np><com>,</com><NP><Ny>(</Ny><Np>ADB</Np></NP></NP></VP></NP></PP></VP><dot>.</dot><RBKT>)</RBKT></S></SENTENCE></root>