<?xml version="1.0" ?><root><SENTENCE id="1"><S><PP><E syntax="H">Theo</E><NP><Nc syntax="H">ông</Nc><Np>Hiền</Np></NP></PP><com>,</com><C>do</C><PP><R>đang</R><E syntax="H">ở</E><NP><N syntax="H">thời điểm</N><VP><V syntax="H">giao</V><N>mùa</N></VP></NP></PP><com>,</com><S><NP syntax="SUB"><N syntax="H">ý thức</N><VP><V syntax="H">vệ sinh</V><V syntax="H">ăn uống</V><PP><E syntax="H">của</E><NP><N syntax="H">người dân</N></NP></PP></VP></NP><AP><R>chưa</R><A syntax="H">cao</A></AP></S><com>,</com><C>vì vậy</C><S><NP syntax="SUB"><N syntax="H">số</N><N>bệnh nhân</N></NP><VP><V>bị</V><V syntax="H">tiêu</V><V>chẩy</V><NP><N syntax="H">cấp</N><V>nhập viện</V><VP><V syntax="H">gia tăng</V></VP></NP></VP></S><dot>.</dot></S></SENTENCE></root>