<?xml version="1.0" ?><root><SENTENCE id="1"><S><NP syntax="SUB"><N syntax="H">Bên cạnh</N><P>đó</P></NP><com>,</com><NP syntax="SUB"><N syntax="H">dự án</N></NP><VP><R>sẽ</R><V syntax="H">nâng cấp</V><NP><N syntax="H">kỹ năng</N><com>,</com><N syntax="H">trình độ</N><AP><A>ứng dụng</A><A>CNTT</A></AP><PP><E syntax="H">cho</E><NP><N syntax="H">công chức</N></NP></PP><sco>;</sco><VP><V syntax="H">khuyến khích</V><V syntax="H">phát triển</V><NP><N syntax="H">công nghiệp</N><Np>CNTT</Np></NP></VP><com>,</com><C>và</C><VP><V syntax="H">hỗ trợ</V><NP><L>các</L><N syntax="H">doanh nghiệp</N><AP><A>vừa</A><C>và</C><A syntax="H">nhỏ</A></AP><VP><V syntax="H">ứng dụng</V><NP><N syntax="H">CNTT</N></NP><PP><E syntax="H">trong</E><NP><N syntax="H">hoạt động</N><VP><V>sản xuất</V><V syntax="H">kinh doanh</V></VP></NP></PP></VP></NP></VP><com>,</com><AP><A>đặc biệt</A><PP><E syntax="H">trong</E><VP><V syntax="H">xúc tiến</V><N>thương mại</N></VP></PP></AP><C>và</C><VP><V syntax="H">xây dựng</V></VP><com>,</com><VP><V syntax="H">quảng bá</V><N>thương hiệu</N></VP></NP></VP><dot>.</dot></S></SENTENCE></root>