<?xml version="1.0" ?><root><SENTENCE id="1"><S><S><NP syntax="SUB"><N syntax="H">ủy ban</N><N>Tổ chức</N><Ny>Trưng cầu dân ý</Ny><PP><E syntax="H">của</E><NP><N syntax="H">Chính phủ</N><Np>Mianma</Np></NP></PP></NP><VP><V syntax="H">cho biết</V></VP></S><com>,</com><S><NP syntax="SUB"><P syntax="H">họ</P></NP><VP><V syntax="H">ấn định</V><NP><N syntax="H">thời điểm</N><N>trên</N></NP><com>,</com><PP><E syntax="H">sau</E><NP><N syntax="H">khi</N><SBAR><S><NP syntax="SUB"><N syntax="H">cơ quan</N></NP><VP><VP><V syntax="H">gồm</V><NP><M>45</M><N syntax="H">thành viên</N><P>này</P></NP></VP><com>,</com><VP><V syntax="H">đánh giá</V></VP><C>rằng</C><VP><V>công tác</V><V syntax="H">chuẩn bị</V><AP><R>đã</R><quo syntax="H">"</quo><A>sẵn sàng</A></AP></VP></VP></S></SBAR></NP></PP></VP></S><dot>.</dot><quo>"</quo></S></SENTENCE></root>