<?xml version="1.0" ?><root><SENTENCE id="1"><S><NP syntax="SUB"><N syntax="H">Bộ</N><NP><N syntax="H">Ngoại</N><V>giao</V></NP></NP><VP><V syntax="H">là</V><NP><N syntax="H">cơ quan</N><NP><N syntax="H">đầu mối</N></NP><com>,</com><AP><R>sẽ</R><A syntax="H">cùng</A><NP><NP><L>các</L><N syntax="H">bộ</N></NP><com>,</com><N syntax="H">ngành</N><com>,</com><N>địa phương</N><PP><E syntax="H">của</E><NP><P syntax="H">ta</P></NP></PP></NP></AP><com>,</com><VP><VP><V syntax="H">bàn</V><NP><L>các</L><N syntax="H">biện pháp</N><AP><A syntax="H">cụ thể</A></AP><PP><E syntax="H">để</E><VP><A>nhanh chóng</A><V syntax="H">triển khai</V><NP><L>các</L><N syntax="H">thoả thuận</N></NP></VP></PP></NP></VP><C>và</C><VP><V syntax="H">thông qua</V><NP><L>các</L><N syntax="H">bộ máy</N><com>,</com><N syntax="H">cơ chế</N><VP><R>đã</R><V syntax="H">có</V></VP></NP></VP></VP></NP></VP><com>,</com><PP><E syntax="H">để</E><VP><V syntax="H">kiểm tra</V></VP></PP><com syntax="SUB">,</com><VP syntax="SUB"><VP><V syntax="H">đôn đốc</V><AP><A syntax="H">thường xuyên</A></AP></VP><com>,</com><VP><V syntax="H">giải quyết</V><A>kịp thời</A><NP><L>các</L><N syntax="H">ách tắc</N></NP></VP></VP><dot>.</dot></S></SENTENCE></root>