<?xml version="1.0" ?><root><SENTENCE id="1"><S><C>Sinh thời</C><com>,</com><AP><A>trong suốt</A><A>hơn</A></AP><NP syntax="SUB"><M>60</M><N syntax="H">năm</N><VP><V syntax="H">hoạt động</V><N>cách mạng</N></VP></NP><com>,</com><NP syntax="SUB"><N syntax="H">ông</N></NP><VP><R>luôn thể</R><V syntax="H">hiện</V><NP><N syntax="H">phẩm chất</N><A>cao đẹp</A><PP><E syntax="H">của</E><NP><M>một</M><N syntax="H">chiến sĩ</N><AP><A>cộng sản</A><A>ưu tú</A></AP></NP></PP></NP></VP><dot>.</dot></S></SENTENCE></root>