<?xml version="1.0" ?><root><SENTENCE id="1"><S><NP syntax="SUB"><N syntax="H">Lần</N><N>đầu tiên</N></NP><com>,</com><NP syntax="SUB"><NP><N syntax="H">công chúng</N><Np>Hà Tây</Np></NP><C>và</C><NP><L>một số</L><N syntax="H">tỉnh</N><A>lân cận</A></NP></NP><VP><V syntax="H">được</V><VP><A>tận mắt</A><V syntax="H">chiêm ngưỡng</V><NP><A>nhiều</A><N syntax="H">cổ vật</N><AP><A syntax="H">đặc sắc</A></AP><com>,</com><PP><E syntax="H">từ</E><NP><L>các</L><N syntax="H">nền</N><N>văn hoá</N><PP><E syntax="H">ở</E><NP><N syntax="H">miền</N><Np>Trung</Np></NP><C>và</C><NP><N syntax="H">miền</N><Np>Nam</Np></NP></PP></NP></PP><com>,</com><C>như</C><NP><Np syntax="H">Sa Huỳnh</Np><com>,</com><Np>Chăm Pa</Np><com>,</com><Np>Khơ Me</Np></NP><com>,</com><NP><N syntax="H">óc</N><NP><Np syntax="H">Eo</Np><C>và</C><Np>Nam Bộ</Np></NP></NP></NP></VP></VP><dot>.</dot></S></SENTENCE></root>