<?xml version="1.0" ?><root><SENTENCE id="1"><S><NP syntax="SUB"><L>Những</L><N syntax="H">hình ảnh</N><P>này</P></NP><VP><R>sẽ</R><V syntax="H">được</V><V syntax="H">gửi</V><PP><E syntax="H">tới</E><NP><N syntax="H">bạn bè</N><A>quốc tế</A></NP></PP><com>,</com><PP><E syntax="H">để</E><VP><V syntax="H">vận động</V><SBAR><S><NP syntax="SUB"><P syntax="H">họ</P></NP><VP><VP><V syntax="H">ủng hộ</V></VP><com>,</com><VP><V syntax="H">giúp đỡ</V></VP><com>,</com><C>và</C><VP><V syntax="H">đòi</V><NP><N syntax="H">công lý</N></NP><PP><E syntax="H">cho</E><NP><L>các</L><N syntax="H">nạn nhân</N><NP><N syntax="H">chất độc</N><N>da cam</N></NP><NP><Np syntax="H">Việt Nam</Np></NP></NP></PP></VP></VP></S></SBAR></VP></PP></VP><dot>.</dot></S></SENTENCE></root>