<?xml version="1.0" ?><root><SENTENCE id="1"><S><PP><E syntax="H">Sau</E><NP><N syntax="H">khi</N><VP><V syntax="H">hoàn thành</V></VP></NP></PP><com>,</com><NP syntax="SUB"><N syntax="H">Nhà máy</N></NP><VP><R>sẽ</R><V syntax="H">đáp ứng</V><NP><N syntax="H">nhu cầu</N><VP><R>đang</R><V syntax="H">tăng</V><R>lên</R><PP><E syntax="H">của</E><NP><N syntax="H">thị trường</N></NP></PP><PP><E syntax="H">về</E><NP><NP><L>các</L><N syntax="H">dòng</N><N>sản phẩm</N><VP><V syntax="H">ắc</V><NP><N syntax="H">quy</N><N>chì</N></NP></VP></NP><com>,</com><NP><N syntax="H">ãit</N></NP><com>,</com><C>và</C><NP><L>các</L><N syntax="H">sản phẩm</N><N>ắc</N><NP><N syntax="H">quy</N><A>cao cấp</A></NP><AP><A syntax="H">khác</A></AP></NP></NP></PP></VP></NP></VP><dot>.</dot></S></SENTENCE></root>