<?xml version="1.0" ?><root><SENTENCE id="1"><S><VP><V syntax="H">Trả lời</V><VP><V syntax="H">phỏng vấn</V><PP><E syntax="H">của</E><NP><Ny>TTXVN</Ny></NP></PP></VP></VP><com>,</com><NP syntax="SUB"><Nc syntax="H">ông</Nc><Np>Jamé Mỏan</Np></NP><VP><V syntax="H">nêu</V><AP><A syntax="H">rõ</A></AP><com>,</com><SBAR><S><NP syntax="SUB"><Np syntax="H">EU</Np></NP><AP><R>hết sức</R><A syntax="H">phấn khởi</A></AP></S><com>,</com><S><NP><N syntax="H">trước</N></NP><NP syntax="SUB"><N syntax="H">sự kiện</N><Np>Việt Nam</Np></NP><VP><VP><V syntax="H">trở thành</V><NP><N syntax="H">thành viên</N><PP><E syntax="H">của</E><NP><N syntax="H">Tổ chức</N><N>Thương mại</N><NP><Np syntax="H">Thế giới</Np></NP><com>,</com><NP><Ny>(</Ny><Np>WTO</Np><Ny>)</Ny></NP></NP></PP></NP></VP><com>,</com><VP><R>đồng thời</R><V syntax="H">khẳng định</V></VP></VP></S><com>,</com><S><NP syntax="SUB"><Np syntax="H">EU</Np></NP><VP><R>luôn</R><V syntax="H">là</V><NP><N syntax="H">nhà</N><VP><V syntax="H">tài trợ</V><AP><A>lớn</A><R>nhất</R><PP><E syntax="H">của</E><NP><Np syntax="H">Việt Nam</Np></NP></PP></AP></VP></NP></VP></S></SBAR></VP><dot>.</dot></S></SENTENCE></root>