<?xml version="1.0" ?><root><SENTENCE id="1"><S><PP><E syntax="H">Theo</E><VP><V syntax="H">quy hoạch</V><NP><N syntax="H">trước mắt</N></NP></VP></PP><com>,</com><NP syntax="SUB"><Np syntax="H">Hà Nội</Np></NP><VP><VP><V syntax="H">tập trung</V><VP><V syntax="H">đầu tư</V><NP><L>một số</L><N syntax="H">dự án</N><N>trọng điểm</N></NP></VP></VP><com>,</com><VP><V syntax="H">nhằm</V><VP><VP><V syntax="H">giải quyết</V><A>cơ bản</A><VP><V syntax="H">ách tắc</V><NP><N syntax="H">giao thông</N></NP></VP></VP><com>,</com><C>và</C><VP><V syntax="H">tôn tạo</V><NP><N syntax="H">cảnh quan</N><N>đô thị</N></NP></VP><com>,</com><VP><V syntax="H">phục vụ</V><VP><V syntax="H">kỷ niệm</V><NP><M>1000</M><N syntax="H">năm</N><NP><Np syntax="H">Thăng Long</Np><com>,</com><NP><Np syntax="H">Hà Nội</Np></NP></NP></NP></VP></VP></VP></VP></VP><dot>.</dot></S></SENTENCE></root>