<?xml version="1.0" ?><root><SENTENCE id="1"><S><VP><V syntax="H">Phát biểu</V><PP><E syntax="H">tại</E><NP><N syntax="H">diễn đàn</N></NP></PP></VP><com>,</com><NP syntax="SUB"><N syntax="H">đại diện</N><PP><E syntax="H">của</E><NP><N syntax="H">Hãng</N><N>phần mềm</N><NP><Np syntax="H">Oracle</Np><quo>(</quo><Np>Hoa Kỳ</Np><quo>)</quo></NP><com>,</com><VP><R>đã</R><V syntax="H">trao đổi</V><NP><N syntax="H">kinh nghiệm</N><PP><E syntax="H">về</E><NP><N syntax="H">ứng dụng</N><N>công nghệ</N></NP></PP></NP></VP></NP></PP></NP><VP><VP><V syntax="H">nhúng</V><PP><E syntax="H">trong</E><NP><N syntax="H">sản xuất</N><N>phần mềm</N></NP></PP></VP><com>,</com><C>và</C><VP><V syntax="H">khẳng định</V><SBAR><S><S><NP syntax="SUB"><Np syntax="H">Oracle</Np></NP><AP><A syntax="H">sẵn sàng</A></AP><VP><V syntax="H">hợp tác</V><com>,</com><V syntax="H">giúp đỡ</V></VP></S><com>,</com><S><NP syntax="SUB"><L>các</L><N syntax="H">doanh nghiệp</N><Np>Việt Nam</Np><PP><E syntax="H">trong</E><VP><VP><V syntax="H">phát triển</V><NP><N syntax="H">phần mềm</N></NP></VP><com>,</com><VP><V syntax="H">ứng dụng</V><NP><N syntax="H">công nghệ</N></NP></VP></VP></PP></NP><VP><V syntax="H">nhúng</V></VP></S></S></SBAR></VP></VP><dot>.</dot></S></SENTENCE></root>