<?xml version="1.0" ?><root><SENTENCE id="1"><S><NP syntax="SUB"><N syntax="H">ụ</N></NP><VP><V syntax="H">có</V><NP><N syntax="H">chiều</N><AP><A>dài</A><NP><Nu syntax="H">380m</Nu></NP></AP><com>,</com><AP><A>rộng</A><M syntax="H">90m</M></AP><C>và</C><AP><A>sâu</A><M syntax="H">15m</M></AP><com>,</com><VP><VP><R>có thể</R><V syntax="H">đáp ứng</V><NP><N syntax="H">nhu cầu</N><VP><VP><V syntax="H">đóng</V></VP><C>và</C><VP><V syntax="H">sửa chữa</V><NP><N syntax="H">tàu biển</N></NP></VP></VP></NP></VP><com>,</com><VP><V syntax="H">có</V><NP><N syntax="H">trọng tải</N><NP><T>đến</T><M>300.000</M><Nu syntax="H">tấn</Nu></NP></NP></VP></VP></NP></VP><dot>.</dot></S></SENTENCE></root>