<?xml version="1.0" ?><root><SENTENCE id="1"><S><R>Hiện tại</R><com>,</com><NP syntax="SUB"><Np syntax="H">Thái Lan</Np></NP><VP><VP><R>đang</R><A>tạm</A><V syntax="H">dẫn</V><VP><V syntax="H">đầu bảng</V><NP><Ny syntax="H">A-H</Ny><PP><E syntax="H">với</E><NP><NP><M>4</M><N syntax="H">điểm</N><com>,</com><N>ốt</N></NP><eds>-</eds><NP><N syntax="H">xờ-trây-li</N><eds>-</eds><N>a</N></NP></NP></PP></NP></VP></VP><C>và</C><VP><V syntax="H">i</V><eds>-</eds><V syntax="H">rắc</V><VP><R>sẽ</R><V syntax="H">ra</V><NP><N syntax="H">sân</N></NP><PP><E syntax="H">vào</E><NP><N syntax="H">chiều</N><NP><N syntax="H">ngày</N><M>13/6</M></NP></NP></PP></VP></VP></VP><dot>.</dot></S></SENTENCE></root>