<?xml version="1.0" ?><root><SENTENCE id="1"><S><PP><E syntax="H">Tại</E><NP><N syntax="H">hội nghị</N></NP></PP><com>,</com><S><NP syntax="SUB"><N syntax="H">Thứ trưởng</N><Np>Bộ</Np><Ny>Nông</Ny><NP><N syntax="H">nghiệp</N><C>và</C><N syntax="H">Phát triển</N><Np>Nông thôn</Np><com>,</com><Np>Bùi Bá Bổng</Np></NP></NP><VP><V syntax="H">yêu cầu</V></VP></S><com>,</com><S><NP syntax="SUB"><L>các</L><N syntax="H">tỉnh</N></NP><VP><V syntax="H">phải</V><VP><V syntax="H">cảnh giác</V><PP><E syntax="H">với</E><NP><N syntax="H">dịch bệnh</N><NP><quo>"</quo><N syntax="H">tai</N><A>xanh</A><quo>"</quo></NP></NP></PP><com>,</com><SBAR><E syntax="H">vì</E><S><NP syntax="SUB"><P syntax="H">đây</P></NP><VP><V syntax="H">là</V><NP><N syntax="H">bệnh</N><A>mới</A><VP><V syntax="H">xuất hiện</V><PP><E syntax="H">ở</E><NP><Np syntax="H">Việt Nam</Np></NP></PP></VP></NP></VP></S></SBAR></VP></VP></S><dot>.</dot></S></SENTENCE></root>