<?xml version="1.0" ?><root><SENTENCE id="1"><S><PP><E syntax="H">Theo</E><NP><N syntax="H">Trung</N><N>tâm</N></NP></PP><com>,</com><NP syntax="SUB"><N syntax="H">nguyên nhân</N><PP><E syntax="H">của</E><NP><N syntax="H">trạng thái</N><N>thời tiết</N><P>này</P></NP></PP><com>,</com><VP><V syntax="H">là</V><SBAR><E syntax="H">do</E><S><NP syntax="SUB"><N syntax="H">rãnh</N><N>áp thấp</N></NP><VP><V syntax="H">có</V><NP><N syntax="H">trục</N><VP><V syntax="H">đi</V><R>qua</R><NP><Np syntax="H">Bắc bộ</Np></NP></VP></NP></VP></S></SBAR></VP></NP><com>,</com><VP syntax="SUB"><V syntax="H">nối</V><PP><E syntax="H">với</E><NP><N syntax="H">vùng</N><N>áp thấp</N><PP><E syntax="H">trên</E><NP><N syntax="H">khu vực</N><NP><N syntax="H">bắc</N><N>biển</N><Np>đông</Np></NP></NP></PP><com>,</com><VP><R>còn</R><V syntax="H">hoạt động</V><PP><E syntax="H">trong</E><NP><M>hai</M><com>,</com><M>ba</M><N syntax="H">ngày</N><V>tới</V></NP></PP></VP></NP></PP></VP><dot>.</dot></S></SENTENCE></root>