<?xml version="1.0" ?><root><SENTENCE id="1"><S><SBAR><S><NP syntax="SUB"><P syntax="H">đây</P></NP><VP><V syntax="H">là</V><NP><M>một</M><N syntax="H">phần</N><PP><E syntax="H">của</E><NP><N syntax="H">chương trình</N><NP><N syntax="H">học bổng</N><N>ốt</N></NP></NP></PP></NP></VP></S></SBAR><eds>-</eds><NP syntax="SUB"><N syntax="H">xờ-trây-li</N><eds>-</eds><N>a</N></NP><VP><V syntax="H">trị giá</V><NP><NP><M>1,4</M><N syntax="H">tỷ</N><Nu>đôla</Nu><N>ốt</N></NP><eds>-</eds><NP><N syntax="H">xờ-trây-li</N><eds>-</eds><N>a</N></NP></NP><com>,</com><VP><V syntax="H">cung cấp</V><NP><M>19.000</M><N syntax="H">học bổng</N><PP><E syntax="H">cho</E><NP><L>các</L><N syntax="H">cá nhân</N><NP><N syntax="H">khu vực</N><N>châu</N></NP><VP><V syntax="H">á Thái Bình Dương</V></VP></NP></PP></NP></VP><com>,</com><VP><V syntax="H">theo</V><VP><V syntax="H">học</V><PP><E syntax="H">tại</E><NP><N syntax="H">ốt</N><eds>-</eds><NP><N syntax="H">xờ-trây-li</N><eds>-</eds><N>a</N></NP></NP></PP></VP></VP></VP><dot>.</dot></S></SENTENCE></root>