<?xml version="1.0" ?><root><SENTENCE id="1"><S><PP><E syntax="H">Trong</E><NP><N syntax="H">thời gian</N><VP><V syntax="H">chuẩn bị</V><VP><V syntax="H">giải phóng</V><NP><Np syntax="H">Sài Gòn</Np></NP></VP></VP></NP></PP><com>,</com><NP syntax="SUB"><N syntax="H">đồng chí</N></NP><VP><VP><V syntax="H">được</V><NP><N syntax="H">Trung ương</N><N>Cục</N></NP></VP><com>,</com><VP><V syntax="H">phân công</V><VP><V syntax="H">làm</V><NP><N syntax="H">Bí thư</N><N>đảng uỷ</N></NP></VP></VP><com>,</com><AP><A>đặc biệt</A><PP><E syntax="H">trong</E><NP><Np syntax="H">Uỷ ban</Np><com>,</com><NP><N syntax="H">Quân quản</N><NP><N syntax="H">thành phố</N><Np>Sài Gòn</Np></NP></NP></NP></PP></AP></VP><dot>.</dot></S></SENTENCE></root>