<?xml version="1.0" ?><root><SENTENCE id="1"><S><NP syntax="SUB"><N syntax="H">Chủ tịch</N><NP><N syntax="H">Quốc hội</N><Np>Nguyễn Phú Trọng</Np><com>,</com><VP><V syntax="H">giới thiệu</V></VP><NP><Nc syntax="H">ông</Nc><Np>Vương đình Huệ</Np><com>,</com><NP><Np syntax="H">Uỷ viên</Np></NP></NP></NP><NP><N syntax="H">Ban</N><Np>Chấp</Np></NP></NP><VP><VP><V syntax="H">hành</V><NP><N syntax="H">Trung ương</N><Np>đảng</Np></NP></VP><com>,</com><VP><V syntax="H">Phó Tổng</V><NP><N syntax="H">kiểm toán</N><N>Nhà nước</N></NP></VP><com>,</com><VP><V syntax="H">để</V><NP><N syntax="H">Quốc hội</N><VP><V syntax="H">bầu</V><VP><V syntax="H">giữ</V><NP><N syntax="H">chức</N><com>,</com><N syntax="H">Tổng</N><VP><V syntax="H">kiểm toán</V><NP><N syntax="H">Nhà nước</N></NP></VP></NP></VP></VP></NP></VP></VP><dot>.</dot></S></SENTENCE></root>