<?xml version="1.0" ?><root><SENTENCE id="1"><S><NP syntax="SUB"><N syntax="H">Mục tiêu</N></NP><VP><VP><V syntax="H">được</V><SBAR><S><NP syntax="SUB"><N syntax="H">thể thao</N><Np>Việt Nam</Np></NP><VP><V syntax="H">đặt</V><R>ra</R></VP></S></SBAR></VP><com>,</com><VP><V syntax="H">là</V><VP><V syntax="H">tiếp tục</V><VP><V syntax="H">giữ</V><NP><N syntax="H">vị trí</N><NP><N syntax="H">tốp</N><A>đầu</A><PP><E syntax="H">tại</E><NP><N syntax="H">giải</N><N>thể thao</N><AP><A>lớn</A><R>nhất</R><NP><N syntax="H">khu vực</N><P>này</P></NP></AP></NP></PP></NP></NP></VP></VP></VP></VP><dot>.</dot></S></SENTENCE></root>