<?xml version="1.0" ?><root><SENTENCE id="1"><S><VP><V syntax="H">Phát biểu</V><PP><E syntax="H">tại</E><NP><N syntax="H">lễ</N><V>khai mạc</V></NP></PP></VP><com>,</com><NP syntax="SUB"><N syntax="H">Tổng Giám</N><N>đốc</N><NP><Ny>TTXVN</Ny><Np>Nguyễn Quốc Uy</Np></NP></NP><VP><R>đã</R><V syntax="H">nhấn mạnh</V><NP><NP><N syntax="H">ý nghĩa</N><A>to lớn</A></NP><com>,</com><C>và</C><NP><L>những</L><N syntax="H">ảnh hưởng</N><PP><E syntax="H">của</E><NP><N syntax="H">Cách mạng</N><NP><N syntax="H">tháng</N><M>Mười</M></NP></NP></PP><PP><E syntax="H">đối với</E><NP><NP><N syntax="H">nước</N><Np>Nga</Np></NP><C>và</C><NP><R>toàn</R><N syntax="H">nhân loại</N></NP></NP></PP></NP></NP></VP><dot>.</dot></S></SENTENCE></root>