<?xml version="1.0" ?><root><SENTENCE id="1"><S><NP syntax="SUB"><N syntax="H">Tương tự</N><C>như</C><NP><N syntax="H">sàn</N><NP><N syntax="H">Thành phố</N><Np>Hồ Chí Minh</Np><com>,</com><NP><N syntax="H">đà</N><V>tăng giá</V><PP><E syntax="H">của</E><NP><L>các</L><N syntax="H">cổ phiếu</N></NP></PP><PP><E syntax="H">tại</E><NP><N syntax="H">sàn</N><NP><Np syntax="H">Hà Nội</Np></NP></NP></PP></NP></NP></NP></NP><VP><VP><R>đã</R><V syntax="H">có</V><NP><N syntax="H">dấu hiệu</N><AP><A>chững</A><R>lại</R></AP></NP></VP><com>,</com><C>và</C><VP><V syntax="H">có</V><NP><R>khá</R><A>nhiều</A><N syntax="H">cổ phiếu</N><VP><V syntax="H">quay</V><NP><N syntax="H">đầu</N><VP><V syntax="H">giảm</V><NP><N syntax="H">điểm</N></NP></VP></NP></VP><com>,</com><PP><E syntax="H">sau</E><NP><A>nhiều</A><N syntax="H">phiên</N></NP></PP><VP><V syntax="H">tăng</V><A>mạnh</A></VP></NP></VP></VP><dot>.</dot></S></SENTENCE></root>