<?xml version="1.0" ?><root><SENTENCE id="1"><S><PP><E syntax="H">Từ</E><NP><N syntax="H">liên hoan</N><P>này</P></NP></PP><com>,</com><NP syntax="SUB"><N syntax="H">Liên chi</N><N>hội</N><NP><N syntax="H">xiếc</N><Np>Việt Nam</Np></NP></NP><VP><R>sẽ</R><V syntax="H">tìm</V><R>ra</R><NP><L>những</L><N syntax="H">mặt</N><AP><A syntax="H">mạnh</A></AP><C>và</C><VP><V syntax="H">hạn chế</V><PP><E syntax="H">trong</E><VP><VP><V syntax="H">sáng tác</V></VP><C>và</C><VP><V syntax="H">biểu diễn</V><NP><N syntax="H">ảo thuật</N></NP></VP></VP></PP><com>,</com><PP><E syntax="H">để</E><VP><VP><V syntax="H">rút</V><NP><N syntax="H">kinh nghiệm</N></NP></VP><com>,</com><VP><V syntax="H">nâng</V><A>cao</A><NP><N syntax="H">chất lượng</N><V>biểu diễn</V></NP></VP></VP></PP><com>,</com><PP><E syntax="H">để</E><VP><VP><X>ngày càng</X><V syntax="H">có</V><NP><A>nhiều</A><N syntax="H">tiết mục</N><V>ảo thuật</V></NP></VP><com>,</com><VP><V syntax="H">mang</V><NP><N syntax="H">tính</N><N>khoa học</N></NP></VP><C>và</C><VP><V syntax="H">đặc thù</V></VP></VP></PP></VP></NP></VP><dot>.</dot></S></SENTENCE></root>