<?xml version="1.0" ?><root><SENTENCE id="1"><S><C>Mặc dù</C><S><VP><V syntax="H">có</V><NP><A>nhiều</A><N syntax="H">yếu tố</N><VP><V syntax="H">tác động</V><PP><E syntax="H">đến</E><NP><N syntax="H">giá thành</N><N>sản phẩm</N></NP></PP></VP><com>,</com><AP><A>như</A><NP><NP><N syntax="H">giá</N><N>điện</N></NP><com>,</com><NP><N syntax="H">than</N></NP><com>,</com><NP><N syntax="H">bột giấy</N><V>tăng</V></NP></NP></AP></NP></VP></S><com>,</com><C>nhưng</C><S><NP syntax="SUB"><N syntax="H">giá</N><VP><V syntax="H">bán</V><NP><N syntax="H">giấy</N></NP><PP><E syntax="H">trong</E><NP><N syntax="H">nước</N></NP></PP></VP></NP><VP><R>vẫn</R><V syntax="H">được</V><VP><V syntax="H">giữ</V><A>ổn định</A></VP></VP></S><dot>.</dot></S></SENTENCE></root>