<?xml version="1.0" ?><root><SENTENCE id="1"><S><S><NP syntax="SUB"><L>Các</L><N syntax="H">địa phương</N></NP><VP><V syntax="H">cần</V><VP><V syntax="H">tăng cường</V><V syntax="H">kiểm soát</V><NP><N syntax="H">việc</N><N>ấp</N></NP></VP><VP><VP><V syntax="H">nở</V></VP><com>,</com><VP><V syntax="H">thành lập</V><NP><L>các</L><N syntax="H">chốt</N><VP><V syntax="H">kiểm dịch</V></VP></NP></VP></VP><com>,</com><VP><V syntax="H">giám sát</V><AP><A>chặt chẽ</A><NP><L>các</L><N syntax="H">lò</N><N>ấp</N><NP><N syntax="H">trứng</N><N>vịt</N></NP></NP></AP></VP></VP></S><com>,</com><C>và</C><S><VP><V syntax="H">đóng cửa</V><NP><L>các</L><N syntax="H">lò</N><N>ấp</N></NP></VP><com>,</com><C>nếu</C><SBAR><S><NP syntax="SUB"><N syntax="H">ấp</N></NP><VP><V syntax="H">nở</V><NP><N syntax="H">vịt</N><N>con</N></NP></VP></S></SBAR></S><dot>.</dot></S></SENTENCE></root>