<?xml version="1.0" ?><root><SENTENCE id="1"><S><S><NP syntax="SUB"><N syntax="H">ông</N></NP><VP><R>cũng</R><V syntax="H">thông báo</V></VP></S><com>,</com><S><NP syntax="SUB"><N syntax="H">một số</N></NP><VP><V syntax="H">ưu đãi</V><com>,</com><PP><E syntax="H">đối với</E><NP><L>các</L><N syntax="H">doanh nghiệp</N><Np>Việt Nam</Np></NP></PP><NP><N syntax="H">khi</N><VP><V syntax="H">đầu tư</V><PP><E syntax="H">vào</E><NP><N syntax="H">nước</N><P>này</P></NP></PP></VP></NP></VP></S><dot>.</dot></S></SENTENCE></root>