<?xml version="1.0" ?><root><SENTENCE id="1"><S><PP><E syntax="H">Sau</E><NP><N syntax="H">lễ</N><V>niêm yết</V><NP><N syntax="H">bảng vàng</N></NP></NP></PP><com>,</com><NP syntax="SUB"><Nc syntax="H">đám</Nc><V>rước</V></NP><VP><V syntax="H">tiếp tục</V><VP><V syntax="H">di chuyển</V><PP><E syntax="H">về</E><NP><N syntax="H">cửa</N><Np>Thể Nhơn</Np><com>,</com><AP><A>thẳng</A><PP><E syntax="H">đến</E><NP><N syntax="H">cửa</N><Np>Hiển Nhơn</Np></NP></PP></AP></NP></PP><com>,</com><PP><E syntax="H">về</E><NP><Np syntax="H">Duyệt Thị đường</Np></NP></PP><PP><E syntax="H">để</E><VP><VP><V syntax="H">làm</V><NP><N syntax="H">lễ</N><V>nhận</V><N>ân tứ</N><AP><A syntax="H">vinh quy</A></AP></NP></VP><com>,</com><VP><V syntax="H">cưỡi</V><NP><N syntax="H">ngựa</N><N>thưởng hoa</N></NP></VP></VP></PP></VP></VP><dot>.</dot></S></SENTENCE></root>