<?xml version="1.0" ?><root><SENTENCE id="1"><S><PP><E syntax="H">Qua</E><NP><L>các</L><N syntax="H">đại sứ</N></NP></PP><com>,</com><NP syntax="SUB"><N syntax="H">Chủ tịch</N><NP><N syntax="H">nước</N><Np>Nguyễn Minh Triết</Np><com>,</com><VP><R>cũng</R><V syntax="H">cảm ơn</V><NP><L>các</L><N syntax="H">nước</N><VP><R>đã</R><V syntax="H">ủng hộ</V><NP><Np syntax="H">Việt Nam</Np></NP><VP><V syntax="H">gia nhập</V><NP><N syntax="H">Tổ chức</N><NP><N syntax="H">Thương mại</N><N>Thế giới</N></NP></NP></VP><com>,</com><NP><Ny>(</Ny><Np>WTO</Np><Ny>)</Ny></NP><com>,</com><NP><N syntax="H">ứng cử</N><N>ủy viên</N></NP></VP></NP></VP></NP></NP><VP><R>không</R><V syntax="H">thường trực</V><NP><N syntax="H">Hội đồng</N><N>Bảo an</N><NP><Np syntax="H">Liên Hợp Quốc</Np></NP><com>,</com><NP><N syntax="H">khoá</N><QP><M syntax="H">2008</M><com>,</com><M syntax="H">2009</M></QP></NP></NP></VP><dot>.</dot></S></SENTENCE></root>