<?xml version="1.0" ?><root><SENTENCE id="1"><S><NP syntax="SUB"><L>Những</L><N syntax="H">trò</N><V>diễn</V><AP><A syntax="H">đặc sắc</A></AP><PP><E syntax="H">của</E><NP><N syntax="H">nghệ thuật</N><N>rối nước</N><NP><N syntax="H">đồng bằng</N><N>sông</N><Np>Hồng</Np></NP></NP></PP><com>,</com><C>như</C><VP><V syntax="H">câu</V><NP><N syntax="H">ếch</N></NP></VP></NP><com>,</com><VP syntax="SUB"><VP><V syntax="H">múa</V><NP><N syntax="H">bát tiên</N></NP></VP><com>,</com><VP><V syntax="H">cáo</V><VP><V syntax="H">bắt</V><NP><N syntax="H">vịt</N></NP></VP></VP><com>,</com><VP><V syntax="H">vinh quy</V><NP><N syntax="H">bái tổ</N></NP></VP><com>,</com><VP><R>sẽ</R><V syntax="H">được</V><V>biểu diễn</V><PP><E syntax="H">tại</E><NP><N syntax="H">fétival</N><P>này</P></NP></PP></VP></VP><dot>.</dot></S></SENTENCE></root>