<?xml version="1.0" ?><root><SENTENCE id="1"><S><NP syntax="SUB"><L>Những</L><N syntax="H">nguồn</N></NP><VP><VP><V syntax="H">tài trợ</V></VP><com>,</com><VP><V syntax="H">ủng hộ</V></VP><com>,</com><VP><R>đều</R><V syntax="H">được</V><NP><N syntax="H">đoàn</N></NP><VP><V syntax="H">giữ</V><R>lại</R></VP></VP><PP><E syntax="H">để</E><VP><V syntax="H">giúp đỡ</V><NP><N syntax="H">nạn nhân</N><NP><N syntax="H">chất độc</N><N>da cam</N></NP></NP></VP></PP></VP><dot>.</dot></S></SENTENCE></root>