<?xml version="1.0" ?><root><SENTENCE id="1"><S><PP><E syntax="H">Bên cạnh</E><NP><P syntax="H">đó</P></NP></PP><com>,</com><NP syntax="SUB"><M>một</M><N syntax="H">nghị định</N><PP><E syntax="H">của</E><NP><N syntax="H">Chính phủ</N><Np>Lào</Np></NP></PP></NP><VP><R>mới</R><V syntax="H">ban hành</V><NP><N syntax="H">giữa</N><NP><N syntax="H">năm</N><P>nay</P></NP></NP><PP><E syntax="H">về</E><NP><N syntax="H">việc</N><VP><V syntax="H">cấm</V><VP><V syntax="H">xuất khẩu</V><NP><NP><N syntax="H">gỗ</N><A>tròn</A></NP><com>,</com><NP><N syntax="H">gỗ</N><VP><R>chưa</R><V syntax="H">qua</V><VP><V syntax="H">chế biến</V><VP><R>đã</R><V syntax="H">làm</V><VP><A>ế</A><V syntax="H">đọng</V><NP><M>một</M><N syntax="H">lượng</N><A>lớn</A><NP><N syntax="H">gỗ</N></NP><VP><R>đã</R><V syntax="H">khai thác</V><PP><E syntax="H">của</E><NP><L>các</L><N syntax="H">xí nghiệp</N><com>,</com><N>địa phương</N></NP></PP></VP></NP></VP><com>,</com><VP><V syntax="H">gây</V><NP><N syntax="H">thiệt hại</N><AP><R>không</R><A syntax="H">nhỏ</A></AP><PP><E syntax="H">do</E><SBAR><S><NP syntax="SUB"><N syntax="H">gỗ</N></NP><VP><V syntax="H">để</V><A>lâu</A></VP></S></SBAR></PP><VP><R>không</R><R>được</R><V syntax="H">bảo quản</V></VP></NP></VP><com>,</com><VP><V syntax="H">bị</V><VP><V syntax="H">giảm</V><NP><N syntax="H">chất lượng</N></NP></VP></VP></VP></VP></VP></NP></NP></VP></VP></NP></PP></VP><dot>.</dot></S></SENTENCE></root>