<?xml version="1.0" ?><root><SENTENCE id="1"><S><NP syntax="SUB"><P syntax="H">đây</P></NP><VP><V syntax="H">là</V><NP><N syntax="H">căn cứ quân sự</N><AP><A>quan trọng</A><A>đầu tiên</A></AP><PP><E syntax="H">của</E><NP><Np syntax="H">Mỹ</Np></NP></PP><com>,</com><VP><VP><V syntax="H">được</V><VP><V syntax="H">xây dựng</V><PP><E syntax="H">trên</E><NP><NP><N syntax="H">lãnh thổ</N><N>ốt</N></NP><eds>-</eds><NP><N syntax="H">xơ-trây-li</N><eds>-</eds><N>a</N></NP></NP></PP></VP></VP><com>,</com><VP><V syntax="H">kể</V><PP><E syntax="H">từ</E><NP><N syntax="H">thập kỷ</N><M>1960</M></NP></PP></VP></VP></NP></VP><dot>.</dot></S></SENTENCE></root>