<?xml version="1.0" ?><root><SENTENCE id="1"><S><NP syntax="SUB"><N syntax="H">Khi</N><SBAR><S><NP syntax="SUB"><L>những</L><N syntax="H">đợt</N><N>sóng</N><A>to</A><PP><E syntax="H">từ</E><NP><N syntax="H">biển</N></NP></PP></NP><VP><V syntax="H">ập</V><R>vào</R></VP></S></SBAR></NP><com>,</com><NP syntax="SUB"><L>những</L><Nc syntax="H">mảng</Nc><N>đất</N><AP><A syntax="H">lớn</A></AP></NP><VP><VP><V syntax="H">đổ</V><R>xuống</R><NP><N syntax="H">biển</N></NP></VP><C>và</C><VP><V syntax="H">bị</V><SBAR><S><NP syntax="SUB"><N syntax="H">sóng</N></NP><VP><V>cuốn</V><V syntax="H">đi</V></VP></S></SBAR></VP></VP><dot>.</dot></S></SENTENCE></root>