<?xml version="1.0" ?><root><SENTENCE id="1"><S><NP syntax="SUB"><P syntax="H">đây</P></NP><VP><V syntax="H">là</V><NP><N syntax="H">nguyên nhân</N><PP><E syntax="H">của</E><NP><L>những</L><N syntax="H">làn sóng</N><VP><V syntax="H">bán</V><NP><N syntax="H">sàn</N><V>ồ ạt</V></NP></VP></NP></PP><com>,</com><NP><R>bất kể</R><L>những</L><N syntax="H">đánh giá</N><com>,</com><N syntax="H">thông tin</N><AP><R>rất</R><A syntax="H">tốt</A></AP><PP><E syntax="H">từ</E><NP><L>các</L><N syntax="H">đơn vị</N><V>niêm yết</V></NP></PP></NP></NP></VP><dot>.</dot></S></SENTENCE></root>