<?xml version="1.0" ?><root><SENTENCE id="1"><S><NP syntax="SUB"><NP><NP><N syntax="H">Kết quả</N><V>kiểm</V><N>phiếu</N><SBAR><S><NP syntax="SUB"><N syntax="H">ban đầu</N></NP><VP><V>cho</V><V syntax="H">thấy</V></VP></S></SBAR></NP><com>,</com><NP><M>6</M><N syntax="H">ứng cử viên</N><V>đối lập</V></NP><com>,</com><NP><M>2</M><Nu syntax="H">ứng cử viên</Nu><N>độc lập</N></NP></NP><com>,</com><C>và</C><VP><R>chỉ</R><V syntax="H">có</V><NP><M>4</M><N syntax="H">ứng cử viên</N><PP><E syntax="H">của</E><NP><N syntax="H">chính quyền</N></NP></PP></NP></VP></NP><com>,</com><VP syntax="SUB"><R>đang</R><V syntax="H">dẫn đầu</V><PP><E syntax="H">trong</E><NP><N syntax="H">cuộc</N><V>chạy đua</V><PP><E syntax="H">tại</E><NP><Np syntax="H">Thượng viện</Np></NP></PP></NP></PP></VP><dot>.</dot></S></SENTENCE></root>