<?xml version="1.0" ?><root><SENTENCE id="1"><S><S><PP><E syntax="H">Từ</E><NP><N syntax="H">khi</N><VP><V syntax="H">xây dựng</V></VP></NP></PP><com>,</com><NP syntax="SUB"><N syntax="H">đề án</N><A>tổng thể</A></NP><VP><R>đã</R><V syntax="H">nhận</V><R>được</R><NP><Nc syntax="H">sự</Nc><V>góp ý</V><AP><A syntax="H">tích cực</A></AP><PP><E syntax="H">từ</E><NP><N syntax="H">phía</N><Np>EU</Np></NP></PP></NP></VP></S><com>,</com><C>và</C><S><NP syntax="SUB"><N syntax="H">khi</N><VP><V syntax="H">ban hành</V></VP></NP><VP><R>đã</R><V syntax="H">được</V><SBAR><S><NP syntax="SUB"><N syntax="H">phía</N><Np>EU</Np></NP><VP><VP><V syntax="H">ủng hộ</V></VP><C>và</C><VP><V syntax="H">đánh giá</V><A>cao</A></VP></VP></S></SBAR></VP></S><dot>.</dot></S></SENTENCE></root>