<?xml version="1.0" ?><root><SENTENCE id="1"><S><PP><E syntax="H">Với</E><NP><N syntax="H">khoản</N><N>kinh phí</N><A>mới</A></NP></PP><com syntax="SUB">,</com><VP syntax="SUB"><V syntax="H">ước tính</V><VP><R>sẽ</R><V syntax="H">có</V><NP><M>12</M><M>triệu</M><N syntax="H">người</N><PP><E syntax="H">trên</E><NP><N syntax="H">thế giới</N></NP></PP></NP><R>được</R></VP><VP><V syntax="H">tiếp cận</V><NP><L>các</L><N syntax="H">biện pháp</N><VP><V syntax="H">phòng chống</V><N>dịch bệnh</N></VP></NP></VP></VP><com>,</com><NP syntax="SUB"><A>cùng</A><A>khoảng</A><M>3</M><E>đến</E><M>5</M><M>triệu</M><N syntax="H">người</N><VP><V syntax="H">bị</V><NP><NP><Ny>AIDS</Ny></NP><com>,</com><NP><N syntax="H">lao</N></NP><C>và</C><NP><N syntax="H">sốt rét</N></NP></NP></VP></NP><VP><V>được</V><V syntax="H">điều trị</V></VP><dot>.</dot></S></SENTENCE></root>