<?xml version="1.0" ?><root><SENTENCE id="1"><S><PP><E syntax="H">Với</E><NP><N syntax="H">danh</N><N>nghiệp</N><VP><V syntax="H">xuất khẩu</V><VP><V syntax="H">có</V><NP><N syntax="H">uy tín</N><N>hàng đầu</N><PP><E syntax="H">trong</E><NP><L>các</L><N syntax="H">ngành nghề</N><SBAR><C>mà</C><S><S><NP syntax="SUB"><Np syntax="H">ACB</Np></NP><VP><R>đang</R><V syntax="H">ưu tiên</V><V syntax="H">tài trợ</V></VP></S><com>,</com><C>và</C><VP><A>thực sự</A><V syntax="H">sản xuất</V></VP></S></SBAR><com>,</com><VP><V syntax="H">kinh doanh</V><A>tốt</A></VP><com>,</com><C>với</C><VP><V syntax="H">tăng trưởng</V><A>ổn định</A></VP></NP></PP></NP></VP></VP></NP></PP><com>,</com><NP syntax="SUB"><Np syntax="H">ACB</Np></NP><VP><VP><R>có</R><V syntax="H">thể tài</V><AP><A syntax="H">trợ vốn</A></AP></VP><C>mà</C><VP><R>không</R><V syntax="H">cần</V><NP><N syntax="H">tài sản</N><V>bảo đảm</V></NP></VP></VP><dot>.</dot></S></SENTENCE></root>