<?xml version="1.0" ?><root><SENTENCE id="1"><S><S><NP syntax="SUB"><N syntax="H">Tập đoàn</N></NP><AP><R>cũng</R><A syntax="H">đủ</A><NP><N syntax="H">uy tín</N></NP></AP></S><com>,</com><S><PP><E syntax="H">để</E><AP><A>có thể</A><VP><V syntax="H">vay</V><NP><M>1</M><M>tỷ</M><Nu syntax="H">USD</Nu></NP></VP></AP></PP><VP><R>không</R><V syntax="H">có</V><V>bảo lãnh</V><PP><PP><E syntax="H">của</E><NP><N syntax="H">Chính phủ</N></NP></PP><com>,</com><PP><E syntax="H">tại</E><NP><N syntax="H">thời điểm</N><P>này</P></NP></PP></PP></VP></S><dot>.</dot></S></SENTENCE></root>