<?xml version="1.0" ?><root><SENTENCE id="1"><S><NP syntax="SUB"><N syntax="H">Giai đoạn</N><M>một</M></NP><com>,</com><VP syntax="SUB"><V syntax="H">bắt đầu</V><NP><N syntax="H">hồi</N><NP><N syntax="H">tháng</N><M>6</M></NP></NP><XP><X>vừa qua</X></XP></VP><com>,</com><NP syntax="SUB"><A>hơn</A><M>50.000</M><Nu syntax="H">binh sĩ</Nu></NP><com>,</com><VP syntax="SUB"><VP><R>đã</R><R>được</R><V syntax="H">triển khai</V><PP><E syntax="H">trên</E><NP><N syntax="H">đường phố</N></NP></PP><PP><E syntax="H">ở</E><NP><Np syntax="H">Bát-đa</Np></NP></PP></VP><com>,</com><C>nhưng</C><VP><R>vẫn</R><R>không</R><V syntax="H">ngăn</V><R>được</R><NP><N syntax="H">con số</N><NP><NP><L>các</L><N syntax="H">vụ</N><N>giết chóc</N></NP><com>,</com><NP><N syntax="H">trả đũa</N></NP><com>,</com><X>ngày càng</X><NP><N syntax="H">tăng</N><PP><E syntax="H">giữa</E><NP><NP><L>các</L><N syntax="H">giáo phái</N></NP><C>và</C><NP><L>các</L><N syntax="H">vụ</N><V>đánh</V><N>bom</N><AP><A syntax="H">bừa bãi</A></AP><com>,</com><PP><E syntax="H">ở</E><NP><N syntax="H">khu vực</N><N>thủ đô</N></NP></PP></NP></NP></PP></NP></NP></NP></VP></VP><dot>.</dot></S></SENTENCE></root>