<?xml version="1.0" ?><root><SENTENCE id="1"><S><S><PP><E syntax="H">Sau</E><NP><N syntax="H">khi</N><VP><V syntax="H">hoàn thành</V><NP><N syntax="H">kế hoạch</N><VP><V syntax="H">trồng</V><A>mới</A></VP></NP></VP></NP></PP><com>,</com><NP syntax="SUB"><N syntax="H">Công ty</N><N>cao su</N><NP><N syntax="H">đắk Lắk</N><VP><R>đã</R><V syntax="H">tiến hành</V><R>ngay</R></VP></NP></NP><com>,</com><NP><N syntax="H">việc</N><VP><V syntax="H">khai hoang</V><NP><N syntax="H">vùng đất</N><V>quy hoạch</V></NP></VP></NP></S><com>,</com><C>và</C><VP><VP><V syntax="H">tổ chức</V><VP><V syntax="H">làm</V><NP><N syntax="H">vườn ươm</N></NP></VP></VP><com>,</com><VP><V syntax="H">chuẩn bị</V><PP><E syntax="H">cho</E><NP><N syntax="H">kế hoạch</N><VP><V syntax="H">trồng</V><NP><NP><R>mới</R><A>trên</A><M>2.000</M><N syntax="H">héc-ta</N><N>cao su</N></NP><com>,</com><NP><M>150</M><N syntax="H">héc-ta</N><N>cà phê</N></NP><com>,</com><NP><M>500</M><N syntax="H">héc-ta</N><N>điều</N></NP><com>,</com><C>và</C><NP><A>trên</A><M>200</M><N syntax="H">héc-ta</N></NP></NP></VP></NP></PP><VP><V syntax="H">bạch đàn</V><PP><E syntax="H">vào</E><NP><N syntax="H">năm</N><M>2008</M></NP></PP></VP></VP></VP><dot>.</dot></S></SENTENCE></root>