<?xml version="1.0" ?><root><SENTENCE id="1"><S><PP><E syntax="H">Tại</E><NP><N syntax="H">lễ</N><V>khai giảng</V></NP></PP><com>,</com><NP syntax="SUB"><N syntax="H">Giáo sư</N><N>Tiến sĩ</N><Np>Lê Hữu Nghĩa</Np><com>,</com><NP><N syntax="H">Uỷ viên</N><NP><N syntax="H">Trung ương</N><Np>đảng</Np><com>,</com><NP><N syntax="H">Giám đốc</N><N>Học viện</N></NP></NP></NP></NP><com>,</com><VP syntax="SUB"><V syntax="H">nhấn mạnh</V></VP><com>,</com><PP><E syntax="H">để</E><VP><V syntax="H">đáp ứng</V><VP><V syntax="H">yêu cầu</V></VP></VP></PP><com>,</com><S><NP syntax="SUB"><NP><N syntax="H">nhiệm vụ</N><A>mới</A></NP><com>,</com><NP><N syntax="H">Học viện</N></NP></NP><VP><R>đã</R><A>tích cực</A><V syntax="H">đổi mới</V><NP><A>toàn diện</A><L>các</L><N syntax="H">mặt</N><N>công tác</N></NP></VP></S><com>,</com><X>nhất là</X><VP><V syntax="H">đổi mới</V><NP><N syntax="H">nội dung</N></NP></VP><com>,</com><NP syntax="SUB"><N syntax="H">chương trình</N><V>đào tạo</V><com>,</com><N>phương pháp</N></NP><VP><VP><V syntax="H">dạy</V></VP><C>và</C><VP><V syntax="H">học</V></VP><com>,</com><VP><V syntax="H">nâng</V><A>cao</A><NP><N syntax="H">chất lượng</N><VP><V syntax="H">nghiên cứu</V><N>khoa học</N></VP></NP></VP></VP><dot>.</dot></S></SENTENCE></root>