<?xml version="1.0" ?><root><SENTENCE id="1"><S><NP syntax="SUB"><N syntax="H">Bộ</N><N>Giao</N><N>thông</N><NP><Np syntax="H">Vận tải</Np></NP></NP><VP><VP><R>vừa</R><V syntax="H">thông qua</V><NP><N syntax="H">đề xuất</N><VP><V>đầu tư</V><V syntax="H">xây dựng</V></VP><NP><N syntax="H">cầu</N><Np>đồng Nai</Np></NP><AP><A syntax="H">mới</A></AP><com>,</com><VP><V syntax="H">bắc</V><R>qua</R><NP><N syntax="H">sông</N><Np>đồng Nai</Np></NP></VP><C>và</C><NP><L>các</L><N syntax="H">tuyến</N><NP><N syntax="H">giao thông</N><M>2</M><NP><N syntax="H">đầu</N><N>cầu</N></NP></NP></NP></NP></VP><com>,</com><VP><V syntax="H">có</V><NP><N syntax="H">tổng</N><V>đầu tư</V><VP><V syntax="H">ước tính</V><NP><A>khoảng</A><M>1.600</M><M>tỷ</M><Nu syntax="H">đồng</Nu></NP></VP></NP></VP></VP><dot>.</dot></S></SENTENCE></root>