<?xml version="1.0" ?><root><SENTENCE id="1"><S><S><R>Dẫn đầu</R><NP syntax="SUB"><Np syntax="H">đoàn</Np></NP><VP><V syntax="H">là</V><NP><N syntax="H">Thủ tướng</N><Np>Nguyễn Tấn Dũng</Np><com>,</com><NP><N syntax="H">ủy viên</N><NP><N syntax="H">Bộ</N><Np>Chính</Np><Np>trị</Np></NP></NP></NP></VP></S><com>,</com><C>và</C><S><NP syntax="SUB"><NP><N syntax="H">Chủ tịch</N><NP><N syntax="H">Quốc hội</N><Np>Nguyễn Phú Trọng</Np></NP></NP><com>,</com><NP><N syntax="H">ủy viên</N><Np>Bộ</Np><Np>Chính</Np></NP></NP><VP><V syntax="H">trị</V></VP></S><dot>.</dot></S></SENTENCE></root>