<?xml version="1.0" ?><root><SENTENCE id="1"><S><VP><V syntax="H">Tham gia</V><VP><V syntax="H">giảng dạy</V><PP><E syntax="H">tại</E><NP><N syntax="H">khoá</N><V>đào tạo</V><VP><V syntax="H">là</V><NP><M>7</M><N syntax="H">chuyên gia</N><PP><E syntax="H">của</E><NP><N syntax="H">Viện Hợp</N><N>tác</N><AP><A syntax="H">quốc tế</A></AP></NP></PP></NP></VP></NP></PP></VP></VP><com>,</com><C>và</C><S><VP><V syntax="H">xuất khẩu</V><NP><N syntax="H">ích</N><eds>-</eds><N>ra-en</N></NP></VP><com>,</com><NP syntax="SUB"><NP><N syntax="H">Bộ</N><N>Y tế</N><NP><N syntax="H">ích</N><eds>-</eds><N>ra-en</N></NP></NP><C>và</C><NP><M>5</M><N syntax="H">công ty</N><N>hàng đầu</N><N>ích</N></NP></NP><eds>-</eds><VP><V syntax="H">ra-en</V><PP><E syntax="H">trong</E><NP><N syntax="H">lĩnh vực</N><P>này</P></NP></PP></VP></S><dot>.</dot></S></SENTENCE></root>