<?xml version="1.0" ?><root><SENTENCE id="1"><S><NP syntax="SUB"><R>Cũng</R><N syntax="H">trong sáng</N><P>nay</P></NP><com>,</com><NP syntax="SUB"><N syntax="H">ủy ban</N><NP><N syntax="H">Thường vụ</N><N>Quốc hội</N></NP></NP><VP><VP><R>cũng</R><V syntax="H">cho</V><NP><N syntax="H">ý kiến</N></NP></VP><com>,</com><VP><V syntax="H">vào</V><NP><N syntax="H">dự thảo</N><Np>Pháp lệnh</Np></NP><VP><V syntax="H">thực hiện</V><NP><N syntax="H">dân chủ</N></NP><PP><E syntax="H">ở</E><NP><N syntax="H">xã</N><com>,</com><N>phường</N></NP><com>,</com><NP><N syntax="H">thị trấn</N></NP></PP></VP></VP></VP><dot>.</dot></S></SENTENCE></root>