<?xml version="1.0" ?><root><SENTENCE id="1"><S><NP syntax="SUB"><N syntax="H">Lực lượng</N></NP><VP><V syntax="H">bảo vệ</V><NP><N syntax="H">bờ</N><N>biển</N></NP><PP><E syntax="H">của</E><NP><Np syntax="H">Philíppin</Np></NP></PP></VP><com syntax="SUB">,</com><VP syntax="SUB"><VP><R>đang</R><V syntax="H">tiếp tục</V><VP><V syntax="H">tìm kiếm</V><NP><M>2</M><N syntax="H">thủy thủ</N><VP><R>còn</R><V syntax="H">mất tích</V></VP></NP></VP></VP><com>,</com><C>và</C><VP><V syntax="H">kêu gọi</V><NP><N syntax="H">cộng đồng</N><A>quốc tế</A></NP><VP><V>hỗ trợ</V><V syntax="H">khẩn cấp</V><com>,</com><PP><E syntax="H">để</E><VP><V syntax="H">giải quyết</V><NP><N syntax="H">thảm họa</N><NP><N syntax="H">môi trường</N><P>này</P></NP></NP></VP></PP></VP></VP></VP><dot>.</dot></S></SENTENCE></root>