<?xml version="1.0" ?><root><SENTENCE id="1"><S><VP><V syntax="H">Dự kiến</V><NP><N syntax="H">cuối</N><NP><N syntax="H">tuần</N><P>này</P></NP></NP></VP><com>,</com><NP syntax="SUB"><N syntax="H">Ban</N><VP><V syntax="H">huấn luyện</V><NP><N syntax="H">đội tuyển</N><N>quốc gia</N></NP></VP></NP><VP><R>sẽ</R><V syntax="H">phải</V><VP><V syntax="H">trình</V><NP><N syntax="H">danh sách</N><N>sơ bộ</N><NP><N syntax="H">đội tuyển</N><Np>Olympic</Np></NP><com>,</com><VP><V syntax="H">gồm</V><NP><N syntax="H">từ</N><QP><M syntax="H">25</M><PP><E syntax="H">đến</E><NP><M>30</M><N syntax="H">cầu thủ</N></NP></PP></QP><com>,</com><PP><E syntax="H">trong</E><NP><P syntax="H">đó</P></NP></PP><com>,</com><AP><A>chủ yếu</A><C>là</C><NP><L>các</L><N syntax="H">cầu thủ</N><PP><E syntax="H">ở</E><NP><N syntax="H">độ</N><NP><N syntax="H">tuổi</N><Ny>U</Ny><AP><A syntax="H">hai mốt</A></AP></NP></NP></PP></NP></AP><com>,</com><C>thậm chí</C><NP><P>cả</P><N syntax="H">U19</N></NP></NP></VP></NP><C>nếu</C><VP><V syntax="H">đạt</V><NP><N syntax="H">yêu cầu</N></NP></VP></VP></VP><dot>.</dot></S></SENTENCE></root>