<?xml version="1.0" ?><root><SENTENCE id="1"><S><PP><E syntax="H">Sau</E><NP><M>hai</M><N syntax="H">đợt</N><VP><V syntax="H">mưa</V><N>úng</N></VP></NP></PP><PP><E syntax="H">vào</E><NP><NP><N syntax="H">tháng</N><M>tư</M></NP><C>và</C><NP><N syntax="H">tháng</N><M>8</M></NP></NP></PP><com syntax="SUB">,</com><VP syntax="SUB"><R>đã</R><V syntax="H">có</V><NP><A>gần</A><M>40</M><N syntax="H">héc-ta</N><V>đào</V><PP><E syntax="H">tại</E><NP><Np syntax="H">Nhật Tân</Np><com>,</com><Np>Xuân La</Np><C>và</C><Np>Phú Thượng</Np></NP></PP></NP></VP><VP><V syntax="H">bị</V><AP><A syntax="H">thiệt hại</A></AP></VP><dot>.</dot></S></SENTENCE></root>