<?xml version="1.0" ?><root><SENTENCE id="1"><S><NP syntax="SUB"><M>Một</M><N syntax="H">nguyên nhân</N><AP><A syntax="H">khác</A></AP><PP><E syntax="H">của</E><NP><N syntax="H">nghịch lý</N></NP></PP></NP><VP><V syntax="H">về</V><NP><N syntax="H">giá</N></NP><PP><E syntax="H">trên</E><NP><P syntax="H">đây</P></NP></PP></VP><com syntax="SUB">,</com><VP syntax="SUB"><R>đã</R><V syntax="H">được</V><SBAR><S><NP syntax="SUB"><NP><T>cả</T><L>các</L><N syntax="H">chuyên gia</N></NP><C>và</C><NP><L>các</L><N syntax="H">quan chức</N></NP><PP><E syntax="H">của</E><NP><N syntax="H">Bộ</N><Np>Tài</Np></NP></PP></NP><VP><R>chính</R><A>thẳng thắn</A><V syntax="H">chỉ</V><R>ra</R></VP></S></SBAR></VP><com syntax="SUB">,</com><VP syntax="SUB"><VP><VP><V syntax="H">là</V><PP><E syntax="H">do</E><NP><N syntax="H">doanh nghiệp</N><VP><V syntax="H">lắp ráp</V><NP><N syntax="H">ôtô</N></NP></VP></NP></PP></VP><VP><V syntax="H">ỷ lại</V><NP><Nc syntax="H">sự</Nc><V>bảo hộ</V><PP><E syntax="H">của</E><NP><N syntax="H">Nhà nước</N></NP></PP></NP></VP></VP><com>,</com><VP><V syntax="H">đẩy</V><NP><N syntax="H">giá</N><VP><V syntax="H">bán</V><R>lên</R><AP><A syntax="H">cao</A></AP><PP><E syntax="H">để</E><VP><V syntax="H">thu</V><NP><N syntax="H">lãi</N><A>cao</A></NP></VP></PP></VP></NP></VP></VP><dot>.</dot></S></SENTENCE></root>