<?xml version="1.0" ?><root><SENTENCE id="1"><S><NP syntax="SUB"><NP><L>Các</L><N syntax="H">tiết mục</N><N>văn nghệ</N><VP><V syntax="H">có</V><NP><Nc syntax="H">sự</Nc><V>tham gia</V><PP><E syntax="H">của</E><NP><A>nhiều</A><N syntax="H">ca sĩ</N><N>tên tuổi</N></NP></PP></NP></VP></NP><com>,</com><C>như</C><NP><Np syntax="H">Quang Thọ</Np><com>,</com><Np>ái Vân</Np><com>,</com><Np>Thùy Dung</Np><com>,</com><Np>Việt Hoàn</Np><com>,</com><Np>đăng Dương</Np><com>,</com><Np>Trọng Tấn</Np></NP></NP><com>,</com><VP syntax="SUB"><R>đã</R><V syntax="H">gây</V><R>được</R><NP><N syntax="H">ấn</N><V>gây</V><N>ấn tượng</N><AP><A syntax="H">sâu sắc</A></AP><PP><E syntax="H">với</E><NP><N syntax="H">công chúng</N><VP><V syntax="H">yêu</V><NP><N syntax="H">âm nhạc</N></NP></VP></NP></PP></NP></VP><dot>.</dot></S></SENTENCE></root>