<?xml version="1.0" ?><root><SENTENCE id="1"><S><PP><E syntax="H">Theo</E><VP><V syntax="H">thống kê</V><PP><E syntax="H">của</E><NP><N syntax="H">Tổ chức</N><N>Y tế</N><NP><N syntax="H">thế giới</N></NP></NP></PP></VP></PP><com>,</com><NP syntax="SUB"><quo>(</quo><Np>WHO</Np><quo>)</quo></NP><com>,</com><NP syntax="SUB"><M>mỗi</M><N syntax="H">năm</N></NP><com>,</com><S><NP syntax="SUB"><N syntax="H">thế giới</N></NP><VP><V syntax="H">có</V><NP><A>khoảng</A><M>500.000</M><N syntax="H">người</N><VP><V syntax="H">tử vong</V><PP><E syntax="H">do</E><NP><N syntax="H">ung thư</N><N>vú</N></NP></PP></VP></NP></VP></S><com>,</com><C>và</C><S><NP syntax="SUB"><M>1,2</M><M>triệu</M><N syntax="H">người</N></NP><VP><VP><V syntax="H">thuộc</V><NP><P>cả</P><M>hai</M><N syntax="H">giới</N></NP></VP><com>,</com><VP><V syntax="H">bị</V><VP><V syntax="H">chẩn đoán</V><V syntax="H">mắc</V><NP><N syntax="H">căn bệnh</N><P>này</P></NP></VP></VP></VP></S><dot>.</dot></S></SENTENCE></root>