<?xml version="1.0" ?><root><SENTENCE id="1"><S><PP><E syntax="H">Trên</E><NP><Nc syntax="H">con</Nc><N>đường</N><VP><V syntax="H">đổi mới</V><C>và</C><V syntax="H">phát triển</V></VP></NP></PP><com>,</com><NP syntax="SUB"><Np syntax="H">Việt Nam</Np></NP><VP><V>mong</V><V syntax="H">tiếp tục</V><VP><V syntax="H">nhận</V><R>được</R><NP><Nc syntax="H">sự</Nc><V>hợp tác</V><C>và</C><V>hỗ trợ</V><PP><E syntax="H">của</E><NP><N syntax="H">bạn bè</N><N>á âu</N></NP></PP></NP></VP></VP><dot>.</dot></S></SENTENCE></root>