<?xml version="1.0" ?><root><SENTENCE id="1"><S><PP><E syntax="H">Bằng</E><NP><N syntax="H">hệ thống</N><N>máy</N><NP><N syntax="H">ấp</N><NP><N syntax="H">trứng</N><N>yến</N><A>mới</A></NP></NP><P>này</P></NP></PP><com>,</com><PP><E syntax="H">qua</E><NP><M>3</M><N syntax="H">lô</N><NP><N syntax="H">ấp</N><Np>thử</Np></NP></NP></PP><com>,</com><NP syntax="SUB"><N syntax="H">công ty</N></NP><VP><R>đã</R><V syntax="H">đạt</V><R>được</R><NP><N syntax="H">thành công</N><N>bước đầu</N></NP></VP><dot>.</dot></S></SENTENCE></root>