<?xml version="1.0" ?><root><SENTENCE id="1"><S><NP syntax="SUB"><L>Các</L><N syntax="H">hoạt động</N><VP><VP><V syntax="H">hỗ trợ</V><V syntax="H">bao gồm</V><NP><N syntax="H">việc</N><VP><V syntax="H">giúp</V><V syntax="H">lai tạo</V><NP><L>các</L><N syntax="H">giống</N><N>lúa</N><AP><A syntax="H">mới</A></AP><com>,</com><VP><V syntax="H">có</V><NP><NP><N syntax="H">năng suất</N><A>cao</A></NP><com>,</com><NP><N syntax="H">chất lượng</N><AP><A syntax="H">tốt</A></AP></NP></NP></VP></NP></VP></NP></VP><com>,</com><C>và</C><VP><V syntax="H">chịu</V><R>được</R><NP><N syntax="H">sâu bệnh</N></NP></VP><sco>;</sco><VP><V syntax="H">xây dựng</V><NP><N syntax="H">chiến lược</N><C>và</C><N syntax="H">cơ cấu</N></NP></VP></VP></NP><VP><VP><V syntax="H">trồng</V><NP><N syntax="H">lúa</N><A>lai</A></NP></VP><C>và</C><VP><V syntax="H">phát triển</V><NP><L>các</L><N syntax="H">giống</N><N>lúa</N></NP></VP><com>,</com><VP><V syntax="H">có</V><NP><N syntax="H">khả năng</N><VP><V syntax="H">chịu</V><NP><NP><N syntax="H">úng</N></NP><com>,</com><NP><N syntax="H">hạn</N></NP><com>,</com><C>và</C><NP><N syntax="H">nhiệt độ</N><A>thấp</A></NP><com>,</com><PP><E syntax="H">ở</E><NP><L>các</L><N syntax="H">khu vực</N><N>vùng cao</N></NP></PP></NP></VP></NP></VP></VP><dot>.</dot></S></SENTENCE></root>