<?xml version="1.0" ?><root><SENTENCE id="1"><S><NP syntax="SUB">Tổng Bí</NP><S><NP syntax="SUB"><N syntax="H">thư</N></NP><VP><V syntax="H">yêu cầu</V></VP></S><com>,</com><VP syntax="SUB"><VP><V syntax="H">phải</V><VP><V syntax="H">nâng</V><A>cao</A><C>hơn nữa</C><NP><N syntax="H">tinh thần</N><V>chiến đấu</V><PP><E syntax="H">trong</E><NP><N syntax="H">công tác</N><N>tư tưởng</N></NP></PP></NP></VP></VP><com>,</com><VP><V syntax="H">uốn nắn</V><NP><L>những</L><N syntax="H">nhận thức</N><AP><A>lệch lạc</A><com>,</com><A>mơ hồ</A></AP></NP></VP><com>,</com><VP><V syntax="H">đấu tranh</V><VP><V syntax="H">phê phán</V><NP><L>những</L><N syntax="H">quan điểm</N><AP><A syntax="H">sai trái</A></AP><com>,</com><VP><V syntax="H">bác bỏ</V><NP><L>những</L><N syntax="H">luận điệu</N><AP><A>xuyên tạc</A><com>,</com><A>thù địch</A></AP></NP></VP><com>,</com><VP><V syntax="H">kiên quyết</V><VP><V syntax="H">làm</V><V syntax="H">thất bại</V><NP><N syntax="H">âm mưu</N><VP><V syntax="H">diễn biến hoà bình</V><PP><E syntax="H">trong</E><NP><N syntax="H">lĩnh vực</N><N>tư tưởng</N></NP></PP></VP></NP></VP></VP></NP></VP></VP></VP><dot>.</dot></S></SENTENCE></root>