<?xml version="1.0" ?><root><SENTENCE id="1"><S><NP syntax="SUB"><N syntax="H">Phó Chủ</N><N>tịch</N><NP><N syntax="H">Quốc hội</N><Np>Nguyễn đức Kiên</Np></NP></NP><VP><V syntax="H">nhấn mạnh</V><col>:</col><SBAR><S><C>Tuy</C><VP><V syntax="H">được</V><V syntax="H">hình thành</V><PP><E syntax="H">từ</E><NP><Np syntax="H">Uỷ ban</Np><Np>Kinh tế</Np><C>và</C><Np>Ngân sách</Np><PP><E syntax="H">của</E><NP><N syntax="H">Quốc hội</N><N>khoá</N><M>mười một</M></NP></PP></NP></PP></VP><com>,</com><C>nhưng</C><VP><V syntax="H">tách</V><R>ra</R><VP><V syntax="H">thành</V><NP><M>2</M><N syntax="H">uỷ ban</N></NP></VP></VP><com syntax="SUB">,</com><VP syntax="SUB"><R>không</R><V syntax="H">có</V><NP><X>nghĩa là</X><N syntax="H">công việc</N><AP><A>ít</A><V syntax="H">đi</V></AP></NP></VP><com>,</com><C>mà</C><NP syntax="SUB"><N syntax="H">đòi hỏi</N></NP><VP><V syntax="H">phải</V><VP><V syntax="H">hoạt động</V><AP><A>rộng</A><R>hơn</R></AP></VP></VP><com>,</com><AP><A>sâu sát</A><R>hơn</R><com syntax="H">,</com><A>hiệu quả</A><R>hơn</R><PP><E syntax="H">theo</E><NP><A>đúng</A><N syntax="H">quy định</N><PP><E syntax="H">của</E><NP><Np syntax="H">Hiến pháp</Np></NP></PP></NP></PP><C>và</C><AP syntax="H"><A syntax="H">pháp luật</A></AP></AP></S></SBAR></VP><dot>.</dot></S></SENTENCE></root>