<?xml version="1.0" ?><root><SENTENCE id="1"><S><NP syntax="SUB"><L>Các</L><N syntax="H">đoàn</N></NP><VP><R>cũng</R><R>sẽ</R><V>đến</V><V>thăm</V><NP><NP><L>những</L><N syntax="H">làng</N><N>võ</N></NP><C>và</C><NP><L>các</L><N syntax="H">võ đường</N><A>tiêu biểu</A><PP><E syntax="H">ở</E><NP><NP><Np syntax="H">Bình định</Np></NP><com>,</com><C>như</C><NP><N syntax="H">Làng</N><N>võ</N><NP><N syntax="H">An Thái</N><Ny>(</Ny></NP><NP><N syntax="H">huyện</N><Np>An Nhơn</Np></NP><NP><Ny>)</Ny></NP><sco>;</sco><NP><NP><N syntax="H">Làng</N><N>võ</N><NP><Np syntax="H">An Vinh</Np></NP></NP><C>và</C><NP><N syntax="H">võ đường</N><Np>Hồ Sừng</Np><com>,</com><NP><Ny>(</Ny><NP><N syntax="H">huyện</N><Np>Tây Sơn</Np></NP></NP><td1>)</td1></NP></NP><sco>;</sco><NP><N syntax="H">chùa</N><Np>Long Phước</Np><com>,</com><NP><N syntax="H">võ đường</N><Np>Phi Long Vịnh</Np><com>,</com><NP><Ny>(</Ny><NP><N syntax="H">huyện</N><Np>Tuy Phước</Np></NP></NP></NP></NP></NP></NP></PP></NP></NP></VP><dot>.</dot><RBKT>)</RBKT></S></SENTENCE></root>