<?xml version="1.0" ?><root><SENTENCE id="1"><S><NP syntax="SUB"><NP><L>Các</L><N syntax="H">nghiên cứu</N><PP><E syntax="H">về</E><NP><N syntax="H">nấm</N></NP></PP></NP><C>và</C><NP><N syntax="H">công nghệ</N><N>ứng dụng</N></NP></NP><com>,</com><AP><R>vẫn</R><R>chưa</R><A syntax="H">tương xứng</A><PP><E syntax="H">với</E><NP><N syntax="H">tiềm năng</N><PP><E syntax="H">của</E><NP><M>một</M><N syntax="H">khu vực</N><A>giàu</A><NP><N syntax="H">tài nguyên</N><PP><E syntax="H">về</E><NP><N syntax="H">đa dạng sinh học</N></NP></PP></NP></NP></PP></NP></PP></AP><dot>.</dot></S></SENTENCE></root>