<?xml version="1.0" ?><root><SENTENCE id="1"><S><S><NP syntax="SUB"><N syntax="H">Thứ trưởng</N><Np>Bộ</Np></NP><VP><VP><V syntax="H">Nông</V><NP><N syntax="H">nghiệp</N></NP></VP><C>và</C><VP><V syntax="H">Phát triển</V><NP><N syntax="H">Nông thôn</N><Np>Hứa đức Nhị</Np></NP><VP><V syntax="H">cho biết</V></VP></VP></VP></S><com>,</com><NP syntax="SUB"><N syntax="H">Bộ</N></NP><VP><VP><R>đang</R><V syntax="H">hoàn tất</V><V>quy hoạch</V><NP><L>các</L><Nc syntax="H">loại</Nc><N>rừng</N><com>,</com><PP><E syntax="H">trong</E><NP><P syntax="H">đó</P></NP></PP></NP></VP><com>,</com><VP><R>chỉ</R><V syntax="H">giữ</V><R>lại</R><NP><M>một</M><N syntax="H">diện tích</N><AP><A>hợp lý</A><N>rừng phòng hộ</N></AP><com>,</com><VP><V syntax="H">ưu tiên</V><V syntax="H">tăng</V><NP><N syntax="H">diện tích</N><N>rừng sản xuất</N></NP><PP><E syntax="H">để</E><VP><V syntax="H">nâng</V><NP><N syntax="H">cao</N><N>thu nhập</N></NP><PP><E syntax="H">cho</E><NP><N syntax="H">người dân</N><VP><V syntax="H">trồng</V><NP><N syntax="H">rừng</N></NP></VP></NP></PP></VP></PP></VP></NP></VP></VP><dot>.</dot></S></SENTENCE></root>