<?xml version="1.0" ?><root><SENTENCE id="1"><S><S><NP syntax="SUB"><N syntax="H">đối tượng</N><V>áp dụng</V><PP><E syntax="H">của</E><NP><N syntax="H">Nghị định</N></NP></PP></NP><VP><V syntax="H">là</V><NP><N>người</N><N>nước ngoài</N><V>làm việc</V><PP><E syntax="H">tại</E><NP><Np syntax="H">Việt Nam</Np></NP></PP></NP></VP></S><C>và</C><S><NP syntax="SUB"><L>các</L><N syntax="H">doanh nghiệp</N><com>,</com><N syntax="H">tổ chức</N><Np>Việt Nam</Np></NP><VP><VP><V syntax="H">có</V><VP><V syntax="H">sử dụng</V><NP><N syntax="H">lao động</N></NP></VP></VP><VP><V syntax="H">là</V><NP><Nc syntax="H">người</Nc><N>nước ngoài</N></NP></VP></VP></S><dot>.</dot></S></SENTENCE></root>