<?xml version="1.0" ?><root><SENTENCE id="1"><S><NP syntax="SUB"><N syntax="H">Bên cạnh</N><P>đó</P></NP><com>,</com><NP syntax="SUB"><N syntax="H">thành phố</N></NP><VP><R>cũng</R><V syntax="H">ấp ủ</V><VP><V syntax="H">dự định</V><VP><VP><V syntax="H">phát triển</V><NP><N syntax="H">ngành</N><N>công nghệ thông tin</N></NP></VP><com>,</com><VP><V syntax="H">thành</V><NP><M>một</M><E>trong</E><L>những</L><N syntax="H">mũi nhọn</N><N>chủ lực</N></NP></VP><com>,</com><VP><V syntax="H">có</V><NP><N syntax="H">hiệu quả</N><N>kinh tế</N><AP><A syntax="H">cao</A></AP></NP></VP><com>,</com><C>và</C><VP><V syntax="H">tăng cường</V><VP><V syntax="H">khai thác</V><NP><N syntax="H">thế</N><A>mạnh</A><NP><N syntax="H">kinh tế</N><N>biển</N></NP><com>,</com><A>đặc biệt</A><PP><E syntax="H">về</E><NP><N syntax="H">du lịch</N></NP></PP></NP></VP></VP></VP></VP></VP><dot>.</dot></S></SENTENCE></root>