<?xml version="1.0" ?><root><SENTENCE id="1"><S><PP><E syntax="H">Trước</E><NP><N syntax="H">trận</N><VP><V syntax="H">đấu</V></VP><PP><E syntax="H">giữa</E><NP><Ny>U17</Ny><Np>Việt Nam</Np></NP><C>và</C><NP><Ny>U17</Ny><Np>Mianma</Np></NP></PP></NP></PP><com>,</com><NP syntax="SUB"><L>các</L><N syntax="H">cầu thủ</N><NP><Ny>U17</Ny><Np>Lào</Np></NP></NP><VP><VP><R>đã</R><V syntax="H">giành</V><NP><N syntax="H">chiến thắng</N><N>áp đảo</N></NP></VP><com>,</com><QP><M syntax="H">bốn</M></QP><PP><R>không</R><E syntax="H">trước</E><NP><Ny>U17</Ny><Np>Xinhgapo</Np></NP></PP></VP><dot>.</dot></S></SENTENCE></root>