<?xml version="1.0" ?><root><SENTENCE id="1"><S><C>Ngoài ra</C><com>,</com><NP syntax="SUB"><N syntax="H">Bảo hiểm</N><Np>Bảo Việt</Np></NP><VP><R>cũng</R><V syntax="H">nhận</V><NP><N syntax="H">bảo hiểm</N><NP><N syntax="H">trách nhiệm</N><N>dân sự</N></NP><com>,</com><PP><E syntax="H">của</E><NP><N syntax="H">người</N><VP><V syntax="H">đóng</V><NP><N syntax="H">tàu</N></NP></VP></NP></PP></NP><PP><E syntax="H">với</E><NP><N syntax="H">tư cách</N></NP></PP><C>là</C><NP><N syntax="H">chủ</N><N>tàu</N></NP></VP><dot>.</dot></S></SENTENCE></root>