<?xml version="1.0" ?><root><SENTENCE id="1"><S><NP syntax="SUB"><L>Các</L><N syntax="H">cường quốc</N><N>thế giới</N><VP><V syntax="H">gợi ý</V></VP><com>,</com><VP><VP><R>không</R><V syntax="H">đề cập</V><NP><L>các</L><N syntax="H">nghị quyết</N><V>tiếp theo</V><PP><E syntax="H">của</E><NP><N syntax="H">Hội đồng</N><N>bảo an</N><NP><Np syntax="H">Liên hợp</Np></NP></NP></PP></NP><VP><V syntax="H">quốc</V></VP></VP><com>,</com><VP><V syntax="H">đổi</V><R>lại</R></VP></VP></NP><com>,</com><NP syntax="SUB"><Np syntax="H">Iran</Np></NP><VP><R>không</R><V syntax="H">tiếp tục</V><NP><L>các</L><N syntax="H">hoạt động</N><VP><V syntax="H">hạt nhân</V><com>,</com><V syntax="H">bao gồm</V><NP><N syntax="H">việc</N><VP><V syntax="H">lắp đặt</V><NP><L>các</L><N syntax="H">máy</N><V>li tâm</V><AP><A syntax="H">mới</A></AP></NP></VP></NP><com>,</com><PP><E syntax="H">để</E><VP><V syntax="H">làm giàu</V><NP><N syntax="H">chất</N><NP><N syntax="H">phóng xạ</N><Nb>ủani</Nb></NP></NP></VP></PP></VP></NP></VP><dot>.</dot></S></SENTENCE></root>