<?xml version="1.0" ?><root><SENTENCE id="1"><S><NP syntax="SUB"><N syntax="H">đại biểu</N><Np>Ngô Anh Dũng</Np></NP><VP><V syntax="H">cho</V><C>rằng</C><com>,</com><SBAR><S><VP><R>không</R><V syntax="H">nên</V><VP><V syntax="H">cố</V><VP><V syntax="H">đưa</V><NP><N syntax="H">yếu tố</N><NP><S>đa</S><N syntax="H">chức năng</N></NP></NP><PP><E syntax="H">vào</E><NP><N syntax="H">mục tiêu</N><VP><VP><V syntax="H">quy hoạch</V></VP><C>và</C><VP><V syntax="H">mở rộng</V><NP><N syntax="H">địa giới</N><Np>Hà Nội</Np></NP></VP></VP></NP></PP></VP></VP></VP></S></SBAR></VP><dot>.</dot></S></SENTENCE></root>