<?xml version="1.0" ?><root><SENTENCE id="1"><S><NP syntax="SUB"><N syntax="H">Hội thảo</N></NP><VP><VP><V syntax="H">triển lãm</V><NP><N syntax="H">ứng dụng</N><N>công nghệ thông tin</N></NP><PP><E syntax="H">trong</E><NP><N syntax="H">ngành</N><NP><N syntax="H">tài chính</N><N>lần</N><VP><V syntax="H">thứ tư</V></VP></NP></NP></PP></VP><com>,</com><VP><R>sẽ</R><V syntax="H">diễn</V><R>ra</R><PP><E syntax="H">tại</E><NP><Np syntax="H">Hà Nội</Np></NP></PP></VP><PP><PP><E syntax="H">từ</E><NP><N syntax="H">ngày</N><M>18</M></NP></PP><PP><E syntax="H">đến</E><NP><N syntax="H">ngày</N><M>21/9</M></NP></PP></PP></VP><dot>.</dot></S></SENTENCE></root>