<?xml version="1.0" ?><root><SENTENCE id="1"><S><PP><E syntax="H">để</E><VP><V>công tác</V><V syntax="H">bầu cử</V><VP><V syntax="H">đạt</V><NP><N syntax="H">kết quả</N></NP></VP></VP></PP><com>,</com><NP syntax="SUB"><N syntax="H">ủy ban</N><N>Mặt trận</N><NP><N syntax="H">Tổ quốc</N><N>tỉnh</N></NP></NP><com>,</com><VP syntax="SUB"><VP><V syntax="H">có</V><NP><N syntax="H">kế hoạch</N><VP><V syntax="H">tổ chức</V><NP><L>các</L><N syntax="H">lớp</N><VP><V syntax="H">tập huấn</V><NP><N syntax="H">nghiệp vụ</N></NP></VP></NP></VP></NP></VP><com>,</com><VP><V syntax="H">cho</V><NP><N syntax="H">cán bộ</N><N>Mặt trận</N><A>trực tiếp</A></NP></VP><com>,</com><VP><V syntax="H">làm</V><NP><N syntax="H">công tác</N><VP><V syntax="H">bầu cử</V><NP><N syntax="H">đại biểu</N><N>Quốc hội</N></NP></VP></NP></VP></VP><dot>.</dot></S></SENTENCE></root>