<?xml version="1.0" ?><root><SENTENCE id="1"><S><PP><E syntax="H">Trong</E><NP><N syntax="H">trường hợp</N><N>cử tri</N><VP><V syntax="H">nêu</V><NP><N syntax="H">ý kiến</N><V>thắc mắc</V></NP></VP></NP></PP><com>,</com><C>nhưng</C><AP><R>không</R><A syntax="H">đúng</A></AP><com>,</com><NP syntax="SUB"><N syntax="H">ủy ban</N><N>Mặt trận</N><NP><N syntax="H">Tổ quốc</N><Np>Việt Nam</Np><PP><E syntax="H">tại</E><NP><N syntax="H">địa phương</N></NP></PP></NP></NP><com>,</com><VP syntax="SUB"><R>cũng</R><R>đã</R><V syntax="H">xác minh</V><C>và</C><V syntax="H">trả lời</V><PP><E syntax="H">theo</E><NP><N syntax="H">quy định</N></NP></PP></VP><dot>.</dot></S></SENTENCE></root>