<?xml version="1.0" ?><root><SENTENCE id="1"><S><S><NP syntax="SUB"><Np syntax="H">Mở</Np></NP><VP><VP><V syntax="H">tỷ số</V><A>sớm</A></VP><com>,</com><VP><V syntax="H">chơi</V><AP><A>tốt</A><R>hơn</R></AP></VP><VP><V syntax="H">so</V><PP><E syntax="H">với</E><NP><N syntax="H">trận</N><V>ra quân</V><VP><V syntax="H">hòa</V><NP><Np syntax="H">Thụy Sỹ</Np></NP></VP></NP></PP></VP></VP></S><com>,</com><C>nhưng</C><S><NP syntax="SUB"><N syntax="H">đội tuyển</N><Np>Pháp</Np></NP><VP><R>vẫn</R><V syntax="H">để</V><NP><N syntax="H">vuột</N><VP><V syntax="H">chiến thắng</V><NP><N syntax="H">một cách</N><VP><R>vô cùng</R><V syntax="H">đáng</V><V syntax="H">tiếc</V></VP></NP></VP></NP></VP></S><com>,</com><S><NP syntax="SUB"><N syntax="H">khi</N><VP><V syntax="H">để</V><NP><Np syntax="H">Hàn Quốc</Np></NP><VP><V syntax="H">ghi bàn</V></VP></VP></NP><VP><V syntax="H">thắng</V><VP><V syntax="H">gỡ</V><V syntax="H">hòa</V><PP><E syntax="H">ở</E><NP><L>những</L><N syntax="H">phút</N><A>cuối</A></NP></PP></VP></VP></S><dot>.</dot></S></SENTENCE></root>