<?xml version="1.0" ?><root><SENTENCE id="1"><S><S><NP syntax="SUB"><P syntax="H">Xuồng</P></NP><VP><R>vừa</R><V syntax="H">cập</V><NP><N syntax="H">bến</N></NP></VP></S><com>,</com><S><NP syntax="SUB"><NP><R>hàng</R><M>trăm</M><N syntax="H">cán bộ</N><com>,</com><N>chiến sĩ</N></NP><com>,</com><PP><R>đang</R><E syntax="H">trong</E><NP><N syntax="H">đội ngũ</N><A>chỉnh tề</A><VP><V syntax="H">ùa</V><R>ra</R></VP></NP></PP></NP><com>,</com><VP syntax="SUB"><V syntax="H">vây</V><R>lấy</R><NP><N syntax="H">xuồng</N></NP></VP><com>,</com><AP><A>tíu tít</A><VP><VP><V syntax="H">chuyển</V><NP><N syntax="H">hàng</N></NP></VP><C>và</C><VP><V syntax="H">hỏi thăm</V><NP><N syntax="H">người thân</N></NP></VP></VP></AP></S><dot>.</dot></S></SENTENCE></root>