<?xml version="1.0" ?><root><SENTENCE id="1"><S><NP syntax="SUB"><M>Lứa</M><N syntax="H">tuổi</N><NP><N syntax="H">thanh thiếu niên</N><PP><PP><PP><E syntax="H">từ</E><QP><M syntax="H">14</M></QP></PP><PP><E syntax="H">đến</E><NP><M>25</M><N syntax="H">tuổi</N></NP></PP></PP><com>,</com><PP><E syntax="H">ở</E><NP><Np syntax="H">Việt Nam</Np></NP></PP></PP></NP></NP><com>,</com><VP syntax="SUB"><VP><V syntax="H">là</V><NP><N syntax="H">nhóm</N><AP><A>đông</A><R>nhất</R></AP></NP></VP><com>,</com><VP><V syntax="H">chiếm</V><NP><M>24,5%</M><N syntax="H">dân số</N></NP></VP></VP><dot>.</dot></S></SENTENCE></root>