<?xml version="1.0" ?><root><SENTENCE id="1"><S><PP><E syntax="H">Trong</E><NP><P syntax="H">đó</P></NP></PP><com syntax="SUB">,</com><VP syntax="SUB"><V syntax="H">đứng</V><NP><N syntax="H">đầu</N></NP><PP><E syntax="H">về</E><NP><N syntax="H">lượng</N><V>truy cập</V></NP></PP></VP><VP><V syntax="H">là</V><NP><N syntax="H">khách</N><PP><E syntax="H">trong</E><NP><N syntax="H">nước</N></NP></PP><com>,</com><VP><V syntax="H">kế tiếp</V><C>là</C><NP><Np syntax="H">Việt Kiều</Np></NP><PP><E syntax="H">tại</E><NP><Np syntax="H">Mỹ</Np><com>,</com><Np>úc</Np><com>,</com><Np>Pháp</Np><C>và</C><Np>Canađa</Np></NP></PP></VP></NP></VP><dot>.</dot></S></SENTENCE></root>