<?xml version="1.0" ?><root><SENTENCE id="1"><S><AP><A>Song song</A><PP><E syntax="H">với</E><NP><L>những</L><N syntax="H">chương trình</N><V>khuyến khích</V><VP><V syntax="H">bán</V><PP><E syntax="H">cho</E><NP><N syntax="H">đại lý</N></NP></PP></VP></NP></PP></AP><com>,</com><NP syntax="SUB"><N syntax="H">hãng</N></NP><VP><VP><V syntax="H">còn</V><VP><V syntax="H">dành</V><NP><L>những</L><N syntax="H">giá</N><NP><N syntax="H">vé</N><AP><A>ưu đãi</A><A>nhất</A></AP></NP><VP><V syntax="H">cho</V><NP><N syntax="H">khách hàng</N></NP><VP><V syntax="H">mua</V><NP><N syntax="H">vé</N></NP></VP></VP><com>,</com><PP><E syntax="H">trong</E><NP><L>những</L><N syntax="H">tháng</N><NP><N syntax="H">đầu</N><V>giới thiệu</V></NP></NP></PP></NP></VP></VP><C>và</C><VP><V syntax="H">triển khai</V><VP><V syntax="H">bán</V><NP><N syntax="H">sản phẩm</N></NP></VP></VP></VP><dot>.</dot></S></SENTENCE></root>