<?xml version="1.0" ?><root><SENTENCE id="1"><S><S><S><NP syntax="SUB"><N syntax="H">đơn kiện</N></NP><VP><V syntax="H">gửi</V><NP><N syntax="H">tòa án</N></NP></VP></S><S><NP syntax="SUB"><N syntax="H">châu</N><Np>âu</Np></NP><VP><VP><V syntax="H">nêu</V><A>rõ</A><quo>"</quo><SBAR><S><NP syntax="SUB"><N syntax="H">ủy ban</N><NP><N syntax="H">châu</N><Np>âu</Np></NP></NP><td1>(</td1><NP syntax="SUB"><N syntax="H">EC</N><Y>)</Y></NP><com>,</com><AP><R>đã</R><A syntax="H">sai lầm</A><NP><N syntax="H">khi</N><VP><V syntax="H">so sánh</V><N>giá</N><NP><N syntax="H">giầy</N><Np>Trung Quốc</Np></NP></VP></NP></AP></S></SBAR></VP><com>,</com><PP><E syntax="H">với</E><NP><N syntax="H">giá</N><N>giầy</N><PP><E syntax="H">ở</E><NP><Np syntax="H">Brãin</Np></NP></PP></NP></PP></VP></S></S><com>,</com><SBAR><E syntax="H">vì</E><S><NP syntax="SUB"><Np syntax="H">EU</Np></NP><VP><R>không</R><V syntax="H">công nhận</V><SBAR><S><NP syntax="SUB"><Np syntax="H">Trung Quốc</Np></NP><VP><V syntax="H">là</V><NP><N syntax="H">nền</N><N>kinh tế thị trường</N></NP></VP></S></SBAR></VP></S></SBAR><dot>.</dot><quo>"</quo></S></SENTENCE></root>