<?xml version="1.0" ?><root><SENTENCE id="1"><S><PP><E syntax="H">Trong</E><NP><N syntax="H">tài khoá</N><M>2009</M></NP></PP><com>,</com><S><NP syntax="SUB"><N syntax="H">Bộ</N><Np>An</Np></NP><VP><VP><V syntax="H">ninh</V><NP><N syntax="H">Nội địa</N></NP></VP><com>,</com><VP><V syntax="H">ưu tiên</V><NP><N syntax="H">chi</N></NP><PP><E syntax="H">cho</E><NP><L>các</L><N syntax="H">lĩnh vực</N></NP></PP><AP><A syntax="H">nhạy cảm</A></AP><com>,</com><C>như</C><VP><VP><V syntax="H">thúc đẩy</V><A>tự do</A></VP><C>và</C><VP><V syntax="H">đảm bảo</V><NP><N syntax="H">bí mật</N><N>cá nhân</N></NP></VP></VP></VP><com>,</com><VP><V syntax="H">giải quyết</V><NP><L>các</L><N syntax="H">thách thức</N><PP><E syntax="H">trong</E><NP><N syntax="H">tương lai</N></NP></PP></NP></VP><com>,</com><C>và</C><VP><V syntax="H">đảm bảo</V><NP><N syntax="H">an ninh</N></NP><PP><E syntax="H">cho</E><NP><N syntax="H">công dân</N><Np>Mỹ</Np></NP></PP></VP></VP></S><com>,</com><S><NP syntax="SUB"><N syntax="H">bên cạnh</N><N>mục tiêu</N></NP><VP><V syntax="H">ngăn chặn</V><NP><L>các</L><N syntax="H">hoạt động</N><VP><V syntax="H">tấn công</V><V syntax="H">khủng bố</V><PP><E syntax="H">trên</E><NP><N syntax="H">đất</N><Np>Mỹ</Np></NP></PP></VP></NP></VP></S><dot>.</dot></S></SENTENCE></root>