<?xml version="1.0" ?><root><SENTENCE id="1"><S><S><NP syntax="SUB"><P syntax="H">đây</P></NP><VP><V syntax="H">là</V><NP><N syntax="H">biện pháp</N><SBAR><C>mà</C><S><NP syntax="SUB"><NP><Np syntax="H">Anh</Np><com>,</com><Np>Mỹ</Np></NP><C>và</C><NP><L>một số</L><N syntax="H">nước</N><AP><A syntax="H">khác</A></AP></NP></NP><VP><R>đã</R><V syntax="H">áp dụng</V></VP></S></SBAR></NP></VP></S><com>,</com><S><PP><E syntax="H">sau</E><NP><N syntax="H">khi</N><SBAR><S><NP syntax="SUB"><N syntax="H">cảnh sát</N><Np>Anh</Np></NP><VP><V syntax="H">phá</V><V syntax="H">vỡ</V><NP><N syntax="H">âm mưu</N></NP></VP></S></SBAR></NP></PP><VP><V syntax="H">đánh</V><NP><N syntax="H">bom</N><NP><A>nhiều</A><N syntax="H">máy bay</N><N>hành trình</N><PP><PP><E syntax="H">từ</E><NP><N syntax="H">Anh</N></NP><VP><V syntax="H">sang</V><NP><Np syntax="H">Mỹ</Np></NP></VP></PP><com>,</com><PP><E syntax="H">bằng</E><NP><N syntax="H">thuốc nổ</N><NP><NP><N syntax="H">dạng</N><N>lỏng</N></NP><com>,</com><NP><N syntax="H">hôm</N><NP><N syntax="H">mùng</N><M>9</M><com>,</com><NP><N syntax="H">tháng</N><M>8</M></NP></NP></NP></NP></NP></PP></PP></NP></NP><X>vừa qua</X></VP></S><dot>.</dot></S></SENTENCE></root>