<?xml version="1.0" ?><root><SENTENCE id="1"><S><NP syntax="SUB"><N syntax="H">đề án</N></NP><VP><V syntax="H">lập</V><NP><Np syntax="H">Quỹ</Np></NP><AP><A syntax="H">bình ổn</A></AP><com>,</com><PP><E syntax="H">để</E><VP><V syntax="H">giúp đỡ</V><NP><N syntax="H">thị trường</N><PP><E syntax="H">trong</E><NP><N syntax="H">lúc</N><A>khó khăn</A><VP><R>cũng</R><R>đang</R><V syntax="H">được</V><VP><V syntax="H">nghiên cứu</V></VP></VP></NP></PP></NP></VP></PP><com>,</com><PP><E syntax="H">để</E><VP><VP><V syntax="H">trình</V><NP><L>các</L><N syntax="H">cơ quan chức năng</N></NP></VP><com>,</com><VP><V syntax="H">theo</V><SBAR><S><NP syntax="SUB"><N syntax="H">nguyên tắc</N><Np>Quỹ</Np></NP><VP><V syntax="H">ủy thác</V><V syntax="H">đầu tư</V><PP><E syntax="H">để</E><VP><V syntax="H">sinh</V><NP><N syntax="H">lời</N></NP></VP></PP></VP></S></SBAR></VP></VP></PP><com>,</com><PP><E syntax="H">trong</E><NP><N syntax="H">điều kiện</N><A>bình thường</A></NP></PP><C>và</C><VP><R>chỉ</R><V syntax="H">can thiệp</V><NP><N syntax="H">khi</N><SBAR><S><NP syntax="SUB"><N syntax="H">thị trường</N></NP><VP><V syntax="H">gặp</V><NP><N syntax="H">khó khăn</N></NP></VP></S></SBAR></NP></VP></VP><dot>.</dot></S></SENTENCE></root>