<?xml version="1.0" ?><root><SENTENCE id="1"><S><S><NP syntax="SUB"><N syntax="H">700</N></NP><AP><A syntax="H">con rối</A></AP></S><com>,</com><S><NP syntax="SUB"><L>mỗi</L><Nc syntax="H">con</Nc></NP><VP><V syntax="H">mang</V><NP><M>một</M><N syntax="H">gương mặt</N><A>riêng</A></NP></VP></S><com>,</com><C>nhưng</C><S><AP><R>đều</R><A syntax="H">chung</A><NP><N syntax="H">nụ cười</N></NP></AP><com>,</com><NP syntax="SUB"><L>ăm ắp</L><N syntax="H">tính</N><AP><A>lạc quan</A><com>,</com><A>yêu đời</A></AP></NP><com>,</com><VP><R>sẽ</R><V syntax="H">nói</V><R>lên</R><NP><A>nhiều</A><N syntax="H">điều</N><PP><PP><E syntax="H">về</E><NP><N syntax="H">đất nước</N></NP></PP><com>,</com><C>và</C><NP><N syntax="H">con người</N><Np>Việt Nam</Np></NP></PP></NP></VP></S><dot>.</dot></S></SENTENCE></root>