<?xml version="1.0" ?><root><SENTENCE id="1"><S><NP syntax="SUB"><N syntax="H">Chủ tịch</N><N>nước</N></NP><VP><V syntax="H">cho</V><C>rằng</C><com>,</com><SBAR><S><NP syntax="SUB"><N syntax="H">ngành</N></NP><VP><VP><V syntax="H">cần</V><VP><V syntax="H">chú trọng</V><PP><E syntax="H">tới</E><NP><L>những</L><N syntax="H">địa bàn</N><VP><V syntax="H">có</V><NP><N syntax="H">đặc thù</N><PP><E syntax="H">về</E><NP><N syntax="H">số lượng</N><N>án</N></NP></PP></NP></VP></NP></PP></VP></VP><com>,</com><VP><V syntax="H">tập trung</V><NP><N syntax="H">cán bộ</N><VP><V syntax="H">xét xử</V><PP><E syntax="H">để</E><VP><V syntax="H">giải quyết</V><VP><V syntax="H">dứt điểm</V><NP><N syntax="H">án</N><A>tồn đọng</A></NP></VP></VP></PP></VP></NP></VP></VP></S></SBAR></VP><dot>.</dot></S></SENTENCE></root>