<?xml version="1.0" ?><root><SENTENCE id="1"><S><C>Nhưng</C><NP syntax="SUB"><Nc syntax="H">nỗi</Nc><V>đau</V><PP><E syntax="H">của</E><NP><R>hàng</R><M>nghìn</M><N syntax="H">gia đình</N><Np>Mỹ</Np><com>,</com><VP><V syntax="H">bị</V><VP><V syntax="H">mất</V><NP><N syntax="H">người thân</N></NP></VP></VP><PP><E syntax="H">trong</E><NP><N syntax="H">cuộc</N><N>chiến tranh</N><AP><A syntax="H">i</A></AP></NP></PP></NP></PP></NP><eds>-</eds><VP syntax="SUB"><VP><V syntax="H">rắc</V><com>,</com><V syntax="H">chắc chắn</V></VP><com>,</com><VP><R>đã</R><V syntax="H">gây</V><NP><N syntax="H">sốc</N></NP><PP><E syntax="H">cho</E><NP><N syntax="H">xã hội</N><Np>Mỹ</Np></NP></PP></VP><com>,</com><C>và</C><VP><V syntax="H">làm</V><NP><N syntax="H">ảm đạm</N><N>chính trường</N><NP><N syntax="H">nước</N><Np>Mỹ</Np></NP></NP></VP></VP><dot>.</dot></S></SENTENCE></root>