<?xml version="1.0" ?><root><SENTENCE id="1"><S><NP syntax="SUB"><N syntax="H">Diện tích</N></NP><NP syntax="SUB"><N syntax="H">mái</N><V>che</V><PP><E syntax="H">của</E><NP><N syntax="H">nhà ga</N></NP></PP><C>là</C><NP><M>1</M><M>triệu</M><Nu syntax="H">m</Nu><M>2</M></NP></NP><com>,</com><VP syntax="SUB"><V syntax="H">được</V><VP><V syntax="H">lợp</V><PP><E syntax="H">bằng</E><NP><L>những</L><N syntax="H">tấm lợp</N><A>trong</A></NP></PP><com>,</com><PP><E syntax="H">để</E><VP><V syntax="H">tận dụng</V><NP><N syntax="H">ánh sáng</N><AP><A syntax="H">tự nhiên</A></AP></NP></VP></PP></VP></VP><dot>.</dot></S></SENTENCE></root>