<?xml version="1.0" ?><root><SENTENCE id="1"><S><NP syntax="SUB"><N syntax="H">Mưa</N><A>lớn</A></NP><VP><VP><V syntax="H">xảy ra</V><PP><E syntax="H">vào</E><NP><N syntax="H">giờ</N><N>cao điểm</N><NP><N syntax="H">sáng</N><NP><N syntax="H">ngày</N><M>10/9</M></NP></NP><PP><E syntax="H">tại</E><NP><Np syntax="H">Hà Nội</Np></NP></PP></NP></PP></VP><com>,</com><VP><R>đã</R><V syntax="H">khiến</V><NP><N syntax="H">tình trạng</N><N>giao thông</N><PP><E syntax="H">trên</E><NP><A>nhiều</A><Nc syntax="H">tuyến</Nc><N>đường</N><PP><E syntax="H">của</E><NP><N syntax="H">Thủ đô</N></NP></PP><VP><V syntax="H">ách tắc</V></VP><PP><E syntax="H">trong</E><NP><A>nhiều</A><N syntax="H">giờ</N></NP></PP></NP></PP></NP></VP></VP><dot>.</dot></S></SENTENCE></root>