<?xml version="1.0" ?><root><SENTENCE id="1"><S><NP syntax="SUB"><L>Các</L><N syntax="H">sản phẩm</N><NP><N syntax="H">dịch vụ</N><PP><E syntax="H">của</E><NP><L>các</L><N syntax="H">ngân hàng</N><A>nội địa</A></NP></PP></NP></NP><AP><AP syntax="H"><R>cũng</R><A syntax="H">đơn điệu</A></AP><com>,</com><AP><A>thiếu</A><NP><N syntax="H">tiện ích</N></NP></AP></AP><C>và</C><VP><VP><V syntax="H">có</V><NP><N syntax="H">chất lượng</N><AP><R>chưa</R><A syntax="H">cao</A></AP></NP></VP><com>,</com><VP><V syntax="H">khiến</V><NP><P syntax="H">họ</P></NP><VP><A>ít</A><V syntax="H">có</V><NP><N syntax="H">lợi thế</N></NP><PP><E syntax="H">về</E><NP><NP><N syntax="H">khách hàng</N></NP><C>và</C><NP><N syntax="H">hệ thống</N><N>kênh</N><VP><V syntax="H">phân phối</V></VP></NP></NP></PP></VP></VP></VP><dot>.</dot></S></SENTENCE></root>