<?xml version="1.0" ?><root><SENTENCE id="1"><S><VP><V syntax="H">Phát biểu</V><PP><E syntax="H">tại</E><NP><N syntax="H">kỳ</N><V>họp</V><NP><N syntax="H">thứ</N><M>63</M></NP><PP><E syntax="H">của</E><NP><N syntax="H">đại hội đồng</N><NP><N syntax="H">ngày</N><M>23/9</M><PP><E syntax="H">ở</E><NP><Np syntax="H">New Yỏk</Np></NP></PP></NP></NP></PP></NP></PP></VP><com>,</com><NP syntax="SUB"><Ny>(</Ny><NP><Np syntax="H">Mỹ</Np><Ny>)</Ny><com>,</com><Np>Tổng thống</Np></NP></NP><VP><R>Búh</R><V syntax="H">tin tưởng</V><NP><N syntax="H">kế hoạch</N><VP><V syntax="H">mua</V><R>lại</R><NP><L>các</L><N syntax="H">khoản</N><N>nợ</N><AP><A syntax="H">xấu</A></AP><com>,</com><VP><R>vốn</R><V syntax="H">làm</V><VP><V syntax="H">ách tắc</V><NP><L>các</L><N syntax="H">dòng</N><N>tín dụng</N></NP></VP></VP><com>,</com><VP><R>sẽ</R><V syntax="H">được</V><SBAR><S><NP syntax="SUB"><N syntax="H">Quốc hội</N><Np>Mỹ</Np></NP><VP><V syntax="H">thông qua</V><PP><E syntax="H">trong</E><NP><M>một</M><N syntax="H">khung</N><NP><N syntax="H">thời gian</N><A>khẩn cấp</A></NP><com>,</com><VP><V>được</V><V syntax="H">đề nghị</V></VP></NP></PP></VP></S></SBAR></VP></NP></VP></NP></VP><dot>.</dot></S></SENTENCE></root>