<?xml version="1.0" ?><root><SENTENCE id="1"><S><NP syntax="SUB"><Np syntax="H">Hà Nội</Np></NP><com>,</com><NP syntax="SUB"><N syntax="H">đơn vị</N><VP><V syntax="H">đi</V><N>đầu</N></VP><PP><E syntax="H">trong</E><NP><N syntax="H">việc</N><VP><V syntax="H">phát triển</V><NP><N syntax="H">môn</N><N>võ</N><AP><A syntax="H">wúhu</A></AP></NP></VP></NP></PP></NP><com>,</com><VP syntax="SUB"><V syntax="H">tiếp tục</V><VP><V syntax="H">khẳng định</V><NP><N syntax="H">sức mạnh</N><PP><E syntax="H">của</E><NP><P syntax="H">mình</P></NP></PP><PP><E syntax="H">với</E><NP><N syntax="H">chiến thắng</N><N>áp đảo</N></NP></PP></NP></VP></VP><dot>.</dot></S></SENTENCE></root>