<?xml version="1.0" ?><root><SENTENCE id="1"><S><PP><E syntax="H">Trong</E><NP><N syntax="H">khi</N><P>đó</P></NP></PP><com>,</com><NP syntax="SUB"><NP><M>22</M><Nc syntax="H">người</Nc><Np>Palẽtin</Np></NP><C>và</C><NP><M>một</M><N syntax="H">lính</N><NP><N syntax="H">ích</N><eds>-</eds><N>ra-en</N></NP></NP></NP><VP><R>đã</R><V syntax="H">thiệt mạng</V><PP><E syntax="H">trong</E><NP><L>các</L><N syntax="H">vụ</N><A>oanh kích</A><PP><E syntax="H">của</E><NP><NP><N syntax="H">ích</N><eds>-</eds><N>ra-en</N></NP><com>,</com><C>và</C><NP><N syntax="H">khi</N><SBAR><S><NP syntax="SUB"><N syntax="H">lính</N><NP><N syntax="H">ích</N><eds>-</eds><N>ra-en</N></NP></NP><VP><V syntax="H">bắn</V><N>nhau</N><PP><E syntax="H">với</E><NP><L>các</L><N syntax="H">chiến binh</N><Ny>Palẽtin</Ny></NP></PP></VP></S></SBAR></NP></NP></PP></NP></PP></VP><dot>.</dot></S></SENTENCE></root>