<?xml version="1.0" ?><root><SENTENCE id="1"><S><C>Ngoài ra</C><com>,</com><NP syntax="SUB"><A>nhiều</A><N syntax="H">tổ chức</N><A>phi chính phủ</A></NP><VP><A>quốc tế</A><V syntax="H">tài trợ</V><PP><E syntax="H">để</E><VP><V syntax="H">triển khai</V><NP><N syntax="H">chương trình</N><VP><V syntax="H">trồng</V><NP><N syntax="H">rừng</N><A>ngập mặn</A></NP></VP><com>,</com><PP><E syntax="H">tại</E><NP><M>8</M><N syntax="H">tỉnh</N><PP><E syntax="H">ven</E><NP><N syntax="H">biển</N></NP></PP></NP></PP><com>,</com><NP><N syntax="H">dự án</N><VP><V syntax="H">phát triển</V><NP><N syntax="H">cộng đồng</N></NP></VP></NP><C>và</C><VP><V syntax="H">phòng ngừa</V><VP><V syntax="H">ứng phó</V><NP><N syntax="H">thảm hoạ</N><N>thiên tai</N></NP></VP></VP></NP></VP></PP></VP><dot>.</dot></S></SENTENCE></root>