<?xml version="1.0" ?><root><SENTENCE id="1"><S><S><PP><E syntax="H">Do</E><NP><N syntax="H">ảnh hưởng</N><PP><E syntax="H">của</E><NP><N syntax="H">dịch bệnh</N></NP></PP></NP></PP><com>,</com><NP syntax="SUB"><N syntax="H">sản lượng</N><N>lúa</N><NP><N syntax="H">vụ</N><N>hè</N></NP><com>,</com><V>thu</V><PP><E syntax="H">của</E><NP><N syntax="H">khu vực</N><P>này</P></NP></PP></NP><VP><R>đã</R><V syntax="H">giảm</V><NP><A>khoảng</A><M>600.000</M><Nu syntax="H">tấn</Nu></NP></VP></S><com>,</com><C>và</C><S><NP syntax="SUB"><N syntax="H">sản lượng</N></NP><NP syntax="PRD"><Nc syntax="H">vụ</Nc><V>thu</V></NP></S><com>,</com><S><NP syntax="SUB"><Np syntax="H">đông</Np></NP><com>,</com><VP><V syntax="H">giảm</V><NP><A>gần</A><M>100.000</M><Nu syntax="H">tấn</Nu></NP></VP></S><dot>.</dot></S></SENTENCE></root>