<?xml version="1.0" ?><root><SENTENCE id="1"><S><PP><E syntax="H">Theo</E><NP><N syntax="H">thoả thuận</N></NP></PP><com>,</com><NP syntax="SUB"><M>8,9</M><M>triệu</M><Nu syntax="H">USD</Nu></NP><VP><V syntax="H">là</V><NP><N syntax="H">khoản</N><VP><VP><V syntax="H">vay</V><NP><N syntax="H">tín dụng</N></NP></VP><com>,</com><VP><V syntax="H">dành</V><PP><E syntax="H">cho</E><NP><N syntax="H">dự án</N><VP><V syntax="H">phát triển</V><NP><N syntax="H">giáo dục</N><VP><V syntax="H">cấp</V><NP><N syntax="H">cơ sở</N></NP></VP></NP></VP></NP></PP></VP><com>,</com><VP><V syntax="H">ưu tiên</V><PP><E syntax="H">cho</E><NP><N syntax="H">lĩnh vực</N><VP><V syntax="H">xây dựng</V><NP><N syntax="H">chính sách</N><N>giáo dục</N></NP></VP></NP></PP></VP></VP></NP></VP><dot>.</dot></S></SENTENCE></root>