<?xml version="1.0" ?><root><SENTENCE id="1"><S><PP><E syntax="H">Vào</E><NP><N syntax="H">giờ</N><A>cao điểm</A></NP></PP><com>,</com><NP syntax="SUB"><N syntax="H">hệ thống</N><N>điện</N><NP><N syntax="H">quốc gia</N></NP></NP><VP><R>vẫn</R><V syntax="H">phải</V><VP><V syntax="H">tiết giảm</V><com>,</com><NP><A>khoảng</A><M>500</M><R>đến</R><M>700</M><Ny>MW</Ny></NP><com>,</com><PP><E syntax="H">để</E><VP><V syntax="H">đảm bảo</V><VP><V syntax="H">vận hành</V><A>an toàn</A><NP><N syntax="H">hệ thống</N><N>điện</N></NP></VP></VP></PP></VP></VP><dot>.</dot></S></SENTENCE></root>