<?xml version="1.0" ?><root><SENTENCE id="1"><S><NP syntax="SUB"><N syntax="H">Nhà máy</N><NP><N syntax="H">ắc</N><N>quy</N><A>mới</A></NP></NP><VP><R>sẽ</R><V syntax="H">được</V><V>xây</V><PP><PP><E syntax="H">tại</E><NP><N syntax="H">Khu công nghiệp</N><Np>Nhơn Trạch</Np></NP></PP><com>,</com><PP><E syntax="H">theo</E><NP><M>3</M><N syntax="H">giai đoạn</N><col>:</col><NP><Np syntax="H">2007</Np><QP><M syntax="H">2009</M></QP></NP><sco>;</sco><QP><M syntax="H">2010</M></QP><QP><M syntax="H">2012</M></QP><C>và</C><QP><M syntax="H">2013</M><com>,</com><M syntax="H">2015</M></QP></NP></PP></PP></VP><dot>.</dot></S></SENTENCE></root>