<?xml version="1.0" ?><root><SENTENCE id="1"><S><VP><V syntax="H">Có</V><NP><N syntax="H">thành công</N><N>bước đầu</N><PP><E syntax="H">ở</E><NP><N syntax="H">đẳng cấp</N><N>thế giới</N></NP></PP></NP></VP><com>,</com><C>nhưng</C><PP><E syntax="H">để</E><VP><V syntax="H">duy trì</V><R>được</R><NP><Nc syntax="H">sự</Nc><A>ổn định</A><PP><E syntax="H">ở</E><NP><Np syntax="H">Sea Gamé</Np><QP><M syntax="H">24</M></QP></NP><com>,</com><NP><L>các</L><N syntax="H">vận động viên</N><A>trẻ</A><PP><E syntax="H">của</E><NP><N syntax="H">wúhu</N><Np>Việt Nam</Np></NP></PP></NP></PP></NP></VP></PP><com>,</com><AP><R>còn</R><A syntax="H">nhiều</A><NP><N syntax="H">việc</N><VP><V>phải</V><V syntax="H">làm</V></VP></NP></AP><dot>.</dot></S></SENTENCE></root>