<?xml version="1.0" ?><root><SENTENCE id="1"><S><NP syntax="SUB"><L>Các</L><N syntax="H">trường hợp</N><VP><V syntax="H">mắc</V><N>bệnh</N></VP></NP><AP><A syntax="H">lẻ tẻ</A></AP><com syntax="SUB">,</com><VP syntax="SUB"><VP><R>không</R><V syntax="H">liên quan</V><PP><E syntax="H">đến</E><NP><N syntax="H">nhau</N></NP></PP></VP><C>và</C><VP><R>đều</R><V syntax="H">có</V><NP><N syntax="H">tiền sử</N><VP><V syntax="H">ăn</V><NP><L>các</L><Nc syntax="H">loại</Nc><N>thức ăn</N><AP><A>như</A><N>rau sống</N></AP><com>,</com><NP><N syntax="H">thịt</N><N>chó</N></NP><com>,</com><NP><N syntax="H">mắm tôm</N></NP></NP></VP></NP></VP></VP><dot>.</dot></S></SENTENCE></root>