<?xml version="1.0" ?><root><SENTENCE id="1"><S><PP><E syntax="H">Theo</E><NP><N syntax="H">chương trình</N><V>dự kiến</V></NP></PP><com>,</com><NP syntax="SUB"><N syntax="H">Thiền sư</N><Np>Thích Nhất Hạnh</Np><C>và</C><N>đoàn</N></NP><VP><VP><R>cũng</R><R>sẽ</R><V syntax="H">có</V><NP><L>các</L><N syntax="H">buổi</N><N>pháp</N><VP><V syntax="H">thoại</V><com>,</com><PP><E syntax="H">với</E><NP><Nc syntax="H">người</Nc><N>nước ngoài</N><PP><E syntax="H">ở</E><NP><Np syntax="H">Việt Nam</Np></NP></PP></NP></PP></VP></NP></VP><com>,</com><C>và</C><VP><V syntax="H">gặp gỡ</V><NP><Np syntax="H">Uỷ ban</Np></NP><PP><PP><E syntax="H">về</E><NP><Nc syntax="H">người</Nc><Np>Việt Nam</Np><PP><E syntax="H">ở</E><NP><N syntax="H">nước ngoài</N></NP></PP></NP></PP><com>,</com><PP><E syntax="H">vào</E><NP><N>đầu</N><N>tuần</N><V>tới</V></NP></PP></PP></VP></VP><dot>.</dot></S></SENTENCE></root>