<?xml version="1.0" ?><root><SENTENCE id="1"><S><S><VP><V syntax="H">Cùng với</V><NP><N syntax="H">phần</N><N>lễ</N></NP></VP><com>,</com><NP syntax="SUB"><N syntax="H">phần</N><N>hội</N></NP><VP><R>cũng</R><V syntax="H">diễn</V><R>ra</R><AP><R>khá</R><A syntax="H">sinh động</A><com>,</com><SBAR><E syntax="H">bởi</E><S><NP syntax="SUB"><L>những</L><N syntax="H">điệu</N></NP><VP><V syntax="H">múa</V><AP><A>uyển chuyển</A><com>,</com><A>duyên dáng</A></AP><PP><E syntax="H">của</E><NP><N syntax="H">thiếu nữ</N><Np>Chăm</Np></NP><com>,</com><NP><L>những</L><N syntax="H">trò chơi</N><N>dân gian</N></NP></PP></VP></S></SBAR></AP><com>,</com><VP><V syntax="H">thi đấu</V><NP><N syntax="H">thể thao</N></NP></VP><com>,</com><VP><V syntax="H">thấm đượm</V><NP><N syntax="H">tình</N><V>đoàn kết</V><PP><E syntax="H">của</E><NP><N syntax="H">người dân</N></NP></PP><PP><E syntax="H">theo</E><NP><N syntax="H">đạo</N></NP></PP></NP></VP></VP></S><com>,</com><C>và</C><S><NP syntax="SUB"><N syntax="H">người</N></NP><NP syntax="PRD"><R>không</R><N syntax="H">đạo</N></NP></S><dot>.</dot></S></SENTENCE></root>