<?xml version="1.0" ?><root><SENTENCE id="1"><S><NP syntax="SUB"><N syntax="H">Hiện</N><NP><L>đa số</L><N syntax="H">người</N><Np>Thái Mường Lò</Np></NP></NP><com>,</com><NP syntax="SUB"><N syntax="H">hiện</N></NP><VP><VP><R>không</R><V syntax="H">biết</V><NP><NP><N syntax="H">chữ</N><Np>Thái cổ</Np></NP><com>,</com><NP><M>một</M><N syntax="H">số ít</N><N>người</N></NP><com>,</com><X>nhất là</X><NP><N syntax="H">lớp</N><A>trẻ</A></NP><com>,</com><SBAR><S><NP syntax="SUB"><N syntax="H">không những</N></NP><AP><A>ít</A><VP><V syntax="H">sử dụng</V><NP><N syntax="H">tiếng mẹ đẻ</N></NP><PP><E syntax="H">để</E><VP><V syntax="H">giao tiếp</V></VP></PP></VP></AP><com>,</com><C>mà</C><VP><R>thậm chí</R><V syntax="H">có</V><NP><N syntax="H">người</N></NP></VP></S></SBAR></NP></VP><com>,</com><VP><R>không</R><V syntax="H">nói</V><R>được</R><NP><N syntax="H">tiếng</N><Np>Thái</Np></NP></VP></VP><dot>.</dot></S></SENTENCE></root>