<?xml version="1.0" ?><root><SENTENCE id="1"><S><PP><PP><E syntax="H">Tại</E><NP><N syntax="H">tỉnh</N><Np>Hải Dương</Np></NP></PP><com>,</com><PP><E syntax="H">từ</E><E syntax="H">sau</E><NP><N syntax="H">khi</N><VP><V syntax="H">xuất hiện</V><NP><N syntax="H">ổ</N><V>dịch</V></NP></VP></NP></PP></PP><com syntax="SUB">,</com><VP syntax="SUB"><R>cũng</R><R>chưa</R><V syntax="H">thấy</V><VP><V syntax="H">xuất hiện</V><NP><N syntax="H">ổ</N><N>dịch</N><A>mới</A></NP></VP></VP><dot>.</dot></S></SENTENCE></root>