<?xml version="1.0" ?><root><SENTENCE id="1"><S><NP syntax="SUB"><N syntax="H">Thành công</N><PP><E syntax="H">trên</E><NP><N syntax="H">bước đầu</N></NP></PP></NP><VP><VP><V syntax="H">mở</V><R>ra</R><NP><N syntax="H">triển vọng</N><N>nhân giống</N></NP></VP><com>,</com><VP><V syntax="H">ươm</V><NP><Nc syntax="H">cây</Nc><N>con</N></NP><PP><E syntax="H">tại</E><NP><L>các</L><N syntax="H">khu</N><V>bảo tồn</V></NP></PP></VP><com>,</com><C>rồi</C><VP><V syntax="H">đưa</V><NP><P syntax="H">chúng</P></NP><VP><V syntax="H">trở lại</V><NP><N syntax="H">tự nhiên</N></NP></VP></VP></VP><dot>.</dot></S></SENTENCE></root>