<?xml version="1.0" ?><root><SENTENCE id="1"><S><NP syntax="SUB"><N syntax="H">đại sứ</N><Np>Petẻ Hansen</Np></NP><VP><VP><V syntax="H">nhấn mạnh</V></VP><com>,</com><VP><V syntax="H">đan Mạch</V></VP><C>không những</C><VP><V syntax="H">ủng hộ</V><NP><Np syntax="H">Việt Nam</Np></NP><VP><V syntax="H">trở thành</V><NP><N syntax="H">thành viên</N><A>chính thức</A><PP><E syntax="H">của</E><NP><N syntax="H">vê</N><eds>-</eds><N syntax="H">kép-tê</N><eds>-</eds><N>ô</N></NP></PP></NP></VP></VP><com>,</com><C>mà còn</C><VP><V syntax="H">làm việc</V><PP><E syntax="H">với</E><NP><L>các</L><N syntax="H">đối tác</N><PP><E syntax="H">của</E><NP><N syntax="H">Liên minh</N><N>châu</N><NP><Np syntax="H">âu</Np></NP><com>,</com><NP><Ny>(</Ny><Np>EU</Np><Ny>)</Ny></NP></NP></PP><com>,</com><PP><E syntax="H">để</E><NP><Np syntax="H">Việt Nam</Np></NP><VP><V syntax="H">có</V><NP><M>một</M><N syntax="H">bước tiến</N><AP><A>xa</A><R>hơn</R></AP><com>,</com><PP><E syntax="H">trên</E><NP><N syntax="H">hành trình</N></NP></PP><VP><V syntax="H">gia nhập</V><PP><E syntax="H">vào</E><NP><N syntax="H">nền</N><N>kinh tế</N><NP><N syntax="H">toàn cầu</N></NP></NP></PP></VP></NP></VP></PP></NP></PP></VP></VP><dot>.</dot></S></SENTENCE></root>