<?xml version="1.0" ?><root><SENTENCE id="1"><S><NP syntax="SUB"><N syntax="H">Thành phố</N></NP><VP><VP><R>cũng</R><R>sẽ</R><V syntax="H">tổ chức</V><R>lại</R><NP><N syntax="H">giao thông</N><N>nội thành</N></NP></VP><com>,</com><VP><V syntax="H">tăng cường</V><NP><N syntax="H">biện pháp</N><A>đồng bộ</A></NP></VP><com>,</com><VP><V syntax="H">đảm bảo</V><NP><N syntax="H">an toàn</N><N>giao thông</N></NP></VP><com>,</com><VP><V syntax="H">xóa</V><NP><N syntax="H">nạn</N></NP></VP><VP><V syntax="H">ùn tắc</V><NP><N syntax="H">giao thông</N></NP></VP></VP><dot>.</dot></S></SENTENCE></root>