<?xml version="1.0" ?><root><SENTENCE id="1"><S><S><NP syntax="SUB"><N syntax="H">Nhằm</N></NP><VP><V syntax="H">kiềm chế</V><A>lạm phát</A></VP></S><com>,</com><NP syntax="SUB"><N syntax="H">Bộ</N><NP><N syntax="H">Tài</N><A>chính</A></NP></NP><VP><VP><R>vừa</R><V syntax="H">ban hành</V><NP><N syntax="H">thông tư</N></NP></VP><com>,</com><VP><V syntax="H">đề nghị</V><NP><L>các</L><N syntax="H">bộ</N><com>,</com><N syntax="H">ban</N><com>,</com><N syntax="H">ngành</N><com>,</com><NP><N syntax="H">cơ quan</N><VP><VP><V syntax="H">thuộc</V><N>Chính phủ</N></VP><com>,</com><VP><V syntax="H">ủy ban nhân dân</V><NP><L>các</L><N syntax="H">cấp</N></NP></VP><com>,</com><VP><A>tạm</A><V syntax="H">dừng</V><VP><V syntax="H">mua</V><NP><N syntax="H">ôtô</N></NP></VP></VP></VP></NP><com>,</com><NP><N syntax="H">phương tiện</N></NP><com>,</com><NP><N syntax="H">tài sản</N><VP><V syntax="H">có</V><NP><N syntax="H">giá trị</N><A>lớn</A></NP></VP></NP><com>,</com><C>và</C><NP><L>các</L><N syntax="H">dự án</N><VP><V syntax="H">sửa chữa lớn</V><NP><N syntax="H">trụ sở</N><V>làm việc</V></NP></VP></NP></NP></VP></VP><dot>.</dot></S></SENTENCE></root>