<?xml version="1.0" ?><root><SENTENCE id="1"><S><NP syntax="SUB"><L>Các</L><N syntax="H">trận</N><N>bão tuyết</N><com>,</com><VP><V syntax="H">ập</V></VP></NP><VP><V syntax="H">đến</V><PP><T>ngay</T><E syntax="H">trước</E><NP><N syntax="H">thời điểm</N><VP><V syntax="H">bước</V><A>sang năm</A><AP><R>mới</R><A syntax="H">Mậu Tý</A></AP><com>,</com><AP><A>đúng</A><NP><N syntax="H">thời điểm</N><SBAR><S><S><NP syntax="SUB"><N syntax="H">giá cả</N></NP><VP><R>thường</R><V syntax="H">có</V></VP></S><com>,</com><S><NP syntax="SUB"><N syntax="H">chiều hướng</N></NP><VP><V syntax="H">tăng</V></VP></S></S></SBAR></NP></AP></VP></NP></PP></VP><dot>.</dot></S></SENTENCE></root>