<?xml version="1.0" ?><root><SENTENCE id="1"><S><VP><V syntax="H">Tiếp</V><NP><P syntax="H">đó</P></NP></VP><com>,</com><NP syntax="SUB"><L>các</L><N syntax="H">đại biểu</N></NP><VP><R>đã</R><V syntax="H">tiến hành</V><V>làm việc</V><PP><E syntax="H">theo</E><NP><M>5</M><N syntax="H">ủy ban</N><A>chuyên đề</A><col>:</col><NP><Np syntax="H">Uỷ ban</Np><NP><L>các</L><N syntax="H">vấn đề</N><N>chính trị</N></NP><com>,</com><NP><N syntax="H">ủy ban</N><N>kinh tế</N></NP><com>,</com><NP><N syntax="H">ủy ban</N><N>xã hội</N></NP><com>,</com><NP><N syntax="H">ủy ban</N><N>tổ chức</N></NP><com>,</com><NP><N syntax="H">ủy ban</N><VP><V syntax="H">đối thoại</V><PP><E syntax="H">với</E><NP><L>các</L><N syntax="H">nước</N><V>quan sát viên</V></NP></PP></VP></NP></NP></NP></PP></VP><dot>.</dot></S></SENTENCE></root>