<?xml version="1.0" ?><root><SENTENCE id="1"><S><C>Ngoài ra</C><com>,</com><NP syntax="SUB"><Nc syntax="H">sự</Nc><V>điều chỉnh</V><NP><N syntax="H">mật độ</N><V>nuôi</V><PP><E syntax="H">của</E><NP><L>các</L><N syntax="H">nhà sản xuất</N></NP></PP><PP><E syntax="H">trong</E><NP><N syntax="H">nước</N></NP></PP><com>,</com><VP><R>đã</R><V syntax="H">làm</V><SBAR><E syntax="H">cho</E><S><NP syntax="SUB"><Np syntax="H">Việt Nam</Np></NP><VP><V syntax="H">trở thành</V><NP><N syntax="H">nước</N></NP></VP></S></SBAR></VP></NP></NP><VP><VP><V syntax="H">có</V><A>ưu thế</A><V syntax="H">tuyệt đối</V><PP><E syntax="H">về</E><NP><N syntax="H">tôm</N><N>cỡ</N><A>lớn</A></NP></PP></VP><com>,</com><VP><R>rất</R><V syntax="H">được</V><V>ưa thích</V><PP><E syntax="H">tại</E><NP><N syntax="H">thị trường</N><Np>Mỹ</Np></NP></PP></VP></VP><dot>.</dot></S></SENTENCE></root>