<?xml version="1.0" ?><root><SENTENCE id="1"><S><NP syntax="SUB"><Np syntax="H">Nhóm Gờ</Np><M>8</M></NP><VP><VP><V syntax="H">yêu cầu</V><NP><N syntax="H">Iran</N><VP><V syntax="H">tuân thủ</V><NP><L>các</L><N syntax="H">nghị quyết</N><PP><E syntax="H">của</E><NP><Np syntax="H">Liên hợp</Np></NP></PP></NP><AP><A syntax="H">quốc</A></AP></VP></NP></VP><com>,</com><C>và</C><VP><V syntax="H">ngừng</V><NP><L>các</L><N syntax="H">hoạt động</N><VP><V syntax="H">làm giàu</V><NP><Nb syntax="H">ủani</Nb></NP></VP></NP></VP></VP><dot>.</dot></S></SENTENCE></root>