<?xml version="1.0" ?><root><SENTENCE id="1"><S><PP><E syntax="H">Từ</E><PP><E syntax="H">sau</E><NP><N syntax="H">Tết Dương</N><N>lịch</N></NP></PP></PP><com>,</com><PP><E syntax="H">tại</E><NP><N syntax="H">khu vực</N><NP><N syntax="H">trung tâm</N><N>thành phố</N></NP></NP></PP><com>,</com><PP><E syntax="H">trên</E><NP><L>các</L><N syntax="H">đường</N></NP></PP><NP syntax="SUB"><NP><Np syntax="H">Lê Lợi</Np><com>,</com><Np>đồng Khởi</Np><com>,</com><NP><Np syntax="H">Nguyễn Huệ</Np></NP><com>,</com><C>và</C><NP><Np syntax="H">Lê Duẩn</Np></NP><com>,</com><S><NP syntax="SUB"><N syntax="H">đèn</N><N>hoa</N></NP><AP><AP syntax="H"><A>rợp</A><NP><N syntax="H">trời</N></NP></AP><com>,</com><AP><A syntax="H">cùng</A></AP></AP></S><com>,</com><NP><NP><L>những</L><N syntax="H">biểu tượng</N><N>hoa</N><N>mai</N></NP><com>,</com><NP><N syntax="H">rồng</N><V>bay</V></NP></NP></NP><com>,</com><C>và</C><NP><L>những</L><Nc syntax="H">đàn</Nc><N>én</N></NP></NP><VP><V>tung</V><V>bay</V><R>đã</R></VP><com syntax="SUB">,</com><VP syntax="SUB"><V syntax="H">mang</V><R>lại</R><NP><N syntax="H">không khí</N><N>xuân</N></NP><R>về</R><PP><E syntax="H">từ</E><AP><R>rất</R><A syntax="H">sớm</A></AP></PP></VP><dot>.</dot></S></SENTENCE></root>