<?xml version="1.0" ?><root><SENTENCE id="1"><S><RP><R>đồng thời</R></RP><com>,</com><NP syntax="SUB"><N syntax="H">thành phố</N><Np>Hải Phòng</Np></NP><VP><V syntax="H">phải</V><VP><V syntax="H">báo cáo</V><NP><N syntax="H">Thủ tướng</N><N>Chính phủ</N></NP><com>,</com><PP><E syntax="H">về</E><NP><N syntax="H">việc</N><VP><V syntax="H">xử lý</V><NP><L>các</L><N syntax="H">doanh nghiệp</N><VP><R>đã</R><V syntax="H">nhập khẩu</V><AP><A syntax="H">trái phép</A></AP><NP><NP><N syntax="H">ắc</N><NP><N syntax="H">quy</N><N>chì</N></NP><com>,</com><NP><Nc syntax="H">bản</Nc><N>cực</N><N>ắc</N><NP><N syntax="H">quy</N><N>chì</N></NP><VP><R>đã</R><V syntax="H">qua</V><V syntax="H">sử dụng</V></VP></NP></NP><com>,</com><C>và</C><NP><L>các</L><N syntax="H">chất thải</N><A>khác</A><PP><E syntax="H">về</E><NP><N syntax="H">cảng</N><Np>Hải Phòng</Np></NP></PP></NP></NP></VP><PP><E syntax="H">trong</E><N>thời gian</N><NP><A>gần</A><P>đây</P></NP></PP></NP></VP></NP></PP></VP></VP><dot>.</dot></S></SENTENCE></root>