<?xml version="1.0" ?><root><SENTENCE id="1"><S><PP><E syntax="H">để</E><VP><V syntax="H">đẩy mạnh</V><VP><V syntax="H">xuất khẩu</V></VP></VP></PP><com>,</com><NP syntax="SUB"><N syntax="H">Bộ trưởng</N><Np>Vũ Huy Hoàng</Np></NP><VP><V syntax="H">cho biết</V><com>,</com><SBAR><S><NP><N syntax="H">thời gian</N><V>tới</V></NP><NP syntax="SUB"><N syntax="H">Bộ</N></NP><VP><R>sẽ</R><V syntax="H">tăng cường</V><NP><L>các</L><N syntax="H">cơ hội</N><VP><V syntax="H">tiếp cận</V><N>thị trường</N><PP><E syntax="H">cho</E><NP><N syntax="H">hàng</N><Np>Việt Nam</Np></NP></PP></VP><com>,</com><VP><V syntax="H">thông qua</V><NP><N syntax="H">việc</N><VP><V syntax="H">đàm phán</V><PP><E syntax="H">về</E><NP><L>các</L><N syntax="H">Khu vực</N><N>mậu dịch</N><AP><A syntax="H">tự do</A></AP><PP><E syntax="H">với</E><NP><Np syntax="H">Trung Quốc</Np><com>,</com><Np>Hàn Quốc</Np><com>,</com><Np>Nhật Bản</Np><com>,</com><Np>úc</Np><com>,</com><Np>Niu Dilân</Np></NP></PP></NP></PP></VP></NP><com>,</com><VP><V syntax="H">ấn</V><N>độ</N></VP><com>,</com><VP><V syntax="H">nhằm</V><VP><V syntax="H">dỡ</V><V syntax="H">bỏ</V><NP><NP><L>các</L><N syntax="H">rào cản</N><N>thuế</N></NP><com>,</com><NP><S>phi</S><N syntax="H">thuế</N></NP></NP></VP></VP></VP></NP></VP></S></SBAR></VP><dot>.</dot></S></SENTENCE></root>