<?xml version="1.0" ?><root><SENTENCE id="1"><S><NP syntax="SUB"><M>Năm</M><N syntax="H">năm</N><V>qua</V></NP><com>,</com><NP syntax="SUB"><N syntax="H">bà con</N><NP><N syntax="H">công</N><N>giáo</N></NP></NP><VP><R>đã</R><V syntax="H">đóng góp</V><NP><R>hơn</R><M>500</M><M>triệu</M><Nu syntax="H">đồng</Nu></NP><PP><E syntax="H">để</E><VP><VP><V syntax="H">xây dựng</V><NP><N syntax="H">nhà tình nghĩa</N></NP></VP><com>,</com><VP><V syntax="H">ủng hộ</V><NP><N syntax="H">quỹ</N></NP></VP><quo>"</quo><PP><E syntax="H">Vì</E><NP><N syntax="H">người</N><A>nghèo</A></NP></PP></VP></PP></VP><dot>.</dot><quo>"</quo></S></SENTENCE></root>