<?xml version="1.0" ?><root><SENTENCE id="1"><S><NP syntax="SUB"><M>Hai</M><N syntax="H">nhà lãnh đạo</N></NP><VP><R>cũng</R><V syntax="H">nhất trí</V><VP><VP><V syntax="H">trao đổi</V><NP><N syntax="H">thông tin</N></NP></VP><C>và</C><VP><V syntax="H">thiết lập</V><NP><N syntax="H">cơ sở dữ liệu</N></NP><PP><E syntax="H">về</E><NP><N syntax="H">hệ sinh thái</N></NP></PP></VP><com>,</com><VP><V syntax="H">thiết lập</V><NP><N syntax="H">khuôn khổ</N><VP><V syntax="H">ứng phó</V><A>nhanh</A><PP><E syntax="H">với</E><NP><L>các</L><N syntax="H">tình huống</N></NP></PP></VP></NP></VP><com>,</com><C>kể cả</C><VP><VP><V syntax="H">ô nhiễm</V><NP><N syntax="H">dầu</N></NP></VP><C>và</C><VP><V syntax="H">dịch</V><NP><N syntax="H">cúm gia cầm</N><N>bùng phát</N></NP></VP></VP></VP></VP><dot>.</dot></S></SENTENCE></root>