<?xml version="1.0" ?><root><SENTENCE id="1"><S><S><NP syntax="SUB"><N syntax="H">Tổng</N></NP><VP><V syntax="H">dư nợ</V><PP><E syntax="H">cho</E><VP><VP><V syntax="H">vay</V><NP><N syntax="H">nền</N><N>kinh tế</N><NP><N syntax="H">tháng</N><M>5</M></NP></NP></VP><com>,</com><VP><V syntax="H">tăng</V><NP><A>khoảng</A><M>2,25%</M><VP><V syntax="H">so</V><PP><E syntax="H">với</E><NP><N syntax="H">tháng</N><A>trước</A></NP></PP></VP></NP></VP></VP></PP></VP></S><com>,</com><S><PP><E syntax="H">trong</E><NP><P syntax="H">đó</P></NP></PP><com>,</com><NP syntax="SUB"><N syntax="H">dư nợ</N></NP><VP><VP><V syntax="H">cho</V><V syntax="H">vay</V><NP><N syntax="H">bằng</N><Np>Việt Nam</Np><N>đồng</N></NP></VP><com>,</com><VP><V syntax="H">ước</V><VP><V syntax="H">tăng</V><QP><M syntax="H">2,13%</M></QP></VP></VP><com>,</com><C>và</C><VP><V syntax="H">dư nợ</V><PP><E syntax="H">cho</E><VP><V syntax="H">vay</V><PP><E syntax="H">bằng</E><NP><N syntax="H">ngoại tệ</N></NP></PP></VP></PP></VP></VP><com syntax="SUB">,</com><VP><V>ước</V><V syntax="H">tăng</V><QP><M syntax="H">2,66%</M></QP></VP></S><dot>.</dot></S></SENTENCE></root>