<?xml version="1.0" ?><root><SENTENCE id="1"><S><NP><Nc syntax="H">Buổi</Nc><N>lễ</N></NP><PP><E syntax="H">do</E><NP><N syntax="H">Ban</N><N>Tế</N><P>tự</P></NP></PP><com>,</com><NP syntax="SUB"><Np syntax="H">âm</Np></NP><VP><VP><V syntax="H">linh</V><P>tự</P><C>và</C><NP><L>các</L><N syntax="H">tộc</N><N>họ</N><PP><E syntax="H">ở</E><NP><N syntax="H">huyện</N><N>đảo</N><NP><Np syntax="H">Lý Sơn</Np></NP></NP></PP></NP></VP><com>,</com><VP><R>đã</R><V syntax="H">tổ chức</V><PP><E syntax="H">tại</E><NP><N syntax="H">xã</N><Np>An Vĩnh</Np></NP></PP></VP></VP><dot>.</dot></S></SENTENCE></root>