<?xml version="1.0" ?><root><SENTENCE id="1"><S><NP syntax="SUB"><N syntax="H">điệu</N><VP><V syntax="H">múa</V><A>khai hội</A></VP></NP><com>,</com><S><VP><V syntax="H">được</V><NP><M>24</M><N syntax="H">tráng niên</N><PP><E syntax="H">của</E><NP><N syntax="H">làng</N><VP><V syntax="H">chia</V><VP><V syntax="H">thành</V><NP><M>hai</M><N syntax="H">hàng</N></NP></VP></VP></NP></PP></NP></VP><com>,</com><NP syntax="SUB"><N syntax="H">trình diễn</N></NP><AP><AP syntax="H"><R>vừa</R><A syntax="H">uyển chuyển</A></AP><com>,</com><AP><R>vừa</R><A syntax="H">mạnh mẽ</A></AP><com syntax="SUB">,</com><VP><V syntax="H">màu sắc</V><VP><V syntax="H">biến hoá</V><A>linh hoạt</A></VP></VP><com>,</com><C>và</C><AP syntax="H"><A syntax="H">huyền ảo</A></AP><PP><E syntax="H">trong</E><NP><L>những</L><N syntax="H">âm thanh</N><PP><E syntax="H">của</E><NP><N syntax="H">trống</N></NP></PP><com>,</com><A>thanh la</A></NP></PP></AP></S><dot>.</dot></S></SENTENCE></root>