<?xml version="1.0" ?><root><SENTENCE id="1"><S><PP><E syntax="H">Trên</E><NP><N syntax="H">nền</N><N>lụa</N><NP><Np syntax="H">Toàn Thịnh</Np></NP></NP></PP><com>,</com><NP syntax="SUB"><L>các</L><N syntax="H">nhà thiết kế</N></NP><VP><R>đã</R><V syntax="H">sử dụng</V><NP><NP><L>những</L><N syntax="H">hoạ tiết</N></NP><com>,</com><NP><N syntax="H">hoa văn</N><V>sử dụng</V><PP><E syntax="H">trong</E><NP><Np syntax="H">Hoàng cung</Np></NP></PP></NP><com>,</com><C>như</C><NP><L>các</L><N syntax="H">mẫu</N><N>áo dài</N><VP><V syntax="H">thêu</V><NP><N syntax="H">hoa</N><N>sen</N></NP></VP></NP><com>,</com><NP><N syntax="H">hoa cúc</N></NP><com>,</com><C>và</C><NP><NP><L>các</L><N syntax="H">hình</N><V>ấn</V></NP><com>,</com><NP><N syntax="H">Triện</N></NP><com>,</com><NP><N syntax="H">mẫu</N><VP><V>thêu</V><V syntax="H">rồng</V></VP></NP><com>,</com><NP><N syntax="H">phụng</N></NP><C>và</C><NP><N syntax="H">chim</N><N>công</N></NP></NP></NP></VP><dot>.</dot></S></SENTENCE></root>