<?xml version="1.0" ?><root><SENTENCE id="1"><S><PP><E syntax="H">Trong</E><NP><N syntax="H">thời gian</N><VP><V syntax="H">ở</V><V syntax="H">thăm</V><NP><N syntax="H">ốt</N><eds>-</eds><NP><N syntax="H">xờ-trây-li</N><eds>-</eds><N>a</N></NP></NP></VP></NP></PP><com>,</com><PP><PP><E syntax="H">từ</E><NP><N syntax="H">ngày</N><M>23</M></NP></PP><PP><E syntax="H">đến</E><QP><M syntax="H">27/2</M></QP></PP></PP><com>,</com><NP syntax="SUB"><N syntax="H">Phó Thủ</N><N>tướng</N><NP><Np syntax="H">Nguyễn Thiện Nhân</Np></NP></NP><com>,</com><VP syntax="SUB"><R>đã</R><V syntax="H">làm việc</V><NP><NP><N syntax="H">Bộ</N><Ny>Giáo</Ny><NP><N syntax="H">dục</N><N>ốt</N></NP></NP><eds>-</eds><NP><N syntax="H">xờ-trây-li</N><eds>-</eds><N>a</N></NP></NP></VP><dot>.</dot></S></SENTENCE></root>