<?xml version="1.0" ?><root><SENTENCE id="1"><S><NP syntax="SUB"><A>Nhiều</A><N syntax="H">người</N><NP><N syntax="H">Công</N><NP><N syntax="H">giáo</N></NP></NP></NP><VP><A>liên tục</A><V syntax="H">đảm nhận</V><NP><NP><N syntax="H">nhiệm vụ</N><N>tổ trưởng</N><N>dân phố</N></NP><com>,</com><NP><N syntax="H">thành viên</N><NP><N syntax="H">Ban</N><VP><V syntax="H">điều hành</V><NP><N syntax="H">khu phố</N></NP></VP></NP></NP><com>,</com><NP><N syntax="H">ấp</N></NP></NP></VP><dot>.</dot></S></SENTENCE></root>