<?xml version="1.0" ?><root><SENTENCE id="1"><S><X>Ngoài ra</X><com>,</com><NP syntax="SUB"><L>những</L><N syntax="H">thị trường</N><A>mới</A><C>như</C><NP><Np syntax="H">Hàn Quốc</Np><com>,</com><NP><N syntax="H">châu</N><NP><Np syntax="H">âu</Np><com>,</com><Np>úc</Np><com>,</com><Np>Ai Cập</Np></NP></NP></NP></NP><com>,</com><VP syntax="SUB"><R>cũng</R><V syntax="H">được</V><SBAR><S><NP syntax="SUB"><A>nhiều</A><N syntax="H">người</N></NP><VP><NP><N syntax="H">du khách</N><Np>Việt Nam</Np></NP><VP><V syntax="H">bình chọn</V></VP></VP></S></SBAR></VP><dot>.</dot></S></SENTENCE></root>