<?xml version="1.0" ?><root><SENTENCE id="1"><S><S><NP syntax="SUB"><P syntax="H">Thuận lợi</P></NP><VP><V syntax="H">là</V><AP><A syntax="H">lớn</A></AP></VP></S><com>,</com><C>nhưng</C><S><NP syntax="SUB"><N syntax="H">đi đôi</N><PP><E syntax="H">với</E><AP><A>khó khăn</A><com>,</com><A>yếu kém</A></AP></PP></NP><VP><R>chưa</R><V syntax="H">khắc phục</V><VP><V syntax="H">được</V><A>nhiều</A><C>như</C><NP><NP><N syntax="H">nhập siêu</N></NP><com>,</com><NP><N syntax="H">giá</N><V>tăng</V></NP><com>,</com><NP><N syntax="H">giải ngân</N><A>chậm</A></NP><com>,</com><VP><V syntax="H">ùn tắc</V><NP><N syntax="H">giao thông</N></NP><PP><E syntax="H">ở</E><NP><L>các</L><N syntax="H">thành phố</N><A>lớn</A></NP></PP></VP></NP></VP></VP></S><dot>.</dot></S></SENTENCE></root>