<?xml version="1.0" ?><root><SENTENCE id="1"><S><S><NP syntax="SUB"><N syntax="H">Kết quả</N></NP><VP><V>ứng dụng</V><V syntax="H">thực nghiệm</V></VP></S><com>,</com><S><SBAR><S><NP syntax="SUB"><L>các</L><N syntax="H">cấu kiện</N><N>trong</N></NP><VP><V syntax="H">xây dựng</V><NP><N syntax="H">nhà ở</N></NP></VP></S><com>,</com><C>và</C><S><NP syntax="SUB"><A>nhiều</A><N syntax="H">công trình</N><PP><E syntax="H">ở</E><NP><Np syntax="H">đồng Tháp</Np><com>,</com><Np>Thanh Hóa</Np><C>và</C><Np>Long An</Np></NP></PP></NP><VP><V>cho</V><V syntax="H">thấy</V></VP></S></SBAR><com>,</com><NP syntax="SUB"><N syntax="H">việc</N><VP><V syntax="H">sử dụng</V><NP><L>các</L><N syntax="H">cấu kiện</N></NP></VP></NP><VP><R>đã</R><V syntax="H">giúp</V><VP><V syntax="H">giảm</V><NP><NP><N syntax="H">lượng</N><N>vật tư</N></NP><com>,</com><NP><N syntax="H">nhiên liệu</N></NP><com>,</com><NP><N syntax="H">tải trọng</N></NP><C>và</C><NP><N syntax="H">giá thành</N><V>xây lắp</V></NP><com>,</com><NP><T>tới</T><M>50%</M><VP><V syntax="H">so</V><PP><E syntax="H">với</E><NP><L>các</L><N syntax="H">hệ thống</N><A>thông thường</A></NP></PP></VP></NP></NP></VP></VP></S><dot>.</dot></S></SENTENCE></root>