<?xml version="1.0" ?><root><SENTENCE id="1"><S><NP syntax="SUB"><L>Các</L><N syntax="H">đối tượng</N></NP><VP><VP><V syntax="H">tham gia</V><VP><V syntax="H">nộp</V><NP><N syntax="H">tiền</N></NP></VP></VP><C>và</C><VP><V syntax="H">nhận</V><NP><M>một</M><N syntax="H">tài khoản</N><AP><A syntax="H">ảo</A></AP><com>,</com><PP><E syntax="H">với</E><NP><N syntax="H">mức</N><N>lãi suất</N><VP><V syntax="H">được</V><VP><V syntax="H">quảng cáo</V></VP></VP></NP></PP><com>,</com><VP><V syntax="H">hứa hẹn</V><VP><V syntax="H">là</V><PP><E syntax="H">tới</E><QP><M syntax="H">3%</M><fos>/</fos><NP><N syntax="H">ngày</N></NP></QP></PP></VP></VP></NP></VP></VP><dot>.</dot></S></SENTENCE></root>