<?xml version="1.0" ?><root><SENTENCE id="1"><S><NP syntax="SUB"><N syntax="H">Phụ nữ</N></NP><VP><VP><V syntax="H">uống</V><NP><N syntax="H">vitamin</N></NP></VP><VP><V syntax="H">tổng hợp</V><NP><N syntax="H">khi</N><VP><V syntax="H">mang</V><NP><N syntax="H">thai</N></NP></VP></NP></VP><com>,</com><VP><R>có thể</R><V syntax="H">giảm</V><NP><N syntax="H">nguy cơ</N></NP></VP><VP><V syntax="H">sinh</V><NP><N syntax="H">con</N></NP><AP><A>thiếu</A><NP><N syntax="H">cân</N></NP></AP></VP></VP><dot>.</dot></S></SENTENCE></root>