<?xml version="1.0" ?><root><SENTENCE id="1"><S><AP><A>Song song</A><PP><E syntax="H">với</E><NP><N syntax="H">việc</N><VP><V syntax="H">tăng</V><NP><N syntax="H">số lượng</N><N>đàn</N></NP></VP></NP></PP></AP><com>,</com><NP syntax="SUB"><N syntax="H">chất lượng</N><NP><Nc syntax="H">đàn</Nc><N>ong</N></NP><PP><E syntax="H">của</E><NP><N syntax="H">đắk Lắk</N></NP></PP></NP><VP><VP><R>cũng</R><R>không</R><V syntax="H">ngừng</V><R>được</R><VP><V syntax="H">cải thiện</V></VP></VP><com>,</com><VP><V syntax="H">nhờ</V><NP><N syntax="H">việc</N><VP><V syntax="H">cải tạo</V><NP><N syntax="H">đàn</N></NP></VP></NP></VP><com>,</com><VP><V syntax="H">đưa</V><R>vào</R><VP><V syntax="H">nuôi</V><NP><N syntax="H">loại</N><NP><N syntax="H">giống</N><N>ong</N><A>mới</A></NP></NP></VP></VP><com>,</com><C>và</C><VP><V syntax="H">áp dụng</V><NP><L>các</L><N syntax="H">biện pháp</N><A>tích cực</A><PP><E syntax="H">trong</E><VP><V syntax="H">chăm sóc</V></VP></PP></NP></VP></VP><dot>.</dot></S></SENTENCE></root>