<?xml version="1.0" ?><root><SENTENCE id="1"><S><NP><N syntax="H">A-xê-an</N><N>hy vọng</N></NP><PP><E syntax="H">đến</E><NP><N syntax="H">năm</N><M>2013</M></NP></PP><com syntax="SUB">,</com><VP syntax="SUB"><R>sẽ</R><V syntax="H">hoàn tất</V><V>đàm phán</V><NP><Np syntax="H">FTA</Np><PP><E syntax="H">với</E><NP><P>tất cả</P><L>các</L><N syntax="H">đối tác</N><Np>Trung Quốc</Np><com>,</com><Np>Nhật Bản</Np><com>,</com><Np>Hàn Quốc</Np><com>,</com><VP><V syntax="H">ấn</V><NP><N syntax="H">độ</N></NP></VP><com>,</com><NP><N syntax="H">ốt</N><eds>-</eds><NP><N syntax="H">xờ-trây-li</N><eds>-</eds><N syntax="H">a</N><com>,</com><Np>Niu Dilân</Np><C>và</C><Np>EU</Np></NP></NP></NP></PP></NP></VP><dot>.</dot></S></SENTENCE></root>