<?xml version="1.0" ?><root><SENTENCE id="1"><S><C>Trái ngược</C><PP><E syntax="H">với</E><NP><Nc syntax="H">sự</Nc><V>ế ẩm</V><PP><E syntax="H">của</E><NP><A>cùng</A><N syntax="H">kỳ</N><N>năm ngoái</N></NP></PP></NP></PP><com>,</com><NP syntax="SUB"><N syntax="H">năm</N><P>nay</P></NP><com>,</com><S><NP syntax="SUB"><L>các</L><N syntax="H">nhà sản xuất</N></NP><VP><VP><R>không</R><V syntax="H">cần</V><VP><V syntax="H">khuyến mãi</V></VP></VP><com>,</com><VP><R>hay</R><V syntax="H">giảm giá</V><A>nhiều</A></VP></VP></S><com>,</com><C>nhưng</C><S><NP syntax="SUB"><N syntax="H">xe</N><N>ôtô</N></NP><VP><R>vẫn</R><V syntax="H">bán chạy</V></VP></S><dot>.</dot></S></SENTENCE></root>