<?xml version="1.0" ?><root><SENTENCE id="1"><S><S><S><NP syntax="SUB"><N syntax="H">Ban</N></NP><VP><V syntax="H">chỉ đạo</V><VP><V syntax="H">phòng chống</V><NP><N syntax="H">lụt bão</N><N>Trung ương</N><VP><V syntax="H">cho biết</V></VP></NP></VP></VP></S><com>,</com><NP syntax="SUB"><N syntax="H">đợt</N><N>mưa lũ</N><V>kéo dài</V><PP><E syntax="H">từ</E><NP><N syntax="H">ngày</N><M>29/10</M></NP></PP><com>,</com><VP><V syntax="H">đến</V><NP><N syntax="H">ngày</N><M>5/11</M><PP><E syntax="H">tại</E><NP><L>các</L><N syntax="H">tỉnh</N><NP><N syntax="H">miền</N><Np>Trung</Np></NP></NP></PP></NP></VP></NP><com>,</com><VP syntax="SUB"><R>đã</R><V syntax="H">làm</V></VP><com>,</com><NP><M>42</M><N syntax="H">người</N><VP><V syntax="H">chết</V></VP></NP></S><com>,</com><C>và</C><NP syntax="SUB"><M>6</M><N syntax="H">người</N><V>mất tích</V></NP><com>,</com><S><PP><E syntax="H">trong</E><NP><P syntax="H">đó</P></NP></PP><com>,</com><NP syntax="SUB"><Np syntax="H">Thừa Thiên Huế</Np></NP><VP><V syntax="H">bị</V><NP><N syntax="H">thiệt hại</N><AP><A>nặng</A><A>nhất</A></AP><PP><E syntax="H">với</E><NP><M>11</M><N syntax="H">người</N><V>chết</V></NP></PP></NP></VP></S><dot>.</dot></S></SENTENCE></root>