<?xml version="1.0" ?><root><SENTENCE id="1"><S><NP syntax="SUB"><N syntax="H">Hiệp hội</N><Np>Nhựa</Np><com>,</com><NP><N syntax="H">yêu cầu</N><NP><L>các</L><N syntax="H">doanh nghiệp</N><VP><V syntax="H">chú trọng</V><VP><V syntax="H">quảng cáo</V><NP><N syntax="H">thương hiệu</N><C>và</C><N syntax="H">sản phẩm</N></NP></VP></VP></NP></NP></NP><com>,</com><VP syntax="SUB"><VP><V syntax="H">xâm nhập</V><A>trực tiếp</A><PP><E syntax="H">vào</E><NP><L>các</L><N syntax="H">kênh</N><V>phân phối</V><PP><E syntax="H">của</E><NP><L>các</L><N syntax="H">nước</N><V>nhập khẩu</V></NP></PP></NP></PP></VP><com>,</com><C>và</C><VP><VP><A>tích cực</A><V syntax="H">tiếp cận</V><NP><N syntax="H">thị trường</N><N>nước ngoài</N></NP></VP><com>,</com><VP><V syntax="H">thông qua</V><NP><Nc syntax="H">việc</Nc><V>tham gia</V><NP><L>các</L><Nc syntax="H">cuộc</Nc><N>triển lãm</N><com>,</com><N>hội chợ</N></NP></NP></VP><C>và</C><VP><V syntax="H">xúc tiến</V><NP><N syntax="H">thương mại</N></NP></VP></VP></VP><dot>.</dot></S></SENTENCE></root>