<?xml version="1.0" ?><root><SENTENCE id="1"><S><S><NP syntax="SUB"><L>Các</L><N syntax="H">chuyên gia</N></NP><VP><V syntax="H">dịch tễ</V><NP><Np syntax="H">Hàn Quốc</Np></NP></VP></S><com>,</com><S><VP syntax="SUB"><R>đã</R><V syntax="H">khoanh vùng</V><NP><N syntax="H">ổ</N><V>dịch</V></NP><PP><E syntax="H">sau</E><NP><N syntax="H">khi</N><SBAR><S><NP syntax="SUB"><M>một</M><N syntax="H">chủ</N><N>trang trại</N></NP><VP><V syntax="H">phát hiện</V><NP><A>khoảng</A><M>30</M><Nc syntax="H">con</Nc><N>vịt</N><V>chết</V></NP></VP></S></SBAR></NP></PP></VP><VP><R>không</R><V syntax="H">rõ</V><NP><N syntax="H">nguyên nhân</N></NP></VP></S><dot>.</dot></S></SENTENCE></root>