<?xml version="1.0" ?><root><SENTENCE id="1"><S><NP syntax="SUB"><N syntax="H">Thủ tướng</N><Np>Nguyễn Tấn Dũng</Np></NP><VP><V syntax="H">yêu cầu</V><com>,</com><SBAR><S><NP syntax="SUB"><N syntax="H">lãnh đạo</N><NP><L>các</L><N syntax="H">Bộ</N><N>ngành</N></NP></NP><VP><VP><VP><V>tập trung</V><V syntax="H">chỉ đạo</V><VP><V syntax="H">tháo gỡ</V><NP><N syntax="H">khó khăn</N></NP></VP></VP><com>,</com><VP><V syntax="H">ách tắc</V><PP><E syntax="H">để</E><VP><V syntax="H">phát triển</V></VP></PP><VP><V>sản xuất</V><V syntax="H">kinh doanh</V></VP></VP><com>,</com><VP><V>đẩy mạnh</V><V syntax="H">xuất khẩu</V></VP><com>,</com><VP><V syntax="H">giữ</V><A>vững</A><AP><A>ổn định</A><NP><N syntax="H">kinh tế</N><N>vĩ mô</N></NP></AP></VP><com>,</com><VP><V syntax="H">kiểm soát</V><A>chặt chẽ</A><NP><N syntax="H">nguồn</N><V>thu</V><N>ngân sách</N></NP></VP><com>,</com><VP><V syntax="H">khắc phục</V><NP><N syntax="H">yếu kém</N></NP><VP><V syntax="H">về</V><VP><V syntax="H">đầu tư</V></VP></VP></VP></VP><com>,</com><C>và</C><VP><V syntax="H">đẩy mạnh</V><VP><V syntax="H">cải cách</V><NP><N syntax="H">hành chính</N></NP></VP></VP></VP></S></SBAR></VP><dot>.</dot></S></SENTENCE></root>