<?xml version="1.0" ?><root><SENTENCE id="1"><S><NP syntax="SUB"><N syntax="H">Số lượng</N><NP><N syntax="H">bão</N><com>,</com><N>áp thấp nhiệt đới</N></NP></NP><VP><V syntax="H">hoạt động</V><PP><E syntax="H">trên</E><NP><N syntax="H">biển</N><Np>đông</Np></NP></PP></VP><com>,</com><C>và</C><VP><V syntax="H">ảnh hưởng</V><PP><E syntax="H">đến</E><NP><Np syntax="H">Việt Nam</Np></NP></PP><AP><A>ít</A><R>hơn</R><VP><V syntax="H">so</V><PP><E syntax="H">với</E><AP><A syntax="H">bình thường</A></AP></PP></VP></AP></VP><dot>.</dot></S></SENTENCE></root>