<?xml version="1.0" ?><root><SENTENCE id="1"><S><NP syntax="SUB"><N syntax="H">Hệ thống</N></NP><VP><VP><VP><V syntax="H">thoát</V><N>nước</N></VP><VP><V syntax="H">thiếu</V></VP><com>,</com><VP><VP><V syntax="H">là</V><NP><M>một</M><E>trong</E><L>những</L><N syntax="H">nguyên nhân</N><A>chính</A></NP></VP><com>,</com><VP><V syntax="H">gây</V><R>ra</R><NP><N syntax="H">tình trạng</N><V>ngập úng</V><AP><A syntax="H">thường xuyên</A></AP><PP><PP><E syntax="H">tại</E><NP><L>các</L><N syntax="H">thành phố</N><A>lớn</A></NP></PP><PP><E syntax="H">trong</E><NP><N syntax="H">mùa</N><N>mưa</N></NP></PP></PP></NP></VP><com>,</com><VP><V syntax="H">ảnh hưởng</V><PP><E syntax="H">đến</E><NP><N syntax="H">sinh hoạt</N><PP><E syntax="H">của</E><NP><N syntax="H">người dân</N></NP></PP></NP></PP></VP></VP></VP><com>,</com><C>và</C><VP><V syntax="H">làm</V><VP><V syntax="H">ô nhiễm</V><NP><N syntax="H">môi trường</N></NP></VP></VP></VP><dot>.</dot></S></SENTENCE></root>