<?xml version="1.0" ?><root><SENTENCE id="1"><S><NP syntax="SUB"><P syntax="H">đây</P></NP><VP><V syntax="H">là</V><NP><M>một</M><E>trong</E><M>ba</M><N syntax="H">tuyến</N><N>đường ống</N><VP><VP><T>chính</T><V syntax="H">dẫn</V><NP><N syntax="H">khí đốt</N><PP><E syntax="H">của</E><NP><Np syntax="H">Nga</Np></NP></PP></NP></VP><com>,</com><VP><V syntax="H">đi</V><PP><E syntax="H">qua</E><NP><N syntax="H">lãnh thổ</N><Np>Ucraina</Np></NP></PP></VP></VP></NP></VP><dot>.</dot></S></SENTENCE></root>