<?xml version="1.0" ?><root><SENTENCE id="1"><S><C>Tuy nhiên</C><com>,</com><NP syntax="SUB"><N syntax="H">đảng</N><Np>Cộng hòa</Np></NP><VP><V syntax="H">cho</V><C>rằng</C><com>,</com><SBAR><S><NP syntax="SUB"><N syntax="H">dự thảo</N><N>ngân sách</N><P>này</P></NP><VP><VP><V syntax="H">phụ thuộc</V><AP><R>quá</R><A syntax="H">nhiều</A><PP><E syntax="H">vào</E><NP><N syntax="H">việc</N><VP><V syntax="H">tăng</V><NP><N syntax="H">mức</N><N>thuế</N></NP></VP></NP></PP></AP></VP><com>,</com><VP><R>sẽ</R><R>càng</R><V syntax="H">làm</V><PP><E syntax="H">cho</E><NP><N syntax="H">nước</N><Np>Mỹ</Np></NP></PP><VP><V syntax="H">rơi</V><PP><E syntax="H">vào</E><NP><N syntax="H">tình trạng</N><A>ảm đạm</A></NP></PP></VP></VP></VP></S></SBAR></VP><dot>.</dot></S></SENTENCE></root>