<?xml version="1.0" ?><root><SENTENCE id="1"><S><NP syntax="SUB"><N syntax="H">Chiều</N><M>13/7</M></NP><com>,</com><NP syntax="SUB"><N syntax="H">Trung tâm</N><Ny>Nghệ thuật</Ny><Np>Việt Nam</Np></NP><AP><R>đã</R><A syntax="H">chính thức</A><VP><V syntax="H">được</V><VP><V syntax="H">khai trương</V><PP><PP><E syntax="H">tại</E><NP><M>42</M><Np>Yết Kiêu</Np><com>,</com><NP><Np syntax="H">Hà Nội</Np></NP></NP></PP><com>,</com><PP><E syntax="H">bằng</E><NP><N syntax="H">triển lãm</N><VP><V syntax="H">mang</V><N>tên</N><XP><quo syntax="H">"</quo><X>Tre đỏ</X></XP></VP></NP></PP></PP></VP></VP></AP><dot>.</dot><quo>"</quo></S></SENTENCE></root>