<?xml version="1.0" ?><root><SENTENCE id="1"><S><NP syntax="SUB"><N syntax="H">Công ty cổ phần</N><N>Cao su</N><NP><Np syntax="H">Sơn La</Np></NP></NP><com>,</com><VP syntax="SUB"><R>đã</R><V syntax="H">triển khai</V><VP><V syntax="H">trồng</V><NP><M>70ha</M><N syntax="H">cao su</N><PP><E syntax="H">trên</E><NP><N syntax="H">địa bàn</N><NP><N syntax="H">xã</N><Np>ít Ong</Np><com>,</com><NP><N syntax="H">huyện</N><Np>Mường La</Np></NP></NP></NP></PP></NP></VP></VP><dot>.</dot></S></SENTENCE></root>