<?xml version="1.0" ?><root><SENTENCE id="1"><S><NP syntax="SUB"><N syntax="H">đại diện</N><V>Học</V><NP><N syntax="H">hội</N><NP><N syntax="H">Quan hệ</N><A>quốc tế</A><NP><N syntax="H">Học viện</N><N>Ngoại giao</N><NP><Np syntax="H">Trung Quốc</Np></NP></NP></NP></NP></NP><com>,</com><VP syntax="SUB"><VP><V syntax="H">tham dự</V><NP><N syntax="H">hội thảo</N><V>cho biết</V></NP></VP><com>,</com><VP><R>sẽ</R><V syntax="H">tổ chức</V><NP><N syntax="H">đoàn</N></NP><VP><V syntax="H">sang</V><NP><Np syntax="H">Việt Nam</Np></NP><VP><V syntax="H">tìm hiểu</V></VP></VP></VP><C>và</C><VP><V syntax="H">khảo sát</V><PP><E syntax="H">về</E><NP><N syntax="H">môi trường</N><V>đầu tư</V><N>thương mại</N></NP></PP></VP></VP><dot>.</dot></S></SENTENCE></root>