<?xml version="1.0" ?><root><SENTENCE id="1"><S><PP><E syntax="H">Trong</E><NP><N syntax="H">khi</N><P>đó</P></NP></PP><com>,</com><PP><E syntax="H">ở</E><NP><L>các</L><N syntax="H">khu vực</N><VP><V syntax="H">còn</V><R>lại</R></VP></NP></PP><com>,</com><PP><E syntax="H">tại</E><NP><NP><L>những</L><N syntax="H">địa bàn</N><P>này</P></NP><C>và</C><PP><E syntax="H">tại</E><NP><L>các</L><N syntax="H">tỉnh</N></NP></PP></NP></PP><com>,</com><NP syntax="SUB"><N syntax="H">thành phố</N><A>khác</A></NP><com>,</com><S><NP syntax="SUB"><N syntax="H">thị trường</N><N>bất động sản</N></NP><AP><R>vẫn</R><quo syntax="H">"</quo><A>êm đềm</A><quo>"</quo></AP></S><sco>;</sco><S><VP><R>thậm chí</R><V syntax="H">có</V><NP><N syntax="H">nơi</N><AP><R>còn</R><A syntax="H">kém</A><AP><A>sôi động</A><com>,</com><A>ít</A><V syntax="H">giao dịch</V></AP></AP></NP></VP></S><dot>.</dot></S></SENTENCE></root>