<?xml version="1.0" ?><root><SENTENCE id="1"><S><PP><E syntax="H">Sau</E><NP><M>ba</M><N syntax="H">vòng</N><VP><V syntax="H">bỏ phiếu</V><PP><E syntax="H">tại</E><NP><N syntax="H">Quốc hội</N></NP></PP></VP></NP></PP><com>,</com><NP syntax="SUB"><NP><L>các</L><N syntax="H">đại cử tri</N></NP><C>và</C><NP><N syntax="H">đại biểu</N><NP><L>các</L><N syntax="H">vùng</N><PP><E syntax="H">của</E><NP><Np syntax="H">Italia</Np></NP></PP></NP></NP></NP><com>,</com><VP syntax="SUB"><R>vẫn</R><R>chưa</R><V syntax="H">bầu</V><R>được</R><NP><N syntax="H">tổng thống</N><AP><A syntax="H">mới</A></AP><com>,</com><SBAR><C>do</C><S><NP syntax="SUB"><R>chưa</R><N syntax="H">ứng cử viên</N><P>nào</P></NP><VP><V syntax="H">đạt</V><NP><M>2</M><N syntax="H">phần</N><NP><M>3</M><N syntax="H">số</N><N>phiếu</N><AP><A syntax="H">cần thiết</A></AP></NP></NP><com>,</com><PP><E syntax="H">để</E><VP><V syntax="H">thắng cử</V><C>như</C><NP><N syntax="H">luật định</N></NP></VP></PP></VP></S></SBAR></NP></VP><dot>.</dot></S></SENTENCE></root>