<?xml version="1.0" ?><root><SENTENCE id="1"><S><NP syntax="SUB"><P syntax="H">Chúng tôi</P></NP><VP><VP><V syntax="H">khuyến khích</V><NP><L>các</L><N syntax="H">nền</N><N>kinh tế</N><N>thành viên</N></NP></VP><com>,</com><VP><A>thường xuyên</A><V syntax="H">xác định</V><C>và</C><V syntax="H">rà soát</V><R>lại</R><NP><L>các</L><N syntax="H">ưu đãi</N><N>thuế</N></NP></VP><com>,</com><VP><R>có thể</R><V syntax="H">ảnh hưởng</V><PP><E syntax="H">đến</E><NP><N syntax="H">cơ sở</N><V>thu</V></NP></PP></VP><com>,</com><C>và</C><VP><V syntax="H">đảm bảo</V><VP><V syntax="H">phải</V><VP><V syntax="H">hạch toán</V><A>đầy đủ</A><NP><NP><N syntax="H">chí</N><N>phi</N></NP><C>và</C><NP><N syntax="H">lợi ích</N><PP><E syntax="H">của</E><VP><V syntax="H">ưu đãi</V><NP><N syntax="H">thuế</N></NP></VP></PP><com>,</com><VP><V syntax="H">tương quan</V><PP><E syntax="H">với</E><NP><L>các</L><N syntax="H">công cụ</N><N>chính sách</N><AP><A syntax="H">khác</A></AP></NP></PP></VP></NP></NP></VP></VP></VP></VP><dot>.</dot></S></SENTENCE></root>