<?xml version="1.0" ?><root><SENTENCE id="1"><S><NP syntax="SUB"><Np syntax="H">Tổng Công</Np></NP><VP><VP><V syntax="H">ty</V><NP><Ny>Dầu khí</Ny><Np>Việt Nam</Np></NP></VP><com>,</com><VP><V syntax="H">ủng hộ</V><NP><M>30.000</M><N syntax="H">áo thun</N><VP><VP><V syntax="H">trị giá</V><NP><NP><M>990</M><M>triệu</M><Nu syntax="H">đồng</Nu></NP><com>,</com><NP><N syntax="H">Công ty</N><Np>Nam Việt</Np><NP><Np syntax="H">á</Np></NP></NP><com>,</com><NP><N syntax="H">ủng hộ</N><NP><M>700</M><M>triệu</M><Nu syntax="H">đồng</Nu></NP></NP><com>,</com><NP><N syntax="H">Công ty</N><N>đại Nam</N></NP></NP></VP><com>,</com><VP><V syntax="H">ủng hộ</V><NP><M>200</M><M>triệu</M><Nu syntax="H">đồng</Nu></NP></VP></VP></NP></VP></VP><dot>.</dot></S></SENTENCE></root>