<?xml version="1.0" ?><root><SENTENCE id="1"><S><PP><E syntax="H">Tại</E><NP><L>các</L><N syntax="H">nước</N><VP><V syntax="H">có</V><NP><N syntax="H">khí hậu</N><N>nhiệt đới</N></NP></VP></NP></PP><com>,</com><S><NP syntax="SUB"><N syntax="H">mùa khô</N></NP><AP><R>sẽ</R><R>càng</R><A>khô</A><R>hơn</R></AP></S><com>,</com><C>còn</C><S><NP syntax="SUB"><N syntax="H">mùa</N><N>mưa</N></NP><AP><R>sẽ</R><A>ẩm ướt</A><R>hơn</R></AP></S><dot>.</dot></S></SENTENCE></root>