<?xml version="1.0" ?><root><SENTENCE id="1"><S><PP><PP><E syntax="H">Theo</E><NP><Np syntax="H">Trung</Np><NP><N syntax="H">tâm</N><VP><V syntax="H">dự báo</V><NP><N syntax="H">Khí tượng</N><N>Thuỷ văn</N><Np>Trung ương</Np></NP></VP></NP></NP></PP><com>,</com><PP><E syntax="H">do</E><NP><N syntax="H">ảnh hưởng</N><PP><E syntax="H">của</E><NP><N syntax="H">rìa</N><Np>Tây Nam</Np></NP></PP></NP></PP></PP><com>,</com><S><NP syntax="SUB"><N syntax="H">lưỡi</N></NP><VP><V syntax="H">áp</V><A>cao</A><NP><N syntax="H">lục địa</N><VP><V syntax="H">kết hợp</V><PP><E syntax="H">với</E><NP><N syntax="H">hoạt động</N><V>đới</V><N>gió</N><AP><A>đông Nam</A><PP><E syntax="H">trên</E><AP><A syntax="H">cao</A></AP></PP></AP></NP></PP></VP></NP></VP></S><com>,</com><C>nên</C><S><NP><L>các</L><N syntax="H">tỉnh</N><Np>Trung</Np></NP><NP syntax="SUB"><N syntax="H">bộ</N></NP><VP><R>đã</R><V syntax="H">có</V><SBAR><S><NP syntax="SUB"><N syntax="H">mưa</N><A>to</A></NP><VP><V syntax="H">đến</V><AP><R>rất</R><A syntax="H">to</A></AP></VP></S></SBAR></VP></S><dot>.</dot></S></SENTENCE></root>