<?xml version="1.0" ?><root><SENTENCE id="1"><S><PP><E syntax="H">Do</E><NP><N syntax="H">thiết bị</N><N>thông tin</N><VP><V syntax="H">cầm</V><N>tay</N></VP><P>này</P></NP></PP><com>,</com><S><RP><R>ngày càng</R></RP><VP><R>có thể</R><V syntax="H">thực hiện</V><NP><A>nhiều</A><N syntax="H">tính năng</N><AP><A>giống</A><C>như</C><NP><N syntax="H">máy tính</N></NP></AP></NP></VP></S><com>,</com><C>nên</C><S><NP syntax="SUB"><N syntax="H">nguy cơ</N></NP><VP><VP><V syntax="H">phải</V><VP><V syntax="H">đối mặt</V><PP><E syntax="H">với</E><NP><L>những</L><N syntax="H">lỗ hổng</N><N>an ninh</N><AP><A syntax="H">tương tự</A></AP><PP><PP><E syntax="H">ở</E><NP><N syntax="H">máy tính</N></NP></PP><com>,</com><PP><E syntax="H">của</E><NP><P syntax="H">chúng</P></NP></PP></PP></NP></PP></VP></VP><VP><R>cũng</R><V syntax="H">gia tăng</V></VP></VP></S><dot>.</dot></S></SENTENCE></root>