<?xml version="1.0" ?><root><SENTENCE id="1"><S><VP><V syntax="H">Tính</V><R>đến</R><R>hết</R><NP><N syntax="H">ngày</N><QP><M syntax="H">16/8</M></QP></NP></VP><com>,</com><NP syntax="SUB"><N syntax="H">ủy ban</N><N>Trung ương</N><NP><Np syntax="H">Mặt trận</Np><NP><N syntax="H">Tổ quốc</N><Np>Việt Nam</Np></NP></NP></NP><VP><R>đã</R><V syntax="H">tiếp nhận</V><NP><M>100</M><M>triệu</M><Nu syntax="H">đồng</Nu></NP><com>,</com><VP><V syntax="H">ủng hộ</V><NP><N syntax="H">người dân</N><N>vùng</N><VP><V syntax="H">bị</V><SBAR><S><NP syntax="SUB"><N syntax="H">bão</N></NP><VP><V syntax="H">lụt</V></VP></S></SBAR></VP></NP></VP></VP><dot>.</dot></S></SENTENCE></root>