<?xml version="1.0" ?><root><SENTENCE id="1"><S><NP syntax="SUB"><N syntax="H">Thủ tướng</N><N>Chính phủ</N></NP><VP><VP><R>đã</R><V syntax="H">ra</V><N>chỉ thị</N><NP><N syntax="H">ngày</N><M>22/4</M></NP></VP><com>,</com><VP><V syntax="H">về</V><NP><L>các</L><N syntax="H">biện pháp</N><V>tăng cường</V><VP><V syntax="H">kiểm tra</V><com>,</com><V syntax="H">đôn đốc</V></VP><VP><V syntax="H">thực hiện</V><NP><NP><L>các</L><N syntax="H">điều ước</N><AP><A syntax="H">quốc tế</A></AP><com>,</com><PP><E syntax="H">trong</E><NP><N syntax="H">lĩnh vực</N><N>kinh tế</N></NP></PP></NP><com>,</com><NP><N syntax="H">thương mại</N></NP></NP></VP></NP></VP></VP><dot>.</dot></S></SENTENCE></root>