<?xml version="1.0" ?><root><SENTENCE id="1"><S><NP syntax="SUB"><N syntax="H">Sáng</N><NP><N syntax="H">ngày</N><M>4/6</M></NP></NP><com>,</com><PP><E syntax="H">tại</E><NP><Np syntax="H">Hà Nội</Np></NP></PP><com>,</com><NP syntax="SUB"><N syntax="H">Chủ tịch</N><N>nước</N><NP><Np syntax="H">Nguyễn Minh Triết</Np></NP></NP><VP><R>đã</R><V syntax="H">trao tặng</V><NP><N syntax="H">Huân chương</N><P>Sao</P><A>vàng</A></NP><PP><E syntax="H">cho</E><NP><Nc syntax="H">ông</Nc><Np>Vũ Oanh</Np><com>,</com><NP><S>nguyên</S><N syntax="H">ủy viên</N><NP><N syntax="H">Bộ</N><NP><Np syntax="H">Chính</Np><V>trị</V><NP><N syntax="H">khoá</N><M>VII</M></NP></NP></NP></NP></NP></PP><com>,</com><VP><V syntax="H">phụ trách</V><NP><N syntax="H">công tác</N><N>dân vận</N><PP><E syntax="H">của</E><NP><Np syntax="H">đảng</Np></NP></PP></NP></VP></VP><dot>.</dot></S></SENTENCE></root>