<?xml version="1.0" ?><root><SENTENCE id="1"><S><PP><E syntax="H">Theo</E><NP><Nc syntax="H">ông</Nc><Np>Hoàng Quốc Lập</Np><com>,</com><NP><N syntax="H">Cục trưởng</N><NP><N syntax="H">Cục</N><N>ứng dụng</N><NP><Np syntax="H">Công nghệ thông tin</Np></NP></NP></NP></NP></PP><com>,</com><NP syntax="SUB"><N syntax="H">giáo dục</N><VP><V syntax="H">là</V><NP><M syntax="H">một</M><PP><E syntax="H">trong</E><NP><L>những</L><N syntax="H">lĩnh vực</N><A>hàng đầu</A></NP></PP></NP></VP></NP><VP><V syntax="H">cần</V><VP><V syntax="H">ưu tiên</V><NP><N syntax="H">ứng dụng</N><Np>CNTT</Np></NP></VP><com>,</com><C>và</C><VP><V syntax="H">được</V><VP><V syntax="H">coi</V><C>là</C><NP><N syntax="H">đòn bẩy</N></NP><PP><E syntax="H">để</E><VP><V syntax="H">đổi mới</V><NP><N syntax="H">phương pháp</N><V>giảng dạy</V></NP></VP></PP></VP></VP></VP><dot>.</dot></S></SENTENCE></root>