<?xml version="1.0" ?><root><SENTENCE id="1"><S><NP syntax="SUB"><L>Các</L><N syntax="H">chương trình</N><V>biểu diễn</V><PP><E syntax="H">của</E><NP><Np syntax="H">đoàn</Np></NP></PP><com>,</com><PP><E syntax="H">với</E><NP><L>các</L><N syntax="H">tích</N><N>trò</N></NP><C>như</C><VP><V>múa</V><V syntax="H">rồng</V></VP><com>,</com><NP><N syntax="H">ếch</N><VP><V syntax="H">câu</V><NP><N syntax="H">cá</N></NP></VP></NP><com>,</com><NP><N syntax="H">anh hùng</N><VP><V syntax="H">giết</V><NP><N syntax="H">hổ</N></NP></VP></NP><com>,</com><NP><Np syntax="H">Thạch Sanh</Np></NP></PP><com>,</com><VP><V syntax="H">múa</V><NP><N syntax="H">long</N><N>lân</N></NP></VP></NP><VP><V syntax="H">quy</V><A>phụng</A></VP><com syntax="SUB">,</com><VP syntax="SUB"><V syntax="H">được</V><SBAR><S><NP syntax="SUB"><N syntax="H">khán giả</N><NP><Np syntax="H">Hà Lan</Np><C>và</C><N syntax="H">quốc tế</N></NP></NP><com>,</com><AP><R>rất</R><A syntax="H">thích thú</A></AP><com>,</com><C>và</C><VP><V syntax="H">hoan nghênh</V><A>nhiệt liệt</A></VP></S></SBAR></VP><dot>.</dot></S></SENTENCE></root>