<?xml version="1.0" ?><root><SENTENCE id="1"><S><quo>"</quo><S><NP syntax="SUB"><P syntax="H">đó</P></NP><VP><V syntax="H">là</V><NP><L>những</L><N syntax="H">vấn đề</N><VP><V syntax="H">phải</V><VP><V>tập trung</V><V syntax="H">giải quyết</V><com>,</com><PP><E syntax="H">vì</E><NP><Nc syntax="H">sự</Nc><V>phát triển</V><AP><A syntax="H">bền vững</A></AP></NP></PP><com>,</com><PP><E syntax="H">vì</E><NP><NP><N syntax="H">yêu cầu</N><V>bảo đảm</V><VP><V syntax="H">ổn định</V><A>chính trị</A></VP></NP><com>,</com><NP><N syntax="H">an ninh</N></NP><com>,</com><NP><N syntax="H">quốc phòng</N></NP><com>,</com><PP><E syntax="H">của</E><NP><N syntax="H">đất nước</N></NP></PP></NP></PP></VP></VP></NP></VP></S><quo>"</quo><com>,</com><S><NP syntax="SUB"><N syntax="H">Tổng Bí</N><N>thư</N></NP><VP><V syntax="H">khẳng định</V></VP></S><dot>.</dot></S></SENTENCE></root>