<?xml version="1.0" ?><root><SENTENCE id="1"><S><PP><E syntax="H">Theo</E><NP><N syntax="H">đánh giá</N><PP><E syntax="H">của</E><NP><Np syntax="H">Giacácta</Np></NP></PP></NP></PP><com>,</com><S><NP syntax="SUB"><Np syntax="H">Nhật Bản</Np></NP><VP><V syntax="H">có</V><NP><N syntax="H">ảnh hưởng</N><A>lớn</A></NP></VP></S><C>và</C><S><NP syntax="SUB"><N syntax="H">hiện</N></NP><VP><R>đang</R><V syntax="H">đóng</V><NP><N syntax="H">vai trò</N><VP><V syntax="H">ổn định</V><NP><N syntax="H">hoá</N></NP><PP><E syntax="H">trong</E><NP><N syntax="H">khu vực</N></NP></PP></VP></NP></VP></S><dot>.</dot></S></SENTENCE></root>