<?xml version="1.0" ?><root><SENTENCE id="1"><S><PP><E syntax="H">Theo</E><NP><Nc syntax="H">ông</Nc><Np>Thuý</Np></NP></PP><com>,</com><NP syntax="SUB"><P>tất cả</P><L>những</L><N syntax="H">nỗ lực</N><P>ấy</P></NP><VP><VP><R>đã</R><V syntax="H">góp phần</V></VP><com>,</com><VP><R>nhất định</R><V syntax="H">để</V><NP><L>các</L><N syntax="H">tổ chức</N><NP><N syntax="H">tín dụng</N></NP><AP><A>cẩn trọng</A><A>hơn</A></AP><PP><E syntax="H">trong</E><NP><N syntax="H">việc</N><VP><V syntax="H">cho</V><VP><V syntax="H">vay</V><NP><N syntax="H">chứng khoán</N></NP></VP></VP></NP></PP></NP></VP></VP><dot>.</dot></S></SENTENCE></root>