<?xml version="1.0" ?><root><SENTENCE id="1"><S><NP syntax="SUB"><N syntax="H">Ngày</N><M>21/1</M></NP><com>,</com><NP syntax="SUB"><N syntax="H">khi</N><NP><N syntax="H">giá</N><N>vàng</N><PP><E syntax="H">xuống</E><NP><N syntax="H">mức</N><AP><A>thấp</A><A>nhất</A></AP><com>,</com><VP><V syntax="H">kể</V><PP><E syntax="H">từ</E><NP><N syntax="H">đầu</N><N>tháng</N></NP></PP></VP></NP></PP></NP></NP><com>,</com><NP syntax="SUB"><N syntax="H">giới</N></NP><VP><VP><VP><V syntax="H">đầu tư</V><N>vàng</N></VP><VP><V syntax="H">ngắn hạn</V><PP><E syntax="H">trong</E><NP><N syntax="H">nước</N></NP></PP></VP></VP><com>,</com><VP><VP><R>đã</R><V syntax="H">ồ ạt</V><VP><V syntax="H">mua</V><NP><N syntax="H">vàng</N></NP><R>vào</R></VP></VP><com>,</com><VP><V syntax="H">khiến</V><SBAR><S><NP syntax="SUB"><N>thị trường</N><N>vàng</N><V>sôi động</V></NP><VP><V syntax="H">trở lại</V><com>,</com><PP><E syntax="H">sau</E><NP><A>ít</A><N syntax="H">ngày</N><V>nghe ngóng</V></NP></PP></VP></S></SBAR></VP></VP></VP><dot>.</dot></S></SENTENCE></root>