<?xml version="1.0" ?><root><SENTENCE id="1"><S><NP syntax="SUB"><N syntax="H">Chiều</N><NP><N syntax="H">ngày</N><M>6/10</M></NP></NP><com>,</com><NP syntax="SUB"><N syntax="H">Thủ tướng</N><N>Chính phủ</N><NP><Np syntax="H">Nguyễn Tấn Dũng</Np></NP></NP><VP><VP><R>đã</R><V syntax="H">ký</V><NP><N syntax="H">công điện</N><VP><V syntax="H">gửi</V><NP><L>một số</L><N syntax="H">bộ</N><N>ngành</N><com>,</com><N syntax="H">địa phương</N><com>,</com><N syntax="H">cơ quan</N><VP><V syntax="H">yêu cầu</V><VP><V syntax="H">tập trung</V><NP><L>mọi</L><N syntax="H">nguồn lực</N></NP><PP><E syntax="H">cho</E><NP><N syntax="H">công tác</N><V>phòng chống</V><N>lũ</N></NP></PP></VP></VP></NP></VP></NP></VP><com>,</com><C>và</C><VP><A>cấp bách</A><V syntax="H">triển khai</V><NP><L>các</L><N syntax="H">biện pháp</N><VP><V syntax="H">khắc phục</V><NP><N syntax="H">hậu quả</N></NP></VP><com>,</com><VP><V syntax="H">hỗ trợ</V><com>,</com><V syntax="H">ứng cứu</V><NP><N syntax="H">người dân</N></NP></VP></NP></VP></VP><dot>.</dot></S></SENTENCE></root>