<?xml version="1.0" ?><root><SENTENCE id="1"><S><NP syntax="SUB"><Nc syntax="H">Lũ</Nc><N>suối</N></NP><VP><VP><R>cũng</R><R>đã</R><V syntax="H">phá</V><VP><V syntax="H">hỏng</V><NP><N syntax="H">đường</N><N>giao thông</N></NP></VP></VP><C>và</C><VP><V syntax="H">gây</V><V syntax="H">úng</V><PP><E syntax="H">tại</E><NP><NP><N syntax="H">ruộng</N><N>lúa</N></NP><com>,</com><NP><N syntax="H">ao</N><N>cá</N></NP><PP><E syntax="H">của</E><NP><L>các</L><N syntax="H">hộ</N><N>dân</N><PP><E syntax="H">ở</E><NP><N syntax="H">phường</N><A>trên</A></NP></PP></NP></PP></NP></PP></VP></VP><dot>.</dot></S></SENTENCE></root>