<?xml version="1.0" ?><root><SENTENCE id="1"><S><S><C>Báo cáo</C><SBAR><E syntax="H">do</E><S><NP syntax="SUB"><L>các</L><N syntax="H">nhà khoa học</N><VP><V syntax="H">thuộc</V><NP><Np syntax="H">Khoa</Np><N>Y học</N><NP><N syntax="H">môi trường</N></NP><com>,</com><NP><N syntax="H">đại học</N><NP><N syntax="H">miền</N><Np>Nam đan Mạch</Np></NP></NP></NP></VP></NP><VP><V syntax="H">cho biết</V></VP></S></SBAR><com>,</com><S><NP syntax="SUB"><L>các</L><N syntax="H">hóa chất</N><AP><A syntax="H">độc hại</A></AP><PP><E syntax="H">từ</E><NP><N syntax="H">khí thải</N><N>công nghiệp</N></NP></PP></NP><com>,</com><VP><V syntax="H">gây</V><R>nên</R></VP></S><com>,</com><NP syntax="SUB"><L>những</L><quo>"</quo><N syntax="H">tổn thương</N><NP><A>ngầm</A><N syntax="H">một cách</N><VP><V syntax="H">có</V><NP><N syntax="H">hệ thống</N></NP></VP></NP><quo>"</quo></NP><com>,</com><VP><V syntax="H">ảnh hưởng</V><PP><E syntax="H">đến</E><NP><N syntax="H">quá trình</N><VP><V syntax="H">phát triển</V><NP><N syntax="H">não</N></NP></VP><PP><E syntax="H">của</E><NP><N syntax="H">trẻ</N><A>sơ sinh</A></NP></PP></NP></PP></VP></S><com>,</com><C>kể cả</C><S><PP><E syntax="H">trong</E><NP><N syntax="H">thời kỳ</N></NP></PP><VP><R>còn</R><V syntax="H">là</V><NP><N syntax="H">thai nhi</N></NP></VP></S><dot>.</dot></S></SENTENCE></root>