<?xml version="1.0" ?><root><SENTENCE id="1"><S><NP syntax="SUB"><N syntax="H">Thủ tướng</N><VP><V syntax="H">ấn</V><N>độ</N></VP></NP><VP><V syntax="H">khẳng định</V><R>lại</R><com>,</com><SBAR><S><NP syntax="SUB"><N syntax="H">việc</N><VP><V syntax="H">ấn</V><NP><N syntax="H">độ</N><VP><V syntax="H">ủng hộ</V><NP><Np syntax="H">Việt Nam</Np></NP></VP></NP></VP></NP><VP><R>ứng cử</R><V syntax="H">làm</V><NP><N syntax="H">thành viên</N><VP><R>không</R><V syntax="H">thường trực</V><NP><N syntax="H">Hội đồng</N><N>Bảo an</N><NP><Np>Liên hợp</Np><N>quốc</N></NP><com>,</com><NP><N syntax="H">nhiệm kỳ</N><QP><M syntax="H">2008</M><com>,</com><M syntax="H">2009</M></QP></NP></NP></VP></NP></VP></S></SBAR></VP><dot>.</dot></S></SENTENCE></root>