<?xml version="1.0" ?><root><SENTENCE id="1"><S><NP syntax="SUB"><N syntax="H">Hành vi</N><PP><E syntax="H">của</E><NP><L>các</L><N syntax="H">bị cáo</N></NP></PP><com>,</com><VP><V syntax="H">làm</V><VP><V syntax="H">giảm</V><N>uy tín</N></VP></VP><PP><PP><E syntax="H">của</E><NP><N syntax="H">đảng Cộng</N><N>sản</N><Np>Việt Nam</Np></NP></PP><com>,</com><PP><PP><E syntax="H">của</E><NP><N syntax="H">chế độ</N><N>xã hội chủ nghĩa</N></NP></PP><com>,</com><PP><E syntax="H">đối với</E><NP><N syntax="H">nhân dân</N></NP></PP></PP></PP></NP><dot>.</dot></S></SENTENCE></root>