<?xml version="1.0" ?><root><SENTENCE id="1"><S><PP><E syntax="H">Theo</E><NP><Nc syntax="H">bà</Nc><Np>Ninh</Np></NP></PP><com syntax="SUB">,</com><VP syntax="SUB"><R>không</R><V syntax="H">nên</V><VP><V syntax="H">dùng</V><PP><E syntax="H">từ</E><VP><quo>"</quo><V syntax="H">ưu đãi</V><quo>"</quo><PP><E syntax="H">trong</E><NP><N syntax="H">chính sách</N><PP><E syntax="H">với</E><NP><Np syntax="H">Việt kiều</Np></NP></PP></NP></PP></VP></PP></VP></VP><com>,</com><C>mà</C><C>nên</C><S><VP syntax="SUB"><V syntax="H">nói</V></VP><VP><quo>"</quo><V syntax="H">tạo</V><NP><N syntax="H">điều kiện</N><N>thuận lợi</N></NP><quo>"</quo><SBAR><E syntax="H">cho</E><S><NP syntax="SUB"><N syntax="H">trí thức</N><Np>Việt kiều</Np></NP><VP><V syntax="H">đóng góp</V><VP><V syntax="H">xây dựng</V><NP><N syntax="H">đất nước</N></NP></VP></VP></S></SBAR></VP></S><dot>.</dot></S></SENTENCE></root>