<?xml version="1.0" ?><root><SENTENCE id="1"><S><NP syntax="SUB"><N syntax="H">Công trình</N><VP><VP><V syntax="H">bảo tồn</V><C>và</C><V syntax="H">tu bổ</V></VP><VP><V syntax="H">dựa</V><PP><E syntax="H">trên</E><NP><N syntax="H">hiện trạng</N><N>thực tế</N></NP></PP></VP><com>,</com><VP><V syntax="H">kết hợp</V><NP><N syntax="H">công tác</N><N>khảo cổ</N></NP></VP><com>,</com><VP><V syntax="H">sưu tầm</V><VP><V syntax="H">nghiên cứu</V><NP><N syntax="H">tư liệu</N><N>lịch sử</N></NP></VP></VP><sco>;</sco><VP><V syntax="H">ưu tiên</V><NP><L>các</L><N syntax="H">biện pháp</N><N>tu bổ</N><A>gia cố</A></NP><PP><E syntax="H">theo</E><NP><N syntax="H">nguyên tắc</N><V>thay thế</V></NP></PP></VP><com>,</com><VP><V syntax="H">phục hồi</V><NP><L>các</L><N syntax="H">bộ phận</N><com>,</com><N>chi tiết</N></NP></VP></VP></NP><VP><R>đã</R><V syntax="H">hư hỏng</V><VP><R>không</R><V syntax="H">còn</V><VP><V syntax="H">đảm bảo</V><NP><N syntax="H">chất lượng</N></NP></VP></VP><com>,</com><VP><V syntax="H">an toàn</V></VP><C>và</C><VP><V syntax="H">giữ gìn</V><A>tối đa</A><NP><L>các</L><N syntax="H">thành phần</N><A>nguyên</A><AP><A syntax="H">gốc</A></AP></NP></VP></VP><dot>.</dot></S></SENTENCE></root>