<?xml version="1.0" ?><root><SENTENCE id="1"><S><NP syntax="SUB"><N syntax="H">Chế phẩm</N></NP><VP><VP><R>cũng</R><V syntax="H">có</V><NP><N syntax="H">tác dụng</N><VP><V syntax="H">tạo</V><NP><N syntax="H">chất</N><N>kháng sinh</N></NP><PP><E syntax="H">để</E><VP><VP><V syntax="H">tiêu diệt</V></VP><C>hoặc</C><VP><V syntax="H">ức chế</V><NP><L>một số</L><N syntax="H">vi sinh vật</N><VP><V syntax="H">gây</V><NP><N syntax="H">bệnh</N></NP></VP></NP></VP></VP></PP></VP></NP></VP><com>,</com><VP><V syntax="H">hình thành</V><NP><L>các</L><N syntax="H">chất</N><VP><V syntax="H">kích thích</V><VP><V syntax="H">sinh trưởng</V><NP><N syntax="H">thực vật</N></NP></VP></VP></NP></VP><com>,</com><VP><V syntax="H">giúp</V><NP><N syntax="H">cây</N></NP><VP><V syntax="H">phát triển</V><A>tốt</A></VP></VP></VP><dot>.</dot></S></SENTENCE></root>