<?xml version="1.0" ?><root><SENTENCE id="1"><S><PP><E syntax="H">Theo</E><NP><Nc syntax="H">ông</Nc><Np>Thanh</Np></NP></PP><com>,</com><NP syntax="SUB"><NP><N syntax="H">ủy ban</N><NP><N>Thường vụ</N><N>Quốc hội</N><V>dự kiến</V></NP></NP><com>,</com><NP><N syntax="H">số</N><N>đại biểu</N><N>Quốc hội</N><NP><N syntax="H">khoá</N><M>mười một</M></NP></NP></NP><com>,</com><NP syntax="SUB"><S>tái</S><N syntax="H">ứng cử</N></NP><VP><V syntax="H">là</V><QP><M syntax="H">160</M></QP></VP><dot>.</dot></S></SENTENCE></root>