<?xml version="1.0" ?><root><SENTENCE id="1"><S><S><NP syntax="SUB"><N syntax="H">Bộ</N><VP><VP><V syntax="H">Nông</V><NP><N syntax="H">nghiệp</N></NP></VP><C>và</C><VP><V syntax="H">Phát triển</V><NP><N syntax="H">Nông thôn</N></NP></VP></VP></NP><VP><R>đang</R><V syntax="H">thống kê</V><PP><E syntax="H">để</E><VP><V syntax="H">giải quyết</V><VP><VP><V syntax="H">hỗ trợ</V><NP><N syntax="H">giống</N><N>cây trồng</N></NP></VP><com>,</com><VP><V syntax="H">cho</V><NP><L>các</L><N syntax="H">địa phương</N><VP><V syntax="H">bị</V><NP><N syntax="H">mưa lũ</N></NP></VP></NP><com>,</com><PP><E syntax="H">để</E><VP><V syntax="H">khôi phục</V><VP><V syntax="H">sản xuất</V></VP></VP></PP></VP></VP></VP></PP></VP></S><com>,</com><C>và</C><S><VP><V syntax="H">chỉ đạo</V></VP><NP syntax="SUB"><L>các</L><N syntax="H">biện pháp</N></NP><VP><V syntax="H">bảo đảm</V><A>an toàn</A><NP><NP><N syntax="H">hồ</N><V>chứa</V></NP><com>,</com><NP><N syntax="H">hệ thống</N><N>đê điều</N></NP><com>,</com><NP><N syntax="H">tiêu</N><N>úng</N></NP><com>,</com><VP><V syntax="H">bảo vệ</V><NP><N syntax="H">sản xuất</N><N>nông nghiệp</N></NP></VP></NP></VP></S><dot>.</dot></S></SENTENCE></root>