<?xml version="1.0" ?><root><SENTENCE id="1"><S><S><RP><R>đồng thời</R></RP><com syntax="SUB">,</com><VP><V syntax="H">cần</V><VP><V syntax="H">ban hành</V><NP><NP><L>các</L><N syntax="H">quy chế</N></NP><com>,</com><N syntax="H">quy trình</N><N>nghiệp vụ</N><VP><V syntax="H">phù hợp</V><PP><E syntax="H">với</E><NP><N syntax="H">sự</N><V>gia tăng</V><NP><L>các</L><N syntax="H">dịch vụ</N><NP><N syntax="H">ngân hàng</N></NP><com>,</com><A>đặc biệt</A><VP><V syntax="H">chú ý</V><NP><NP><N syntax="H">đín</N></NP><com>,</com><NP><N syntax="H">quy chế</N><V>kiểm soát</V></NP></NP></VP></NP></NP></PP></VP></NP></VP></VP></S><com>,</com><C>và</C><S><VP><V syntax="H">phòng ngừa</V><A>rủi ro</A><PP><E syntax="H">trong</E><NP><N syntax="H">nội bộ</N><NP><N syntax="H">ngân hàng</N><N>thương mại</N></NP></NP></PP></VP></S><dot>.</dot></S></SENTENCE></root>