<?xml version="1.0" ?><root><SENTENCE id="1"><S><PP><E syntax="H">Về</E><NP><N syntax="H">việc</N><VP><V syntax="H">nhập khẩu</V><NP><N syntax="H">ắc</N><N>quy</N><N>chì</N><VP><R>đã</R><V syntax="H">qua</V><V syntax="H">sử dụng</V><PP><E syntax="H">tại</E><NP><N syntax="H">cảng</N><Np>Hải Phòng</Np></NP></PP><AP><A>gần</A><NP><P syntax="H">đây</P></NP></AP></VP></NP></VP></NP></PP><com>,</com><NP syntax="SUB"><N syntax="H">Phó Thủ</N><N>tướng</N><NP><N syntax="H">thường trực</N><Np>Nguyễn Sinh Hùng</Np></NP></NP><VP><V syntax="H">yêu cầu</V><VP><VP><V syntax="H">ủy ban nhân dân</V><NP><N syntax="H">thành phố</N><Np>Hải Phòng</Np></NP></VP><com>,</com><VP><V syntax="H">chủ động</V><VP><V syntax="H">phối hợp</V><PP><E syntax="H">với</E><NP><L>các</L><N syntax="H">cơ quan</N><V>liên quan</V><VP><V syntax="H">quản lý</V><A>chặt chẽ</A><NP><N syntax="H">hoạt động</N><VP><V syntax="H">xuất</V><com>,</com><V syntax="H">nhập khẩu</V></VP></NP></VP></NP></PP><PP><E syntax="H">để</E><VP><V syntax="H">bảo đảm</V><NP><L>các</L><N syntax="H">quy định</N><VP><V syntax="H">về</V><VP><V syntax="H">bảo vệ</V><NP><N syntax="H">môi trường</N></NP></VP></VP></NP></VP></PP></VP></VP></VP></VP><dot>.</dot></S></SENTENCE></root>