<?xml version="1.0" ?><root><SENTENCE id="1"><S><S><NP syntax="SUB"><N syntax="H">Thông tin</N><N>ban đầu</N></NP><VP><R>đã</R><V syntax="H">có</V><NP><M>16</M><N syntax="H">người</N><VP><V syntax="H">chết</V></VP></NP></VP></S><com>,</com><S><PP syntax="SUB"><E syntax="H">trong</E><NP><P syntax="H">đó</P></NP></PP><UCP><NP><N syntax="H">thành phố</N><Np>Yên Bái</Np><M>2</M><NP><N syntax="H">người</N></NP></NP><com>,</com><NP><N syntax="H">huyện</N><Np>Lục Yên</Np><NP><M>6</M><N syntax="H">người</N><com>,</com><NP><Np syntax="H">Yên Bình</Np></NP></NP></NP><NP><M>6</M><N syntax="H">người</N><C>và</C><NP><T>Văn Yên</T><M>2</M><N syntax="H">người</N></NP></NP></UCP></S><dot>.</dot></S></SENTENCE></root>