<?xml version="1.0" ?><root><SENTENCE id="1"><S><NP syntax="SUB"><P syntax="H">đây</P></NP><VP><VP><R>được</R><V syntax="H">cho</V><V>là</V><NP><M>một</M><N syntax="H">vụ</N><V>trả đũa</V><PP><E syntax="H">của</E><NP><N syntax="H">lực lượng</N><N>nổi dậy</N></NP></PP></NP></VP><com>,</com><VP><V syntax="H">nhằm</V><PP><E syntax="H">vào</E><NP><L>những</L><N syntax="H">đối tượng</N><VP><V syntax="H">ủng hộ</V><NP><NP><N syntax="H">Chính phủ</N><N>i</N></NP><eds>-</eds><NP><N syntax="H">rắc</N><C>và</C><N syntax="H">liên quân</N></NP></NP></VP></NP></PP></VP></VP><dot>.</dot></S></SENTENCE></root>