<?xml version="1.0" ?><root><SENTENCE id="1"><S><S><NP syntax="SUB"><M>Hai</M><N syntax="H">bên</N></NP><VP><VP><V syntax="H">nhất trí</V></VP><com>,</com><VP><VP><R>sẽ</R><V syntax="H">tăng cường</V><VP><V syntax="H">phối hợp</V></VP></VP><com>,</com><VP><V syntax="H">ủng hộ</V><A>lẫn</A><NP><N syntax="H">nhau</N></NP><PP><E syntax="H">trên</E><NP><L>các</L><N syntax="H">diễn đàn</N><A>quốc tế</A></NP></PP></VP><com>,</com><AP><A>đặc biệt</A><SBAR><S><PP><E syntax="H">trong</E><NP><N syntax="H">thời gian</N><Np>Việt Nam</Np></NP></PP><VP><V syntax="H">là</V><NP><N syntax="H">ủy viên</N><VP><R>không</R><V syntax="H">thường trực</V></VP></NP></VP></S></SBAR></AP></VP></VP></S><com>,</com><S><NP syntax="SUB"><N syntax="H">Hội đồng</N><Np>Bảo an</Np></NP><VP><V syntax="H">Liên hợp</V><A>quốc</A></VP></S><com>,</com><C>và</C><S><NP syntax="SUB"><N syntax="H">Thủ tướng</N><Np>Na Uy</Np></NP><VP><V syntax="H">là</V><NP><N syntax="H">đồng</N><NP><N syntax="H">Chủ tịch</N><NP><N syntax="H">ủy ban</N><NP><N syntax="H">cấp</N><A>cao</A></NP></NP></NP><PP><E syntax="H">của</E><NP><Np>Liên hợp</Np><N>quốc</N></NP></PP></NP></VP></S><dot>.</dot></S></SENTENCE></root>