<?xml version="1.0" ?><root><SENTENCE id="1"><S><NP syntax="SUB"><N syntax="H">ông</N></NP><VP><VP><R>cũng</R><V syntax="H">bày tỏ</V><VP><V syntax="H">hy vọng</V><NP><L>các</L><N syntax="H">bên</N><V>đối thoại</V><AP><A syntax="H">khác</A></AP><PP><E syntax="H">của</E><NP><Np syntax="H">ASEAN</Np></NP></PP></NP></VP></VP><com>,</com><VP><V syntax="H">gồm</V><NP><N syntax="H">ốt</N><eds>-</eds><NP><NP><N syntax="H">xơ-trây-li</N><eds>-</eds><N syntax="H">a</N><com>,</com><Np>Canađa</Np><com>,</com><Np>Trung Quốc</Np></NP><com>,</com><NP><N syntax="H">Liên minh</N><N>châu</N><NP><Np syntax="H">âu</Np></NP></NP><com>,</com><VP><V syntax="H">ấn</V><NP><N syntax="H">độ</N></NP></VP><com>,</com><NP><Np syntax="H">Nhật Bản</Np><com>,</com><Np>Hàn Quốc</Np><com>,</com><Np>Niu Dilân</Np><C>và</C><Np>Nga</Np></NP></NP></NP><com>,</com><AP><R>cũng</R><R>sẽ</R><A syntax="H">sớm</A><VP><V syntax="H">bổ nhiệm</V><NP><N syntax="H">đại sứ</N><PP><E syntax="H">tại</E><NP><Np syntax="H">ASEAN</Np></NP></PP></NP></VP></AP></VP></VP><dot>.</dot></S></SENTENCE></root>