<?xml version="1.0" ?><root><SENTENCE id="1"><S><S><NP syntax="SUB"><Nc syntax="H">Sự</Nc><V>hợp tác</V><PP><E syntax="H">giữa</E><NP><N syntax="H">ốt</N><eds>-</eds><NP><N syntax="H">xờ-trây-li</N><eds>-</eds><N>a</N></NP></NP></PP></NP><com>,</com><PP><E syntax="H">với</E><NP><L>những</L><N syntax="H">đối tác</N><VP><V syntax="H">thực thi</V><NP><N syntax="H">pháp luật</N><N>khu vực</N></NP></VP></NP></PP><com syntax="SUB">,</com><VP><R>sẽ</R><V syntax="H">giúp</V></VP></S><com>,</com><S><NP syntax="SUB"><N syntax="H">ốt</N><eds>-</eds><N syntax="H">xờ-trây-li</N><eds>-</eds><N>a</N></NP><VP><V syntax="H">tăng cường</V><NP><N syntax="H">khả năng</N><VP><V syntax="H">đối phó</V><PP><E syntax="H">với</E><NP><L>các</L><N syntax="H">đe doạ</N><N>an ninh</N></NP></PP></VP></NP></VP></S><dot>.</dot></S></SENTENCE></root>