<?xml version="1.0" ?><root><SENTENCE id="1"><S><S><NP syntax="SUB"><L>Các</L><N syntax="H">nhà khoa học</N></NP><VP><V syntax="H">ước tính</V></VP></S><com>,</com><S><NP syntax="SUB"><N syntax="H">mực</N><N>nước biển</N></NP><VP><R>sẽ</R><V syntax="H">tăng</V><NP><M>20</M><Nu syntax="H">cm</Nu></NP></VP></S><com>,</com><C>nếu</C><S><NP syntax="SUB"><L>những</L><N syntax="H">lớp</N><N>băng</N><PP><E syntax="H">trên</E><NP><L>các</L><N syntax="H">đại dương</N></NP></PP></NP><VP><VP><V syntax="H">tan</V><VP><V syntax="H">chảy</V></VP></VP><com>,</com><R>đồng thời</R><VP><V syntax="H">đưa</V><R>ra</R><VP><V syntax="H">kết luận</V><R>rằng</R></VP></VP></VP></S><com>,</com><C>nếu</C><S><NP syntax="SUB"><L>những</L><N syntax="H">dự báo</N><PP><E syntax="H">về</E><NP><Nc syntax="H">sự</Nc><A>ấm</A><R>lên</R><PP><E syntax="H">của</E><NP><N syntax="H">Trái đất</N><PP><E syntax="H">trong</E><NP><N syntax="H">thế kỷ</N><V>tới</V></NP></PP></NP></PP></NP></PP><com>,</com><VP><V syntax="H">trở thành</V><NP><N syntax="H">hiện thực</N><com>,</com><N>tương lai</N></NP></VP></NP><AP><R>sẽ</R><A syntax="H">ảm đạm</A></AP></S><com>,</com><SBAR><E syntax="H">vì</E><S><NP syntax="SUB"><Nc syntax="H">sự</Nc><V>tan</V></NP><VP><V syntax="H">chảy</V><PP><E syntax="H">của</E><NP><L>những</L><Nc syntax="H">khối</Nc><N>băng</N><AP><A syntax="H">khổng lồ</A></AP></NP></PP></VP></S></SBAR><dot>.</dot></S></SENTENCE></root>