<?xml version="1.0" ?><root><SENTENCE id="1"><S><PP><E syntax="H">Trong</E><NP><N syntax="H">số</N><NP><P syntax="H">đó</P></NP></NP></PP><com syntax="SUB">,</com><VP syntax="SUB"><V syntax="H">có</V><SBAR><S><NP syntax="SUB"><L>những</L><Nc syntax="H">loại</Nc><N>quả</N><AP><A syntax="H">nổi tiếng</A></AP></NP><VP><V syntax="H">được</V><SBAR><S><NP syntax="SUB"><N syntax="H">người</N></NP><VP><V syntax="H">tiêu dùng</V><A>ưa thích</A></VP></S></SBAR></VP><com>,</com><AP><A>như</A><NP><N syntax="H">ổi</N><NP><R>không</R><N syntax="H">hạt</N></NP><NP><Np syntax="H">Tiền Giang</Np><com>,</com><NP><N syntax="H">quýt</N><N>hồng</N><com>,</com><NP><Np syntax="H">Lai Vung</Np></NP></NP><com>,</com><NP><N syntax="H">cam sành</N><Np>Hoàng Sơn đồng Tháp</Np><com>,</com><NP><N syntax="H">bưởi</N><Np>Tân Triều Biên Hòa</Np><com>,</com><C>và</C><VP><V syntax="H">ổi</V><NP><N syntax="H">xá</N><NP><N syntax="H">lị</N><N>nghệ</N></NP></NP></VP></NP><com>,</com><NP><Np syntax="H">Tân Hưng</Np></NP></NP></NP></NP></AP></S></SBAR></VP><dot>.</dot></S></SENTENCE></root>