<?xml version="1.0" ?><root><SENTENCE id="1"><S><PP><E syntax="H">để</E><VP><V syntax="H">phát triển</V><NP><N syntax="H">nghề</N><VP><V syntax="H">nuôi</V><NP><N syntax="H">ong</N><VP><V syntax="H">lấy</V><NP><N syntax="H">mật</N></NP></VP></NP></VP></NP><PP><E syntax="H">tại</E><NP><Np syntax="H">Sa Pa</Np></NP></PP><com>,</com><PP><T>ngay</T><E syntax="H">trong</E><NP><N syntax="H">năm</N><P>nay</P></NP></PP></VP></PP><com>,</com><NP syntax="SUB"><N syntax="H">Chi cục</N><Np>Lâm nghiệp</Np><NP><Np syntax="H">Lào Cai</Np></NP></NP><AP><R>sẽ</R><A syntax="H">cùng</A><NP><N syntax="H">Trung tâm</N><V>nghiên cứu</V></NP><C>và</C><VP><VP><V syntax="H">phát triển</V><NP><N syntax="H">ong</N><Np>Việt Nam</Np></NP></VP><com>,</com><VP><V syntax="H">tổ chức</V><NP><L>các</L><N syntax="H">lớp</N><V>tập huấn</V></NP></VP><VP><V syntax="H">về</V><VP><V syntax="H">nuôi</V><N>ong</N><PP><E syntax="H">cho</E><NP><N syntax="H">đồng bào</N><NP><L>các</L><N syntax="H">dân tộc</N><PP><E syntax="H">trên</E><NP><N syntax="H">địa bàn</N></NP></PP></NP></NP></PP></VP></VP></VP></AP><dot>.</dot></S></SENTENCE></root>