<?xml version="1.0" ?><root><SENTENCE id="1"><S><NP syntax="SUB"><L>Các</L><N syntax="H">đại biểu</N></NP><VP><R>cũng</R><V syntax="H">được</V><VP><V syntax="H">trang bị</V><NP><L>những</L><N syntax="H">kỹ năng</N><VP><V syntax="H">thu thập</V><N>thông tin</N></VP><com>,</com><VP><V syntax="H">xây dựng</V><NP><N syntax="H">chương trình</N><V>hành động</V></NP></VP><C>và</C><VP><V syntax="H">tiếp xúc</V><NP><NP><N syntax="H">cử tri</N></NP><com>,</com><NP><N syntax="H">kỹ năng</N><V>tuyên truyền</V></NP></NP></VP><com>,</com><VP><V syntax="H">vận động</V><VP><V syntax="H">thông qua</V><NP><L>các</L><N syntax="H">phương tiện thông tin đại chúng</N></NP></VP></VP></NP></VP></VP><dot>.</dot></S></SENTENCE></root>