<?xml version="1.0" ?><root><SENTENCE id="1"><S><NP syntax="SUB"><N syntax="H">Ngày</N><M>7/5</M></NP><com>,</com><NP syntax="SUB"><N syntax="H">Công ty cổ phần</N><Np>Thanh Yến</Np></NP><VP><R>đã</R><V syntax="H">khởi công</V><VP><V syntax="H">xây dựng</V><NP><N syntax="H">khu công nghiệp</N><Np>Nhựt Chánh</Np><com>,</com><PP><E syntax="H">tại</E><NP><N syntax="H">huyện</N><Np>Bến Lức</Np><com>,</com><NP><N syntax="H">tỉnh</N><Np>Long An</Np></NP></NP><com>,</com><NP><N syntax="H">tổng</N><NP><N syntax="H">vốn</N><V>đầu tư</V><NP><M>350</M><M>tỷ</M><Nu syntax="H">đồng</Nu></NP></NP></NP></PP></NP></VP></VP><dot>.</dot></S></SENTENCE></root>