<?xml version="1.0" ?><root><SENTENCE id="1"><S><NP syntax="SUB"><N syntax="H">Chiến lược</N></NP><VP><VP><V syntax="H">vạch</V><A>rõ</A><NP><L>các</L><N syntax="H">giải pháp</N></NP></VP><com>,</com><VP><V syntax="H">nhằm</V><VP><V syntax="H">đưa</V><NP><N syntax="H">Học viện</N><N>Ngân hàng</N><VP><VP><V syntax="H">trở thành</V><NP><M>một</M><N syntax="H">trường</N><N>đại học</N><VP><V syntax="H">định hướng</V><NP><N syntax="H">nghề nghiệp</N></NP></VP></NP></VP><com>,</com><VP><V syntax="H">ứng dụng</V><NP><L>các</L><N syntax="H">tiêu chuẩn</N><A>quốc tế</A></NP><PP><E syntax="H">về</E><VP><V syntax="H">đào tạo</V><NP><N syntax="H">đại học</N></NP></VP></PP></VP></VP></NP></VP></VP></VP><dot>.</dot></S></SENTENCE></root>