<?xml version="1.0" ?><root><SENTENCE id="1"><S><S><NP syntax="SUB"><N syntax="H">Thị trường</N><A>ảm đạm</A></NP><C>không chỉ</C><VP><V syntax="H">ở</V><NP><N syntax="H">số lượng</N><SBAR><S><NP syntax="SUB"><L>các</L><N syntax="H">cổ phiếu</N></NP><VP><V syntax="H">giảm giá</V><A>mạnh</A></VP></S></SBAR></NP></VP></S><com>,</com><C>mà</C><S><NP syntax="SUB"><N syntax="H">lượng</N><VP><V syntax="H">giao dịch</V></VP></NP><AP><R>cũng</R><R>khá</R><A syntax="H">uể oải</A></AP></S><dot>.</dot></S></SENTENCE></root>