<?xml version="1.0" ?><root><SENTENCE id="1"><S><NP syntax="SUB"><N syntax="H">Câu</N></NP><VP><VP><V syntax="H">dẫn</V><PP><E syntax="H">ngoài</E><NP><N syntax="H">bìa</N><N>sách</N></NP></PP></VP><VP><V syntax="H">viết</V><col>:</col><quo>"</quo><SBAR><S><S><NP syntax="SUB"><Np syntax="H">Nước Mỹ</Np></NP><VP><V syntax="H">nhớ</V><AP><R>rất</R><A syntax="H">kỹ</A></AP><NP><L>những</L><P syntax="H">gì</P><SBAR><S><NP syntax="SUB"><N syntax="H">người</N><A>khác</A></NP><VP><V syntax="H">gây</V><PP><E syntax="H">cho</E><NP><P syntax="H">họ</P></NP></PP></VP></S></SBAR></NP></VP></S><com>,</com><C>nhưng</C><S><VP><R>lại</R><V syntax="H">quên</V><AP><R>rất</R><A syntax="H">nhanh</A></AP><NP><L>những</L><P syntax="H">gì</P></NP></VP><NP syntax="SUB"><P syntax="H">họ</P></NP><VP><R>đã</R><V syntax="H">gây</V><R>ra</R><PP><E syntax="H">cho</E><NP><N syntax="H">người</N><A>khác</A></NP></PP></VP></S></S></SBAR></VP></VP><dot>.</dot><quo>"</quo></S></SENTENCE></root>