<?xml version="1.0" ?><root><SENTENCE id="1"><S><NP syntax="SUB"><N syntax="H">Thứ trưởng</N><N>Nội vụ</N><Np>Malaĩia</Np><com>,</com><NP><Np syntax="H">Tan Chai Ho</Np></NP></NP><VP><V syntax="H">tuyên bố</V><com>,</com><SBAR><S><NP syntax="SUB"><L>các</L><N syntax="H">công ty</N><VP><V syntax="H">môi giới</V><N>lao động</N></VP><PP><E syntax="H">của</E><NP><Np syntax="H">Malaĩia</Np></NP></PP></NP><VP><R>sẽ</R><V syntax="H">phải</V><V>bồi thường</V><PP><E syntax="H">cho</E><NP><NP><M>mỗi</M><N syntax="H">lao động</N><N>nước ngoài</N></NP><com>,</com><NP><Ny>400RM</Ny></NP><com>,</com><NP><N syntax="H">trên</N><N>tháng</N></NP></NP></PP></VP></S><com>,</com><C>nếu</C><S><NP syntax="SUB"><L>các</L><N syntax="H">công ty</N><P>này</P></NP><VP><R>không</R><V syntax="H">tìm</V><R>được</R><NP><N syntax="H">việc làm</N><PP><PP><E syntax="H">cho</E><NP><L>những</L><N syntax="H">lao động</N><N>nước ngoài</N></NP></PP><PP><E syntax="H">sau</E><NP><N syntax="H">khi</N><SBAR><S><NP syntax="SUB"><P syntax="H">họ</P></NP><VP><V syntax="H">đến</V><NP><Np syntax="H">Malaĩia</Np></NP></VP></S></SBAR></NP></PP></PP></NP></VP></S></SBAR></VP><dot>.</dot></S></SENTENCE></root>