<?xml version="1.0" ?><root><SENTENCE id="1"><S><S><PP><E syntax="H">Sau</E><NP><Nc syntax="H">cú</Nc><V>hỏng</V><V>ăn</V><P>này</P></NP></PP><com>,</com><NP syntax="SUB"><L>các</L><N syntax="H">cầu thủ</N><Np>Trung Mỹ</Np></NP><VP><V syntax="H">trở nên</V><AP><A syntax="H">phấn khích</A></AP></VP></S><com>,</com><C>và</C><S><NP syntax="SUB"><P syntax="H">họ</P></NP><VP><R>lại</R><V syntax="H">tiếp tục</V><VP><V syntax="H">gây</V><NP><N syntax="H">sức ép</N><N>lên khung</N></NP><VP><V syntax="H">thành đội</V><NP><N syntax="H">Anh</N></NP></VP></VP></VP></S><com>,</com><C>và</C><S><PP><E syntax="H">đến</E><NP><N syntax="H">phút</N><N>thứ</N><M>53</M></NP></PP><com syntax="SUB">,</com><VP><R>đã</R><A>thực sự</A><V syntax="H">làm</V><NP><Nc syntax="H">người</Nc><N>Anh</N><AP><A syntax="H">thót tim</A></AP></NP></VP></S><dot>.</dot></S></SENTENCE></root>