<?xml version="1.0" ?><root><SENTENCE id="1"><S><PP><E syntax="H">Trong</E><NP><L>những</L><N syntax="H">năm</N><V>qua</V></NP></PP><com>,</com><NP syntax="SUB"><L>các</L><N syntax="H">cấp</N><NP><L>các</L><N syntax="H">ngành</N><C>và</C><N syntax="H">nhân dân</N><NP><N syntax="H">thành phố</N></NP></NP></NP><VP><R>đã</R><V syntax="H">hưởng ứng</V><AP><A>tích cực</A><NP><A>nhiều</A><N syntax="H">phong trào</N><C>như</C><col>:</col><quo>"</quo><NP><N syntax="H">đền ơn đáp nghĩa</N></NP><quo>"</quo><com>,</com><quo>"</quo><Np>Uống nước nhớ nguồn</Np></NP></AP></VP><dot>.</dot><quo>"</quo></S></SENTENCE></root>