<?xml version="1.0" ?><root><SENTENCE id="1"><S><S><NP syntax="SUB"><N syntax="H">Thủ tướng</N><Np>Nguyễn Tấn Dũng</Np></NP><VP><V syntax="H">nhấn mạnh</V></VP></S><com>,</com><S><NP syntax="SUB"><N syntax="H">Chính phủ</N><Np>Việt Nam</Np></NP><VP><R>luôn</R><V syntax="H">coi trọng</V><NP><N syntax="H">việc</N><VP><VP><V syntax="H">ổn định</V><NP><N syntax="H">kinh tế</N><N>vĩ mô</N></NP></VP><com>,</com><VP><V syntax="H">ổn định</V><NP><N syntax="H">tài chính</N><N>công</N></NP></VP></VP><com>,</com><PP><E syntax="H">trên</E><NP><N syntax="H">cơ sở</N><P>đó</P></NP></PP><VP><V syntax="H">phát triển</V><NP><N syntax="H">khu vực</N><N>tài chính</N></NP></VP><C>và</C><VP><V syntax="H">phát huy</V><N>vai trò</N></VP><PP><E syntax="H">của</E><NP><N syntax="H">khu vực</N><NP><N syntax="H">kinh tế</N><N>tư nhân</N></NP></NP></PP></NP></VP></S><dot>.</dot></S></SENTENCE></root>