<?xml version="1.0" ?><root><SENTENCE id="1"><S><PP><E syntax="H">Trong</E><NP><N syntax="H">khi</N><P>đó</P></NP></PP><com syntax="SUB">,</com><VP syntax="SUB"><V>xuất khẩu</V><V syntax="H">dầu thô</V></VP><VP><V syntax="H">tiếp tục</V><VP><V syntax="H">sụt giảm</V><NP><NP><A>khoảng</A><M>7,5%</M><PP><E syntax="H">về</E><NP><N syntax="H">giá trị</N><com>,</com><N>xe đạp</N></NP></PP></NP><C>và</C><NP><N syntax="H">phụ tùng</N><VP><V syntax="H">giảm</V><QP><A>gần</A><M syntax="H">40%</M></QP></VP></NP></NP></VP></VP><dot>.</dot></S></SENTENCE></root>