<?xml version="1.0" ?><root><SENTENCE id="1"><S><S><NP syntax="SUB"><Np syntax="H">Thạc</Np><N>sỹ</N><NP><Np syntax="H">Nguyễn Tiến Dũng</Np></NP><com>,</com><NP><N syntax="H">Giám đốc</N><NP><N syntax="H">làng</N><A>trẻ</A><NP><Np syntax="H">SOS</Np><Np>Hà Nội</Np></NP></NP></NP></NP><VP><V syntax="H">cho biết</V></VP></S><com>,</com><S><NP syntax="SUB"><N syntax="H">Làng</N></NP><VP><R>đang</R><V syntax="H">nuôi dưỡng</V><NP><M>194</M><N syntax="H">cháu</N><N>bé</N><A>mồ côi</A></NP></VP></S><dot>.</dot></S></SENTENCE></root>