<?xml version="1.0" ?><root><SENTENCE id="1"><S><S><NP syntax="SUB"><N syntax="H">Thủ tướng</N></NP><VP><R>cũng</R><V syntax="H">cho</V><R>rằng</R></VP></S><com>,</com><S><NP syntax="SUB"><N syntax="H">khi</N><VP><VP><V syntax="H">tính toán</V><NP><N syntax="H">tốc độ</N></NP></VP><VP><V syntax="H">tăng trưởng</V><A>chung</A><PP><E syntax="H">của</E><NP><N syntax="H">nền</N><N>kinh tế</N></NP></PP></VP></VP></NP><com>,</com><VP><R>đã</R><V syntax="H">loại trừ</V><NP><N syntax="H">yếu tố</N><V>tăng giá</V></NP></VP></S><com>,</com><C>nên</C><S><NP syntax="SUB"><N syntax="H">giá</N><VP><V syntax="H">tăng</V><NP><N syntax="H">cao</N></NP></VP></NP><VP><R>không</R><V syntax="H">làm</V><VP><V syntax="H">mất</V><NP><N syntax="H">ý nghĩa</N><V>tăng trưởng</V></NP></VP></VP></S><dot>.</dot></S></SENTENCE></root>