<?xml version="1.0" ?><root><SENTENCE id="1"><S><quo>"</quo><VP syntax="SUB"><R>Sách Trắng</R><quo>"</quo><V syntax="H">nêu</V><AP><A syntax="H">rõ</A></AP></VP><com>,</com><NP syntax="SUB"><Np syntax="H">Nhật Bản</Np></NP><VP><V syntax="H">phụ thuộc</V><AP><R>quá</R><A syntax="H">nhiều</A><PP><E syntax="H">vào</E><NP><NP><N syntax="H">nguồn</N><N>lương thực</N><V>nhập khẩu</V><PP><E syntax="H">từ</E><NP><L>các</L><N syntax="H">nước</N></NP></PP><com>,</com><PP><E syntax="H">trong</E><NP><P syntax="H">đó</P></NP></PP></NP><com>,</com><NP><N syntax="H">lượng</N><V>nhập khẩu</V><PP><E syntax="H">từ</E><NP><NP><M>5</M><N syntax="H">nước</N><com>,</com><Ny>(</Ny><VP><V syntax="H">gồm</V><NP><T>cả</T><N syntax="H">ỗtrâylia</N></NP></VP></NP><com>,</com><NP><Np syntax="H">Trung Quốc</Np><C>và</C><Np>Mỹ</Np></NP><td1>)</td1></NP></PP><com>,</com><VP><V syntax="H">chiếm</V><NP><A>hơn</A><M>70%</M><N syntax="H">lượng</N><N>lương thực</N><VP><V syntax="H">nhập khẩu</V></VP><PP><E syntax="H">của</E><NP><N syntax="H">nước</N><P>này</P></NP></PP></NP></VP></NP></NP></PP></AP></VP><dot>.</dot></S></SENTENCE></root>