<?xml version="1.0" ?><root><SENTENCE id="1"><S><NP syntax="SUB"><N syntax="H">Tối ngày</N><M>11/8</M><com>,</com><NP><N syntax="H">lực lượng</N><NP><N syntax="H">liên ngành</N><VP><V syntax="H">chống</V><VP><V syntax="H">buôn lậu</V><NP><N syntax="H">thành phố</N></NP></VP></VP><NP><Np syntax="H">Hà Nội</Np></NP></NP></NP></NP><com>,</com><VP syntax="SUB"><R>đã</R><V syntax="H">bắt</V><NP><M>một</M><N syntax="H">vụ</N><VP><V syntax="H">vận chuyển</V><NP><N syntax="H">hàng</N><A>lậu</A></NP></VP><AP><A syntax="H">lớn</A></AP><com>,</com><PP><E syntax="H">trên</E><NP><Nc syntax="H">chuyến</Nc><N>tàu</N><PP><PP><E syntax="H">từ</E><NP><Np syntax="H">Lạng Sơn</Np></NP></PP><PP><E syntax="H">về</E><NP><N syntax="H">ga</N><Np>Long Biên</Np><com>,</com><NP><Ny>(</Ny></NP></NP></PP></PP><NP><Np syntax="H">Hà Nội</Np></NP><td1>)</td1></NP></PP><com>,</com><PP><E syntax="H">với</E><NP><N syntax="H">số</N><N>hàng</N><VP><V>thu giữ</V><V syntax="H">ước</V></VP></NP></PP><com>,</com><VP><VP><V syntax="H">tính</V><NP><A>khoảng</A><M>10</M><Nu syntax="H">tấn</Nu></NP></VP><com>,</com><VP><V syntax="H">trị giá</V><NP><N syntax="H">hàng</N><NP><M>tỷ</M><Nu syntax="H">đồng</Nu></NP></NP></VP></VP></NP></VP><dot>.</dot></S></SENTENCE></root>