<?xml version="1.0" ?><root><SENTENCE id="1"><S><NP syntax="SUB"><N syntax="H">Hội nghị</N></NP><VP><VP><V syntax="H">chọn</V><NP><N syntax="H">năm</N><M>2009</M></NP></VP><com>,</com><VP><V syntax="H">là</V><NP><quo>"</quo><N syntax="H">Năm</N><N>giao lưu</N><Np>Mê Công Nhật Bản</Np><quo>"</quo></NP></VP><com>,</com><C>và</C><VP><V syntax="H">ủng hộ</V><NP><Np syntax="H">Nhật Bản</Np><VP><V syntax="H">tổ chức</V><com>,</com><quo>"</quo><V syntax="H">Lễ hội</V><Np>Mê Công</Np><quo>"</quo><PP><E syntax="H">vào</E><NP><NP><N syntax="H">năm</N><M>2009</M><com>,</com><C>cũng như</C><VP><V syntax="H">ủng hộ</V><NP><Np>Việt Nam</Np><N>đăng cai</N><N>sự kiện</N></NP></VP><com>,</com><quo>"</quo><NP><NP><L>Những</L><N syntax="H">ngày</N><N>Du lịch</N></NP><com>,</com><NP><Ny>Văn hoá</Ny><Np>Mê Công</Np><com>,</com><NP><Np syntax="H">Nhật Bản</Np></NP></NP></NP><quo>"</quo></NP><com>,</com><NP><N syntax="H">năm</N><M>2009</M></NP></NP></PP></VP></NP></VP></VP><dot>.</dot></S></SENTENCE></root>