<?xml version="1.0" ?><root><SENTENCE id="1"><S><C>Ngoài ra</C><com>,</com><PP><E syntax="H">theo</E><NP><N syntax="H">kiến nghị</N><PP><E syntax="H">của</E><NP><NP><L>các</L><N syntax="H">Sở</N></NP><com>,</com><NP><N syntax="H">Bộ</N><Ny>Bưu</Ny><NP><T>chính</T><Np>Viễn thông</Np></NP></NP></NP></PP></NP></PP><com syntax="SUB">,</com><VP syntax="SUB"><VP><V syntax="H">cần</V><VP><V syntax="H">chủ trì</V><VP><V syntax="H">xây dựng</V><NP><N syntax="H">chương trình</N><V>ứng dụng</V><NP><N syntax="H">công nghệ thông tin</N><PP><E syntax="H">trên</E><NP><N syntax="H">toàn quốc</N></NP></PP></NP></NP></VP></VP></VP><com>,</com><C>và</C><VP><V syntax="H">hỗ trợ</V><VP><V syntax="H">triển khai</V><PP><E syntax="H">tại</E><NP><N syntax="H">từng</N><N>tỉnh</N></NP></PP></VP></VP><com>,</com><VP><V syntax="H">ưu tiên</V><PP><E syntax="H">cho</E><NP><L>các</L><N syntax="H">địa phương</N><A>nghèo</A></NP></PP></VP></VP><dot>.</dot></S></SENTENCE></root>