<?xml version="1.0" ?><root><SENTENCE id="1"><S><C>Mưa lũ</C><SBAR><E syntax="H">do</E><S><NP syntax="SUB"><N syntax="H">hoàn lưu</N><N>bão</N><NP><N syntax="H">số</N><M>4</M></NP></NP><VP><R>đã</R><V syntax="H">làm</V><VP><V syntax="H">sập</V><C>và</C><V syntax="H">ngập</V><NP><M>11.500</M><Nc syntax="H">căn</Nc><N>nhà</N></NP></VP></VP></S></SBAR><com>,</com><C>và</C><S><NP syntax="SUB"><NP><A>nhiều</A><N syntax="H">trường học</N></NP><com>,</com><NP><P>úng ngập</P><Nu syntax="H">27.200ha</Nu><N>lúa</N></NP><C>và</C><NP><N syntax="H">hoa màu</N></NP></NP><com>,</com><VP><VP><V syntax="H">làm</V><V syntax="H">sạt</V><V syntax="H">trôi</V></VP><C>và</C><VP><V syntax="H">bồi lấp</V><NP><A>gần</A><M>2,3</M><M>triệu</M><Nu syntax="H">khối</Nu><N>đất đá</N></NP><PP><E syntax="H">trên</E><NP><NP><L>các</L><N syntax="H">công trình</N><N>giao thông</N></NP><com>,</com><NP><N syntax="H">thủy lợi</N></NP><com>,</com><C>và</C><NP><N syntax="H">khu</N><VP><V syntax="H">nuôi trồng</V><NP><N syntax="H">thủy sản</N></NP></VP></NP></NP></PP></VP></VP></S><dot>.</dot></S></SENTENCE></root>