<?xml version="1.0" ?><root><SENTENCE id="1"><S><S><NP syntax="SUB"><N syntax="H">Chính phủ</N><Np>Italia</Np></NP><VP><R>vừa</R><V syntax="H">công bố</V></VP></S><com>,</com><S><NP syntax="SUB"><N syntax="H">kế hoạch</N></NP><VP><V syntax="H">mở rộng</V><C>và</C><V syntax="H">hiện đại hoá</V><NP><N syntax="H">hệ thống</N><N>đường sắt</N><N>quốc gia</N></NP><com>,</com><PP><PP><E syntax="H">từ</E><NP><N syntax="H">nay</N></NP></PP><PP><E syntax="H">đến</E><NP><N syntax="H">năm</N><M>2020</M></NP></PP></PP><com>,</com><PP><E syntax="H">với</E><NP><N syntax="H">chi phí</N><VP><V syntax="H">ước tính</V><A>khoảng</A></VP></NP></PP><com>,</com><NP><M>46,4</M><N syntax="H">tỷ</N><Nu>eủo</Nu></NP></VP></S><dot>.</dot></S></SENTENCE></root>