<?xml version="1.0" ?><root><SENTENCE id="1"><S><NP syntax="SUB"><P syntax="H">đây</P></NP><VP><V syntax="H">là</V><NP><N syntax="H">triển lãm</N><N>y dược</N><com>,</com><VP><V syntax="H">có</V><NP><N syntax="H">quy mô</N><AP><A>lớn</A><R>nhất</R><PP><PP><E syntax="H">từ</E><NP><N syntax="H">trước</N></NP></PP><PP><E syntax="H">tới</E><NP><P syntax="H">nay</P></NP></PP></PP></AP></NP></VP><com>,</com><C>với</C><NP><M>150</M><N syntax="H">gian hàng</N></NP></NP></VP><dot>.</dot></S></SENTENCE></root>