<?xml version="1.0" ?><root><SENTENCE id="1"><S><S><NP syntax="SUB"><N syntax="H">Nguồn</N><N>ảnh</N></NP><VP><VP><V>dự</V><V syntax="H">thi</V></VP><VP><R>có thể</R><V syntax="H">chụp</V><AP><A syntax="H">tự do</A></AP></VP><com>,</com><C>hoặc</C><VP><V syntax="H">trích</V><PP><E syntax="H">từ</E><NP><N syntax="H">nguồn</N><VP><V syntax="H">có</V><AP><A syntax="H">sẵn</A></AP></VP></NP></PP></VP></VP></S><com>,</com><C>nhưng</C><S><NP syntax="SUB"><N syntax="H">ảnh</N></NP><VP><P>tự</P><V syntax="H">chụp</V><VP><V syntax="H">phải</V><VP><V syntax="H">chiếm</V><NP><M>70%</M><N syntax="H">số lượng</N><N>ảnh</N></NP><PP><E syntax="H">trong</E><NP><M>1</M><N syntax="H">bài</N><VP><V>dự</V><V syntax="H">thi</V></VP></NP></PP></VP></VP></VP></S><dot>.</dot></S></SENTENCE></root>