<?xml version="1.0" ?><root><SENTENCE id="1"><S><NP syntax="SUB"><N syntax="H">Triển lãm</N></NP><VP><V syntax="H">trưng bày</V><PP><E syntax="H">theo</E><NP><M>4</M><N syntax="H">mảng</N><NP><N syntax="H">đề tài</N><N>Cổ vật</N><NP><Np syntax="H">Phật giáo</Np></NP><com>,</com><NP><N syntax="H">kỷ lục</N><Np>Phật giáo</Np><com>,</com><NP><N syntax="H">mỹ thuật</N><Np>Phật giáo</Np><com>,</com><NP><N syntax="H">ảnh</N><N>nghệ thuật</N><PP><E syntax="H">về</E><NP><Np syntax="H">Phật giáo</Np></NP></PP></NP></NP></NP></NP></NP></PP></VP><dot>.</dot></S></SENTENCE></root>