<?xml version="1.0" ?><root><SENTENCE id="1"><S><S><NP syntax="SUB"><N syntax="H">Phó Chủ</N><NP><N syntax="H">tịch</N><Np>Nguyễn Hữu Tín</Np></NP></NP><VP><V syntax="H">cho</V><C>rằng</C><com>,</com><NP><N syntax="H">dự án</N><NP><N syntax="H">cầu</N><Np>Phú Mỹ</Np></NP></NP></VP></S><com>,</com><C>và</C><S><NP syntax="SUB"><L>các</L><N syntax="H">đường dẫn</N><V>kết nối</V><PP><E syntax="H">với</E><NP><N syntax="H">cầu</N><Np>Phú Mỹ</Np><com>,</com><VP><V syntax="H">là</V><QP><M syntax="H">một</M><PP><E syntax="H">trong</E><NP><L>những</L><N syntax="H">công trình</N><N>giao thông</N><AP><A syntax="H">quan trọng</A></AP><PP><E syntax="H">của</E><NP><N syntax="H">thành phố</N></NP></PP></NP></PP></QP></VP></NP></PP></NP><com>,</com><VP><VP><V syntax="H">nối</V><PP><E syntax="H">vào</E><NP><NP><Nc syntax="H">khu</Nc><N>cảng</N></NP><com>,</com><NP><N syntax="H">khu chế xuất</N></NP><com>,</com><NP><N syntax="H">khu công nghiệp</N></NP></NP></PP></VP><com>,</com><VP><V syntax="H">góp phần</V><VP><V syntax="H">giải quyết</V><NP><N syntax="H">vấn đề</N><VP><V syntax="H">ùn tắc</V><NP><N syntax="H">giao thông</N></NP></VP></NP></VP></VP></VP></S><dot>.</dot></S></SENTENCE></root>