<?xml version="1.0" ?><root><SENTENCE id="1"><S><NP syntax="SUB"><N syntax="H">Ngày</N><M>27/11</M></NP><com>,</com><S><NP syntax="SUB"><L>các</L><N syntax="H">nhà khoa học</N><Np>Mỹ</Np></NP><VP><V syntax="H">thông báo</V></VP></S><com>,</com><S><NP syntax="SUB"><P syntax="H">họ</P></NP><VP><R>đã</R><V syntax="H">đào tạo</V><R>được</R><SBAR><S><quo>"</quo><NP syntax="SUB"><L>những</L><Nc syntax="H">chú</Nc><N>lính</N><N>ong</N><quo>"</quo></NP><com>,</com><VP><R>có thể</R><quo>"</quo><V syntax="H">đánh hơi</V><quo>"</quo><com>,</com><V syntax="H">phát hiện</V><R>được</R><NP><N syntax="H">chất nổ</N></NP></VP></S></SBAR></VP></S><dot>.</dot></S></SENTENCE></root>