<?xml version="1.0" ?><root><SENTENCE id="1"><S><S><NP syntax="SUB"><N syntax="H">Trời</N><N>mưa</N></NP><AP><A syntax="H">to</A></AP></S><com>,</com><S><NP syntax="SUB"><NP><N syntax="H">sân</N><A>trơn</A></NP><com>,</com><NP><N syntax="H">bóng</N><A>ướt</A></NP></NP><com>,</com><VP syntax="SUB"><R>đã</R><V syntax="H">ảnh hưởng</V></VP><AP><R>rất</R><A syntax="H">nhiều</A><PP><E syntax="H">đến</E><NP><N syntax="H">lối</N><V>chơi</V><PP><E syntax="H">của</E><NP><M>hai</M><N syntax="H">đội</N></NP></PP></NP></PP></AP></S><dot>.</dot></S></SENTENCE></root>