<?xml version="1.0" ?><root><SENTENCE id="1"><S><PP><E syntax="H">Với</E><NP><N syntax="H">trữ lượng</N><VP><V syntax="H">ước tính</V><PP><E syntax="H">lên</E><NP><T>tới</T><M>33</M><N syntax="H">tỷ</N><N>thùng</N></NP></PP></VP></NP></PP><com>,</com><NP syntax="SUB"><N syntax="H">mỏ</N><N>dầu</N><P>này</P></NP><VP><V>được</V><V>đánh giá</V><C>là</C><VP><V syntax="H">lớn</V><NP><N syntax="H">thứ ba</N><N>thế giới</N></NP></VP></VP><dot>.</dot></S></SENTENCE></root>