<?xml version="1.0" ?><root><SENTENCE id="1"><S><PP><E syntax="H">Trong</E><NP><M>9</M><Nu syntax="H">tháng</Nu><NP><N syntax="H">đầu</N><N>năm</N><M>2008</M></NP></NP></PP><com>,</com><S><NP syntax="SUB"><N>lượng</N><N>khách</N><V>du lịch</V><PP><E syntax="H">đến</E><NP><Np syntax="H">Hà Nội</Np></NP></PP></NP><VP><V syntax="H">ước</V><VP><V syntax="H">tăng</V><QP><A>trên</A><M syntax="H">10%</M></QP></VP></VP></S><com>,</com><S><PP><E syntax="H">trong</E><NP><P syntax="H">đó</P></NP></PP><NP syntax="SUB"><N syntax="H">khách</N><AP><A syntax="H">quốc tế</A></AP></NP><VP><VP><V syntax="H">ước</V><VP><V syntax="H">đạt</V><NP><M>960.500</M><N syntax="H">lượt</N></NP></VP></VP><com>,</com><VP><V syntax="H">tăng</V><QP><M syntax="H">5%</M></QP></VP></VP></S><com>,</com><C>và</C><S><NP syntax="SUB"><N syntax="H">khách</N></NP><VP><VP><V syntax="H">du lịch</V><NP><N syntax="H">nội địa</N></NP></VP><com>,</com><VP><V syntax="H">ước</V><VP><V syntax="H">đạt</V><NP><M>5</M><M>triệu</M><N syntax="H">lượt</N></NP></VP></VP><com>,</com><VP><VP><V syntax="H">tăng</V><NP><N syntax="H">15%</N></NP></VP><VP><V syntax="H">so</V><PP><E syntax="H">với</E><NP><N syntax="H">cùng</N><NP><N syntax="H">kỳ</N><M>2007</M></NP></NP></PP></VP></VP></VP></S><dot>.</dot></S></SENTENCE></root>