<?xml version="1.0" ?><root><SENTENCE id="1"><S><NP syntax="SUB"><N syntax="H">Ngày</N><M>28/8</M></NP><com>,</com><NP syntax="SUB"><N syntax="H">ốt</N><eds>-</eds><NP><N syntax="H">xờ-trây-li</N><eds>-</eds><N>a</N><C>và</C><Np>Inđônễia</Np></NP></NP><com>,</com><VP syntax="SUB"><VP><R>đã</R><V syntax="H">ký</V><NP><M>một</M><N syntax="H">hiệp định</N><N>đối tác</N></NP></VP><com>,</com><VP><V syntax="H">nhằm</V><VP><V syntax="H">tăng cường</V><NP><N syntax="H">nỗ lực</N></NP><VP><V syntax="H">chống</V><NP><N syntax="H">nạn</N><N>buôn người</N></NP><PP><E syntax="H">tại</E><NP><N syntax="H">khu vực</N><Np>Châu</Np><AP><A syntax="H">á Thái Bình Dương</A></AP></NP></PP></VP></VP></VP></VP><dot>.</dot></S></SENTENCE></root>