<?xml version="1.0" ?><root><SENTENCE id="1"><S><NP syntax="SUB"><N syntax="H">Hiện</N><NP><L>các</L><N syntax="H">tỉnh</N></NP></NP><VP><VP><R>đang</R><V syntax="H">tập trung</V><VP><V syntax="H">tiêu</V><NP><N syntax="H">nước</N><N>đệm</N></NP></VP></VP><com>,</com><VP><V syntax="H">chủ động</V><VP><V syntax="H">phòng tránh</V><NP><N syntax="H">úng ngập</N></NP><PP><PP><E syntax="H">ở</E><NP><L>những</L><N syntax="H">khu vực</N><N>lúa</N></NP></PP><PP><R>chưa</R><E syntax="H">đến</E><NP><N syntax="H">kỳ</N><V>thu hoạch</V></NP></PP></PP></VP></VP></VP><dot>.</dot></S></SENTENCE></root>