<?xml version="1.0" ?><root><SENTENCE id="1"><S><NP syntax="SUB"><P syntax="H">đó</P></NP><VP><R>còn</R><V syntax="H">là</V><NP><N syntax="H">sự</N><VP><V syntax="H">giáo dục</V></VP><com>,</com><VP><V syntax="H">tuyên truyền</V><PP><E syntax="H">đến</E><NP><L>mọi</L><N syntax="H">đảng viên</N><com>,</com><N>nhân dân</N></NP></PP><com>,</com><SBAR><E syntax="H">để</E><S><NP syntax="SUB"><P syntax="H">ai</P></NP><VP><R>cũng</R><V syntax="H">ý thức</V><R>được</R><NP><N syntax="H">vấn đề</N><P>đó</P></NP></VP></S></SBAR></VP></NP></VP><dot>.</dot></S></SENTENCE></root>