<?xml version="1.0" ?><root><SENTENCE id="1"><S><NP syntax="SUB"><Nc syntax="H">Ngành</Nc><N>Y tế</N></NP><VP><V syntax="H">mở rộng</V><NP><N syntax="H">đối tượng</N></NP><VP><VP><V syntax="H">uống</V><NP><N syntax="H">vitamin</N><N>A-H</N></NP></VP><com>,</com><VP><V syntax="H">tẩy</V><NP><N syntax="H">giun</N></NP></VP><com>,</com><VP><V syntax="H">bổ sung</V><NP><NP><S>đa</S><N syntax="H">vi chất</N></NP><com>,</com><N syntax="H">dinh dưỡng</N><VP><V syntax="H">miễn phí</V><PP><E syntax="H">cho</E><NP><L>các</L><N syntax="H">đối tượng</N><PP><E syntax="H">ở</E><NP><N syntax="H">khu vực</N><P>này</P></NP></PP></NP></PP></VP></NP></VP></VP></VP><dot>.</dot></S></SENTENCE></root>