<?xml version="1.0" ?><root><SENTENCE id="1"><S><S><NP syntax="SUB"><N syntax="H">Thủ tướng</N><Np>Nguyễn Tấn Dũng</Np></NP><VP><V syntax="H">yêu cầu</V></VP></S><com>,</com><S><NP syntax="SUB"><N syntax="H">tỉnh</N><N>Bà</N><Np>Rịa Vũng Tàu</Np></NP><VP><V syntax="H">huy động</V><NP><L>mọi</L><N syntax="H">lực lượng</N></NP><PP><E syntax="H">để</E><VP><V syntax="H">tìm kiếm</V><NP><M>24</M><N syntax="H">ngư dân</N><VP><V syntax="H">mất tích</V></VP><com>,</com><VP><R>đồng thời</R><V syntax="H">tập trung</V><VP><VP><V syntax="H">cứu chữa</V><NP><N syntax="H">người</N><V>bị thương</V></NP></VP><com>,</com><VP><V syntax="H">trợ giúp</V><NP><N syntax="H">người dân</N><VP><VP><V syntax="H">sửa chữa</V><NP><N syntax="H">nhà cửa</N></NP></VP><com>,</com><VP><V syntax="H">ổn định</V><NP><N syntax="H">cuộc sống</N></NP></VP></VP></NP></VP></VP></VP></NP></VP></PP></VP></S><dot>.</dot></S></SENTENCE></root>