<?xml version="1.0" ?><root><SENTENCE id="1"><S><NP syntax="SUB"><N syntax="H">Du khách</N></NP><VP><VP><R>còn</R><V syntax="H">được</V><NP><N syntax="H">chiêm ngưỡng</N><N>hang</N><Np>Thông Thiên</Np><com>,</com><NP><N syntax="H">đảo</N><Np>Phất Cờ</Np></NP><com>,</com><C>hay</C><VP><V syntax="H">đi</V><N>thuyền</N><VP><V syntax="H">thám hiểm</V><NP><L>những</L><N syntax="H">khu</N><N>rừng</N><AP><A>sú</A><com>,</com><A>vẹt</A></AP></NP></VP></VP><com>,</com><VP><V syntax="H">lên</V><NP><N syntax="H">đảo</N><Np>Bản Sen</Np></NP><VP><V syntax="H">có</V><NP><N syntax="H">hương vị</N><NP><N syntax="H">trà</N><N>trăm tuổi</N></NP></NP></VP></VP></NP></VP><com>,</com><C>và</C><VP><V syntax="H">đắm</V><NP><N syntax="H">mình</N></NP><PP><E syntax="H">trong</E><NP><Nc syntax="H">làn</Nc><N>nước</N><V>pha lê</V><PP><E syntax="H">ở</E><NP><N syntax="H">bãi biển</N><Np>Uyên ương</Np></NP></PP></NP></PP></VP></VP><dot>.</dot><dot>.</dot><dot>.</dot></S></SENTENCE></root>