<?xml version="1.0" ?><root><SENTENCE id="1"><S><NP syntax="SUB"><N syntax="H">Hội nghị</N></NP><VP><V syntax="H">tập trung</V><V syntax="H">thảo luận</V><PP><E syntax="H">về</E><NP><L>các</L><N syntax="H">vấn đề</N><VP><VP><V syntax="H">phúc lợi</V><NP><N syntax="H">xã hội</N></NP></VP><com>,</com><VP><VP><V syntax="H">xây dựng</V><NP><N syntax="H">cơ sở hạ tầng</N></NP></VP><com>,</com><VP><V syntax="H">phát triển</V><NP><N syntax="H">đô thị</N><A>mới</A></NP></VP></VP></VP><com>,</com><PP><E syntax="H">với</E><NP><L>những</L><N syntax="H">đề tài</N><A>cụ thể</A></NP></PP><com>,</com><C>như</C><VP><VP><V syntax="H">ùn tắc</V><NP><N syntax="H">giao thông</N></NP></VP><com>,</com><VP><V syntax="H">ô nhiễm</V><NP><N syntax="H">môi trường</N></NP></VP></VP><C>và</C><NP><N syntax="H">vấn đề</N><N>người già</N><PP><E syntax="H">ở</E><NP><L>các</L><N syntax="H">đô thị</N></NP></PP></NP></NP></PP></VP><dot>.</dot></S></SENTENCE></root>