<?xml version="1.0" ?><root><SENTENCE id="1"><S><NP syntax="SUB"><Nc syntax="H">ông</Nc><Np>Lê Thanh Hải</Np><com>,</com><VP><R>đã</R><V syntax="H">đón nhận</V><NP><NP><N syntax="H">chén</N><N>thánh</N><N>tửu</N></NP><C>và</C><NP><N syntax="H">lời</N><V>chúc</V><AP><A syntax="H">ân cần</A></AP></NP></NP></VP></NP><com>,</com><PP><E syntax="H">từ</E><NP><N syntax="H">đức Hồng</N><N>y</N><NP><Np syntax="H">Phạm Minh Mẫn</Np></NP><com>,</com><NP><Np syntax="H">Tổng Giám</Np><N>mục</N><NP><N syntax="H">Tổng Giáo</N><N>phận</N><NP><N syntax="H">thành phố</N></NP></NP></NP></NP></PP><dot>.</dot></S></SENTENCE></root>