<?xml version="1.0" ?><root><SENTENCE id="1"><S><S><NP syntax="SUB"><N syntax="H">Khối</N><N>thai</N></NP><VP><V syntax="H">có</V><AP><A>đủ</A><NP><NP><N syntax="H">chân</N><com>,</com><N>tay</N></NP><com>,</com><NP><N syntax="H">cơ quan</N><N>sinh dục</N><N>ngoài</N></NP></NP></AP></VP></S><com>,</com><C>và</C><S><NP syntax="SUB"><N syntax="H">cột sống</N></NP><VP><R>được</R><V syntax="H">lấy</V><R>ra</R><PP><E syntax="H">từ</E><NP><N syntax="H">bụng</N><PP><E syntax="H">của</E><NP><N syntax="H">bé</N><N>gái</N><AP><A syntax="H">mới</A></AP></NP></PP><NP><M>19</M><N syntax="H">ngày</N><N>tuổi</N></NP></NP></PP></VP></S><dot>.</dot></S></SENTENCE></root>