<?xml version="1.0" ?><root><SENTENCE id="1"><S><NP syntax="SUB"><L>Các</L><N syntax="H">cơ quan chức năng</N><Np>Anh</Np></NP><com>,</com><VP syntax="SUB"><R>cũng</R><R>đã</R><V syntax="H">mở</V><NP><M>một</M><N syntax="H">cuộc</N><V>điều tra</V><VP><V>chống</V><V syntax="H">khủng bố</V><PP><E syntax="H">trên</E><NP><N syntax="H">qui mô</N><A>lớn</A></NP></PP><com>,</com><PP><E syntax="H">để</E><VP><V syntax="H">truy tìm</V><NP><L>những</L><Nc syntax="H">kẻ</Nc><N>âm mưu</N><VP><V>tấn công</V><V syntax="H">Luân đôn</V></VP></NP></VP></PP></VP></NP></VP><dot>.</dot></S></SENTENCE></root>