<?xml version="1.0" ?><root><SENTENCE id="1"><S><NP syntax="SUB"><P syntax="H">đây</P></NP><VP><V syntax="H">là</V><NP><NP><N syntax="H">tin vui</N><PP><E syntax="H">cho</E><NP><N syntax="H">bà con</N><NP><N syntax="H">nông dân</N><N>khu vực</N></NP></NP></PP></NP><NP><N syntax="H">đồng bằng</N></NP><com>,</com><NP><N syntax="H">trung du</N></NP><com>,</com><C>và</C><NP><N syntax="H">miền</N><N>núi</N><NP><N syntax="H">khu vực</N><Np>Bắc bộ</Np><C>và</C><Np>Bắc Trung</Np></NP><NP><N syntax="H">bộ</N></NP></NP><com>,</com><SBAR><E syntax="H">bởi</E><S><NP syntax="SUB"><NP><N syntax="H">thời tiết</N><A>ấm</A></NP><com>,</com><NP><N syntax="H">ẩm ướt</N></NP><com>,</com><NP><N syntax="H">mưa phùn</N></NP></NP><VP><R>sẽ</R><V syntax="H">kích thích</V><PP><E syntax="H">cho</E><NP><N syntax="H">cây trồng</N><VP><V syntax="H">phát triển</V><A>nhanh</A></VP></NP></PP></VP><com>,</com><C>và</C><VP><V syntax="H">góp phần</V><VP><V syntax="H">làm</V><PP><E syntax="H">cho</E><NP><N syntax="H">khu vực</N><P>này</P></NP></PP><VP><V syntax="H">bớt</V><VP><V syntax="H">khô hạn</V></VP></VP></VP></VP></S></SBAR></NP></VP><dot>.</dot></S></SENTENCE></root>