<?xml version="1.0" ?><root><SENTENCE id="1"><S><PP><E syntax="H">để</E><VP><V syntax="H">hạn chế</V><NP><N syntax="H">úng ngập</N></NP></VP></PP><com>,</com><NP syntax="SUB"><N syntax="H">công ty</N></NP><VP><R>đã</R><V syntax="H">chủ động</V><VP><VP><V syntax="H">vận hành</V><NP><N syntax="H">trạm</N><VP><V syntax="H">bơm</V><NP><Np syntax="H">Yên Sở</Np></NP></VP></NP></VP><com>,</com><VP><V syntax="H">mở cửa</V><NP><L>các</L><N syntax="H">hồ</N><N>điều hòa</N></NP></VP></VP></VP><dot>.</dot></S></SENTENCE></root>