<?xml version="1.0" ?><root><SENTENCE id="1"><S><S><NP syntax="SUB"><N syntax="H">Bác sĩ</N><Np>Nguyễn Mạnh Tiến</Np><com>,</com><NP><N syntax="H">Giám đốc</N><Np>Bệnh viện</Np></NP></NP><VP><V syntax="H">cho biết</V></VP></S><com>,</com><S><NP syntax="SUB"><P syntax="H">đây</P></NP><VP><V syntax="H">là</V><NP><N syntax="H">lần</N><A>đầu tiên</A><SBAR><S><NP syntax="SUB"><L>các</L><N syntax="H">bác sĩ</N><NP><Np>Khoa Ngoại Thần</Np><N>kinh</N></NP><com>,</com><NP><N syntax="H">Bệnh</N><NP><N syntax="H">viên</N><N>đa khoa</N><NP><N syntax="H">tỉnh</N><Np>Khánh Hòa</Np></NP></NP></NP></NP><com>,</com><VP><V syntax="H">mổ</V><NP><N syntax="H">não</N><N>úng thủy</N><PP><E syntax="H">theo</E><NP><N syntax="H">phương pháp</N><P>này</P></NP></PP></NP></VP></S></SBAR></NP></VP></S><dot>.</dot></S></SENTENCE></root>