<?xml version="1.0" ?><root><SENTENCE id="1"><S><S><NP syntax="SUB"><N syntax="H">ông</N></NP><VP><VP><VP><R>cũng</R><V syntax="H">cho biết</V></VP><com>,</com><VP><R>sẽ</R><V syntax="H">xoá bỏ</V><NP><N syntax="H">ủy ban</N></NP><VP><V syntax="H">thẩm tra</V><NP><N syntax="H">tài sản</N></NP></VP></VP><com>,</com><VP><V syntax="H">được</V><SBAR><S><NP syntax="SUB"><N syntax="H">chính quyền</N><N>quân sự</N></NP><VP><V syntax="H">lập</V><R>ra</R></VP></S></SBAR></VP></VP><com>,</com><C>và</C><VP><V syntax="H">chuyển</V><NP><L>tất cả</L><N syntax="H">vụ việc</N></NP></VP></VP></S><com>,</com><S><NP syntax="SUB"><N syntax="H">ủy ban</N><P>này</P></NP><VP><R>đang</R><V syntax="H">xử lý</V><PP><E syntax="H">cho</E><NP><N syntax="H">ủy ban</N><VP><V syntax="H">chống</V><VP><V syntax="H">tham nhũng</V><NP><N syntax="H">quốc gia</N></NP></VP></VP></NP></PP></VP></S><dot>.</dot></S></SENTENCE></root>