<?xml version="1.0" ?><root><SENTENCE id="1"><S><PP><E syntax="H">Ngoài</E><NP><N syntax="H">lịch sử</N><VP><V syntax="H">hình thành</V><C>và</C><V syntax="H">phát triển</V><NP><N syntax="H">nghề</N><N>gốm</N></NP><PP><E syntax="H">qua</E><NP><M>300</M><N syntax="H">năm</N><N>khẩn hoang</N></NP><com>,</com><NP><N syntax="H">đất</N><NP><N syntax="H">phương</N><Np>Nam</Np></NP></NP></PP></VP></NP></PP><com>,</com><NP syntax="SUB"><N syntax="H">liên hoan</N></NP><VP><R>còn</R><V syntax="H">giới thiệu</V><PP><E syntax="H">với</E><NP><NP><N syntax="H">công chúng</N><NP><NP><A>hơn</A><M>1.300</M><N syntax="H">tác phẩm</N><N>gốm</N></NP><com>,</com><C>và</C><NP><N syntax="H">nhóm</N><N>gốm</N><AP><A syntax="H">mỹ thuật</A></AP></NP></NP></NP><com>,</com><C>và</C><NP><N syntax="H">gốm</N><N>mỹ nghệ</N></NP><com>,</com><NP><M>430</M><N syntax="H">cổ vật</N><N>gốm</N><AP><A syntax="H">quý hiếm</A></AP></NP><com>,</com><C>như</C><NP><N syntax="H">gốm</N><NP><N syntax="H">óc</N><Np>Eo</Np><com>,</com><NP><N syntax="H">gốm</N><Np>Cây Mai</Np><com>,</com><NP><N syntax="H">gốm</N><Np>Biên Hoà</Np></NP></NP></NP></NP></NP></PP></VP></S></SENTENCE></root>