<?xml version="1.0" ?><root><SENTENCE id="1"><S><NP syntax="SUB"><N syntax="H">Lộ trình</N></NP><VP><VP><VP><V syntax="H">tiếp cận</V><NP><N syntax="H">trình độ</N><AP><A syntax="H">quốc tế</A></AP><PP><E syntax="H">của</E><NP><N syntax="H">đại học</N><Np>Quốc gia</Np><NP><Np syntax="H">Hà Nội</Np></NP></NP></PP></NP></VP><com>,</com><VP><R>sẽ</R><V syntax="H">được</V><VP><V syntax="H">thực hiện</V><VP><V syntax="H">theo</V><NP><M>2</M><N syntax="H">hướng</N></NP></VP></VP></VP><com>,</com><VP><V syntax="H">là</V><NP><N syntax="H">quốc tế hoá</N></NP></VP><C>và</C><VP><V syntax="H">mở rộng</V><NP><N syntax="H">quy mô</N><NP><NP><N syntax="H">chương trình</N><VP><V syntax="H">đào tạo</V><NP><N syntax="H">tài năng</N></NP></VP></NP><com>,</com><NP><N syntax="H">chất lượng</N><A>cao</A></NP></NP></NP></VP></VP><sco>;</sco><VP><V syntax="H">nâng</V><A>cao</A><NP><N syntax="H">chất lượng</N><VP><V syntax="H">đầu vào</V><NP><L>các</L><N syntax="H">chương trình</N><V>liên kết</V><AP><A syntax="H">quốc tế</A></AP></NP></VP></NP></VP></VP><dot>.</dot></S></SENTENCE></root>