<?xml version="1.0" ?><root><SENTENCE id="1"><S><VP><V syntax="H">Kêu gọi</V><NP><NP><L>các</L><N syntax="H">doanh nghiệp</N><A>ốt</A></NP><eds>-</eds><NP><N syntax="H">xờ-trây-li</N><eds>-</eds><N syntax="H">a</N><V>tăng cường</V><VP><V syntax="H">đầu tư</V><PP><E syntax="H">vào</E><NP><Np syntax="H">Việt Nam</Np></NP></PP></VP></NP></NP></VP><com>,</com><NP syntax="SUB"><N syntax="H">Chủ tịch</N><N>Quốc hội</N><NP><Np syntax="H">Nguyễn Phú Trọng</Np></NP></NP><VP><V syntax="H">nhấn mạnh</V><col>:</col><SBAR><S><NP syntax="SUB"><Np syntax="H">Việt Nam</Np></NP><VP><VP><R>luôn</R><V syntax="H">coi</V><SBAR><S><NP syntax="SUB"><N syntax="H">ốt</N><eds>-</eds><NP><N syntax="H">xờ-trây-li</N><eds>-</eds><N>a</N></NP></NP><com>,</com><VP><V syntax="H">là</V><NP><N syntax="H">đối tác</N><A>quan trọng</A></NP></VP></S></SBAR></VP><com>,</com><C>và</C><VP><R>luôn</R><V syntax="H">mở rộng</V><N>cửa</N><VP><V syntax="H">đón</V><NP><NP><L>các</L><N syntax="H">nhà đầu tư</N><A>ốt</A></NP><eds>-</eds><NP><N syntax="H">xờ-trây-li</N><eds>-</eds><N>a</N></NP></NP></VP></VP></VP></S></SBAR></VP><dot>.</dot></S></SENTENCE></root>