<?xml version="1.0" ?><root><SENTENCE id="1"><S><NP syntax="SUB"><N syntax="H">Khi</N><SBAR><S><NP syntax="SUB"><N syntax="H">bạn</N></NP><VP><V syntax="H">đi sâu</V><R>vào</R><VP><V syntax="H">tìm hiểu</V><NP><NP><Np syntax="H">Việt Nam</Np></NP><C>và</C><NP><N syntax="H">nền</N><N>văn hoá</N></NP><PP><E syntax="H">của</E><NP><N syntax="H">dân tộc</N><P>này</P></NP></PP></NP></VP></VP></S></SBAR></NP><com>,</com><NP syntax="SUB"><N syntax="H">điều</N><N>bạn</N></NP><VP><V>tìm</V><V>thấy</V><C>là</C><NP><M>một</M><N syntax="H">hệ thống</N><NP><L>các</L><N syntax="H">giá trị</N></NP><VP><V syntax="H">được</V><VP><V syntax="H">xây dựng</V><PP><E syntax="H">trên</E><NP><N syntax="H">cơ sở</N><PP><E syntax="H">của</E><NP><NP><Nc syntax="H">sự</Nc><A>trung nghĩa</A></NP><com>,</com><NP><N syntax="H">óc</N><N>sáng tạo</N></NP><com>,</com><NP><A>giàu</A><N syntax="H">kiến thức</N><com>,</com><NP><N syntax="H">tính</N><AP><A>ham</A><V syntax="H">học hỏi</V></AP></NP><C>và</C><NP><Nc syntax="H">sự</Nc><A>kiên trì</A></NP></NP></NP></PP></NP></PP></VP></VP></NP></VP><dot>.</dot></S></SENTENCE></root>