<?xml version="1.0" ?><root><SENTENCE id="1"><S><NP syntax="SUB"><Nc syntax="H">ông</Nc><Np>Doãn</Np></NP><VP><VP><V syntax="H">úy</V><NP><N syntax="H">Dân</N></NP></VP><com>,</com><VP><V syntax="H">được</V><VP><V syntax="H">bổ nhiệm</V><VP><V syntax="H">làm</V><NP><N syntax="H">Bộ trưởng</N><Np>Nhân sự</Np></NP></VP></VP></VP><com>,</com><VP><V syntax="H">thay</V><NP><Nc syntax="H">ông</Nc><Np>Trương Bá Lâm</Np></NP><VP><V>nghỉ</V><V syntax="H">hưu</V></VP></VP></VP><dot>.</dot></S></SENTENCE></root>