<?xml version="1.0" ?><root><SENTENCE id="1"><S><PP><E syntax="H">Trong</E><NP><L>những</L><N syntax="H">hiện vật</N><V>tiếp nhận</V></NP></PP><com syntax="SUB">,</com><VP syntax="SUB"><V syntax="H">có</V><SBAR><S><NP syntax="SUB"><M>9</M><N syntax="H">hiện vật</N><VP><V syntax="H">là</V><NP><L>các</L><N syntax="H">dụng cụ</N><VP><V syntax="H">dùng</V><PP><E syntax="H">trong</E><NP><N syntax="H">việc</N><VP><V syntax="H">lấy</V><N>lửa</N></VP></NP></PP></VP></NP></VP></NP><com>,</com><VP><V syntax="H">ước</V><VP><V syntax="H">đoán</V><V syntax="H">niên đại</V><NP><A>khoảng</A><A>trên</A><M>5.000</M><N syntax="H">năm</N></NP></VP></VP></S></SBAR></VP><dot>.</dot></S></SENTENCE></root>