<?xml version="1.0" ?><root><SENTENCE id="1"><S><NP syntax="SUB"><N syntax="H">Thị trường</N><N>địa ốc</N><PP><E syntax="H">trên</E><NP><R>toàn</R><N syntax="H">nước</N><Np>Mỹ</Np></NP></PP></NP><VP><VP><V syntax="H">ế ẩm</V></VP><com>,</com><VP><V syntax="H">khiến</V><NP><N syntax="H">nguồn</N><N>tài chính</N><PP><E syntax="H">của</E><NP><M>hai</M><N syntax="H">ngân hàng</N></NP></PP></NP><VP><V syntax="H">bị</V><VP><V syntax="H">ảnh hưởng</V><A>nặng nề</A></VP></VP></VP></VP><dot>.</dot></S></SENTENCE></root>