<?xml version="1.0" ?><root><SENTENCE id="1"><S><PP><E syntax="H">Theo</E><NP><L>các</L><N syntax="H">chuyên gia</N><com>,</com><N>áp lực</N><PP><E syntax="H">từ</E><NP><N syntax="H">việc</N><VP><V syntax="H">gia tăng</V><NP><N syntax="H">lạm phát</N><C>và</C><N syntax="H">đồng</N><NP><Ny syntax="H">USD</Ny><A>yếu</A></NP></NP></VP></NP></PP></NP></PP><com syntax="SUB">,</com><VP syntax="SUB"><R>đã</R><V syntax="H">khiến</V><NP><N syntax="H">giá cả</N><VP><V syntax="H">sinh hoạt</V><VP><V syntax="H">tăng</V><A>cao</A></VP></VP></NP></VP><dot>.</dot></S></SENTENCE></root>