<?xml version="1.0" ?><root><SENTENCE id="1"><S><NP syntax="SUB"><N syntax="H">Thành phố</N></NP><VP><VP><R>cũng</R><R>đã</R><V syntax="H">đầu tư</V><NP><A>gần</A><M>200</M><N syntax="H">tỷ</N><N>đồng</N><VP><V syntax="H">xây dựng</V><NP><NP><Np>Cụm</Np><N>công nghiệp</N></NP><com>,</com><C>và</C><NP><N syntax="H">Khu</N><NP><N syntax="H">dân cư</N><N>đô thị</N><AP><A syntax="H">mới</A></AP><NP><Np syntax="H">Nhị Xuân</Np></NP></NP><PP><E syntax="H">tại</E><NP><N syntax="H">huyện</N><Np>Hóc Môn</Np><com>,</com><NP><N syntax="H">diện tích</N><M>52</M><X>héc-ta</X></NP></NP></PP></NP></NP><com>,</com><PP><E syntax="H">để</E><VP><V syntax="H">giải quyết</V><NP><N syntax="H">việc làm</N><VP><V syntax="H">cho</V><NP><N syntax="H">người</N><A>sau</A></NP><VP><V syntax="H">cai nghiện</V></VP></VP></NP></VP></PP></VP></NP></VP><com>,</com><C>và</C><VP><V syntax="H">tiếp nhận</V><NP><N syntax="H">người</N><VP><VP><S>tái</S><V syntax="H">hòa nhập</V><NP><N syntax="H">cộng đồng</N><VP><V syntax="H">vào</V><VP><V syntax="H">làm việc</V></VP></VP></NP></VP><com>,</com><C>và</C><VP><V syntax="H">cư trú</V><A>ổn định</A></VP></VP></NP></VP></VP><dot>.</dot></S></SENTENCE></root>