<?xml version="1.0" ?><root><SENTENCE id="1"><S><NP syntax="SUB"><P syntax="H">đây</P></NP><VP><V syntax="H">là</V><NP><L>các</L><N syntax="H">tác phẩm</N><VP><V syntax="H">thuộc</V><NP><A>nhiều</A><N syntax="H">thể loại</N><A>khác nhau</A><com>,</com><C>như</C><NP><N syntax="H">tranh</N><V>vẽ</V></NP><com>,</com><NP><N syntax="H">nghệ thuật</N><N>sắp đặt</N></NP><com>,</com><NP><N syntax="H">video</N></NP><com>,</com><NP><N syntax="H">ảnh</N></NP><C>và</C><NP><N syntax="H">tác phẩm</N><N>điêu khắc</N></NP><com>,</com><SBAR><E syntax="H">do</E><S><NP syntax="SUB"><L>các</L><N syntax="H">nghệ sĩ</N></NP><VP><V syntax="H">Italia</V></VP></S></SBAR></NP></VP><VP><V syntax="H">thực hiện</V><PP><E syntax="H">trong</E><NP><A>vòng</A><M>30</M><N syntax="H">năm</N><V>trở lại</V><P>đây</P></NP></PP></VP></NP></VP><dot>.</dot></S></SENTENCE></root>