<?xml version="1.0" ?><root><SENTENCE id="1"><S><NP syntax="SUB"><L>đa số</L><N syntax="H">ý kiến</N><PP><E syntax="H">tại</E><NP><N syntax="H">phiên</N><V>họp</V><PP><E syntax="H">của</E><NP><N syntax="H">ủy ban</N><NP><N syntax="H">thường vụ</N><N>Quốc hội</N></NP></NP></PP></NP></PP></NP><com>,</com><NP syntax="SUB"><N syntax="H">ngày</N><M>1/3</M></NP><com>,</com><VP syntax="SUB"><R>đã</R><V syntax="H">nhất trí</V><PP><E syntax="H">với</E><NP><N syntax="H">dự thảo</N></NP></PP><PP><E syntax="H">về</E><NP><N syntax="H">việc</N><VP><V syntax="H">thành lập</V><NP><NP><NP><R>mới</R><N syntax="H">ủy ban</N><N>Pháp luật</N></NP><com>,</com><NP><N syntax="H">ủy ban</N><N>Tư pháp</N></NP><com>,</com><NP><N syntax="H">ủy ban</N><N>Kinh tế</N></NP><C>và</C><NP><N syntax="H">ủy ban</N><N>Tài chính</N></NP><com>,</com><NP><N syntax="H">ngân sách</N><PP><E syntax="H">trên</E><NP><N syntax="H">cơ sở</N><VP><V syntax="H">tách</V><NP><N syntax="H">ủy ban</N><Np>Pháp luật</Np></NP></VP></NP></PP></NP><C>và</C><NP><N syntax="H">ủy ban</N><N>Kinh tế</N></NP></NP><com>,</com><C>và</C><NP><N syntax="H">Ngân sách</N><N>hiện nay</N></NP></NP></VP></NP></PP></VP><dot>.</dot></S></SENTENCE></root>