<?xml version="1.0" ?><root><SENTENCE id="1"><S><NP syntax="SUB"><N syntax="H">Thông báo</N><PP><E syntax="H">của</E><NP><N syntax="H">Bộ</N><Np>Ngoại</Np><VP><V syntax="H">giao</V><NP><Np syntax="H">Mỹ</Np></NP></VP></NP></PP></NP><VP><V syntax="H">nêu</V><AP><A syntax="H">rõ</A></AP><com>,</com><SBAR><S><NP syntax="SUB"><Np syntax="H">Iran</Np></NP><VP><V syntax="H">phải</V><VP><V syntax="H">lựa chọn</V><PP><E syntax="H">giữa</E><VP><V syntax="H">hợp tác</V><C>và</C><V syntax="H">đối đầu</V></VP></PP></VP></VP></S></SBAR></VP><dot>.</dot></S></SENTENCE></root>