<?xml version="1.0" ?><root><SENTENCE id="1"><S><S><C>Mặc dù</C><VP><V syntax="H">là</V><NP><M>một</M><E>trong</E><L>những</L><N syntax="H">tỉnh</N><NP><N syntax="H">miền</N><N>núi</N><NP><N syntax="H">biên giới</N></NP></NP></NP></VP><C>còn</C><VP><V syntax="H">gặp</V><NP><R>rất</R><A>nhiều</A><N syntax="H">khó khăn</N></NP></VP></S><com>,</com><S><C>song</C><NP syntax="SUB">Hà Giang</NP><VP><R>đã</R><V syntax="H">đạt</V><R>được</R><NP><A>nhiều</A><N syntax="H">thành tích</N><A>quan trọng</A><PP><E syntax="H">trong</E><NP><N syntax="H">sự nghiệp</N><V>giáo dục</V></NP></PP></NP></VP></S><dot>.</dot></S></SENTENCE></root>