<?xml version="1.0" ?><root><SENTENCE id="1"><S><S><NP syntax="SUB"><N syntax="H">Xã luận</N><PP><E syntax="H">của</E><NP><N syntax="H">báo</N><N>Nhân dân</N></NP></PP></NP><VP><V syntax="H">khẳng định</V></VP></S><com>,</com><S><NP syntax="SUB"><N syntax="H">tiềm năng</N><V>hợp tác</V><PP><E syntax="H">của</E><NP><M>hai</M><N syntax="H">nước</N></NP></PP></NP><AP><R>còn</R><R>rất</R><A syntax="H">lớn</A></AP></S><com>,</com><X>nhất là</X><PP><E syntax="H">trong</E><NP><L>các</L><N syntax="H">lĩnh vực</N><NP><N syntax="H">thủy điện</N><com>,</com><NP><N syntax="H">giáo dục</N></NP><com>,</com><NP><N syntax="H">đào tạo</N></NP></NP></NP></PP><com>,</com><NP syntax="SUB"><NP><N syntax="H">y tế</N></NP><com>,</com><NP><N syntax="H">nông nghiệp</N></NP><C>và</C><VP><V syntax="H">phát triển</V><NP><N syntax="H">nông thôn</N></NP></VP></NP><dot>.</dot></S></SENTENCE></root>