<?xml version="1.0" ?><root><SENTENCE id="1"><S><PP><E syntax="H">Trong</E><NP><N syntax="H">số</N><NP><L>những</L><N syntax="H">mặt hàng</N><VP><V syntax="H">được</V><VP><V syntax="H">đưa</V><PP><E syntax="H">vào</E><NP><N syntax="H">danh mục</N><A>ưu đãi</A></NP></PP><NP><N syntax="H">lần</N><P>này</P></NP></VP></VP></NP></NP></PP><com syntax="SUB">,</com><VP syntax="SUB"><V syntax="H">có</V><NP><NP><N syntax="H">dược phẩm</N></NP><com>,</com><NP><N syntax="H">đồ</N><N>nhựa</N></NP><com>,</com><NP><N syntax="H">sắt thép</N></NP><com>,</com><NP><N syntax="H">máy móc</N></NP><C>và</C><NP><N syntax="H">phụ tùng</N></NP><com>,</com><NP><N syntax="H">dầu</N><VP><V syntax="H">chạy</V><NP><N syntax="H">xe lửa</N></NP></VP></NP><C>và</C><NP><N syntax="H">dụng cụ</N><VP><V syntax="H">phẫu thuật</V><NP><N syntax="H">y khoa</N></NP></VP></NP></NP></VP><dot>.</dot></S></SENTENCE></root>