<?xml version="1.0" ?><root><SENTENCE id="1"><S><S><NP syntax="SUB"><Ny>Dự kiến</Ny><Np>Quỹ đầu</Np><M>tư</M></NP><VP><V syntax="H">mạo hiểm</V><VP><V syntax="H">hỗ trợ</V><NP><N syntax="H">hoạt động</N><VP><V syntax="H">ươm</V><VP><V syntax="H">tạo</V><NP><N syntax="H">công nghệ cao</N></NP></VP></VP></NP></VP></VP></S><com>,</com><C>và</C><S><NP syntax="SUB"><N syntax="H">doanh nghiệp</N><N>công nghệ cao</N></NP><VP><R>sẽ</R><V syntax="H">đi</V><VP><V syntax="H">vào</V><VP><V syntax="H">hoạt động</V><PP><E syntax="H">từ</E><NP><N syntax="H">cuối</N><NP><N syntax="H">năm</N><P>nay</P></NP></NP></PP></VP></VP></VP></S><dot>.</dot></S></SENTENCE></root>