<?xml version="1.0" ?><root><SENTENCE id="1"><S><PP><E syntax="H">Trong</E><NP><N syntax="H">khi</N><P>đó</P></NP></PP><com>,</com><NP syntax="SUB"><N syntax="H">bạo lực</N></NP><VP><VP><R>vẫn</R><V syntax="H">tiếp diễn</V><PP><E syntax="H">trên</E><NP><N syntax="H">lãnh thổ</N><VP><V syntax="H">i</V><eds>-</eds><V syntax="H">rắc</V></VP></NP></PP></VP><com>,</com><VP><V syntax="H">làm</V><NP><X>ít nhất</X><M>11</M><N syntax="H">người</N></NP><VP><V syntax="H">thiệt mạng</V></VP></VP></VP><dot>.</dot></S></SENTENCE></root>