<?xml version="1.0" ?><root><SENTENCE id="1"><S><S><NP syntax="SUB"><Np syntax="H">Việt Nam</Np></NP><VP><V syntax="H">có</V><NP><M>hai</M><N syntax="H">đại diện</N><VP><V syntax="H">là</V><NP><N syntax="H">đỗ Huy Long</N></NP></VP></NP></VP></S><com>,</com><C>và</C><S><NP syntax="SUB"><Np syntax="H">Nguyễn Hữu Việt</Np></NP><com>,</com><VP><V syntax="H">thi đấu</V><PP><E syntax="H">ở</E><NP><N syntax="H">cự ly</N><Np>50m</Np><com>,</com><NP><Np syntax="H">100m</Np></NP></NP><C>và</C><NP><M>200</M><N syntax="H">ếch</N></NP></PP></VP></S><dot>.</dot></S></SENTENCE></root>