<?xml version="1.0" ?><root><SENTENCE id="1"><S><NP syntax="SUB"><N syntax="H">Thiết bị</N><com>,</com><N syntax="H">công nghệ</N><AP><A syntax="H">lạc hậu</A></AP></NP><VP><R>còn</R><V syntax="H">dẫn</V><R>đến</R><NP><N syntax="H">tiêu</N><VP><VP><V syntax="H">tốn</V><NP><N syntax="H">nguyên liệu</N></NP></VP><com>,</com><VP><V syntax="H">ô nhiễm</V><NP><N syntax="H">môi trường</N></NP></VP><com>,</com><VP><V syntax="H">ảnh hưởng</V><PP><E syntax="H">đến</E><NP><N syntax="H">sức khỏe</N><N>cộng đồng</N></NP></PP></VP></VP></NP></VP><dot>.</dot></S></SENTENCE></root>