<?xml version="1.0" ?><root><SENTENCE id="1"><S><PP><E syntax="H">Với</E><NP><N syntax="H">việc</N><V>bổ nhiệm</V><P>này</P></NP></PP><com>,</com><NP syntax="SUB"><NP><N syntax="H">lần</N><A>đầu tiên</A><PP><E syntax="H">trong</E><NP><N syntax="H">lịch sử</N></NP></PP><com>,</com><NP><N syntax="H">ốt</N></NP></NP><eds>-</eds><NP><N syntax="H">xơ-trây-li</N><eds>-</eds><N>a</N></NP></NP><VP><V syntax="H">có</V><NP><M>một</M><N syntax="H">phụ nữ</N><VP><V syntax="H">trở thành</V><NP><N syntax="H">đại diện</N><PP><E syntax="H">của</E><NP><N syntax="H">Nữ hoàng</N><Np>Anh</Np></NP></PP></NP></VP><com>,</com><PP><E syntax="H">tại</E><NP><N syntax="H">quốc gia</N><P>này</P></NP></PP></NP></VP><dot>.</dot></S></SENTENCE></root>