<?xml version="1.0" ?><root><SENTENCE id="1"><S><PP><E syntax="H">Theo</E><VP><V syntax="H">ước tính</V></VP></PP><com>,</com><PP><E syntax="H">trong</E><NP><M>một</M><N syntax="H">thời gian</N><A>ngắn</A></NP></PP><com syntax="SUB">,</com><VP syntax="SUB"><R>đã</R><V syntax="H">có</V><NP><A>khoảng</A><M>20.000</M><N syntax="H">người</N><VP><V syntax="H">bị</V><VP><V syntax="H">lừa đảo</V><PP><E syntax="H">qua</E><NP><N syntax="H">hình thức</N><P>này</P></NP></PP></VP></VP><com>,</com><PP><E syntax="H">với</E><NP><N syntax="H">tổng số</N><N>tiền</N><VP><V>bị</V><V syntax="H">lừa</V><XP><X>ít nhất</X></XP></VP></NP></PP><com>,</com><NP><M>160</M><N syntax="H">tỷ</N><N>đồng</N></NP></NP></VP><dot>.</dot></S></SENTENCE></root>