<?xml version="1.0" ?><root><SENTENCE id="1"><S><S><NP syntax="SUB"><N syntax="H">Bộ</N><VP><VP><V syntax="H">Nông</V><NP><N syntax="H">nghiệp</N></NP></VP><C>và</C><VP><V syntax="H">Phát triển</V><NP><Np syntax="H">Nông thôn</Np></NP></VP></VP></NP><VP><R>đang</R><V syntax="H">xem xét</V></VP></S><com>,</com><NP syntax="SUB"><N syntax="H">việc</N><V>cho phép</V><NP><N syntax="H">ấp</N></NP></NP><VP><V syntax="H">nở</V><com>,</com><VP><V syntax="H">nuôi</V><NP><R>mới</R><Nc syntax="H">đàn</Nc><N>vịt</N><PP><PP><E syntax="H">từ</E><NP><N syntax="H">ngày</N><M>1/8</M></NP></PP><com>,</com><PP><E syntax="H">theo</E><NP><N syntax="H">phương thức</N><N>chăn nuôi</N><A>mới</A></NP></PP></PP></NP></VP></VP><dot>.</dot></S></SENTENCE></root>