<?xml version="1.0" ?><root><SENTENCE id="1"><S><NP syntax="SUB"><N syntax="H">Việc</N><VP><A>ồ ạt</A><V syntax="H">xuất khẩu</V><NP><N syntax="H">phôi</N><N>thép</N></NP><C>như</C><NP><N syntax="H">hiện nay</N></NP></VP><com>,</com><VP><R>sẽ</R><V syntax="H">khiến</V><R>cho</R><NP><N syntax="H">nguồn</N><N>phôi</N><N>thép</N><PP><E syntax="H">trong</E><NP><N syntax="H">nước</N></NP></PP><VP><V syntax="H">bị</V><VP><V syntax="H">thiếu hụt</V></VP></VP></NP></VP></NP><com>,</com><VP syntax="SUB"><V syntax="H">ảnh hưởng</V><PP><E syntax="H">đến</E><NP><N syntax="H">nguồn</N><N>nguyên liệu</N><VP><V syntax="H">sản xuất</V><NP><N syntax="H">thép</N></NP></VP></NP></PP></VP><com>,</com><C>và</C><NP syntax="SUB"><N syntax="H">khả năng</N><VP><V syntax="H">bình ổn</V><N>giá</N><PP><E syntax="H">trong</E><NP><N syntax="H">nước</N></NP></PP></VP></NP><dot>.</dot></S></SENTENCE></root>