<?xml version="1.0" ?><root><SENTENCE id="1"><S><PP><E syntax="H">Trong</E><NP><A>quý</A><M>một</M><N syntax="H">năm</N><P>nay</P></NP></PP><com syntax="SUB">,</com><VP syntax="SUB"><V syntax="H">có</V><NP><M>3</M><N syntax="H">dự án</N><A>lớn</A></NP></VP><VP><V syntax="H">thuộc</V><NP><L>các</L><N syntax="H">ngành</N><NP><N syntax="H">kinh tế</N><N>mũi nhọn</N></NP><VP><V syntax="H">đầu tư</V><PP><E syntax="H">vào</E><NP><L>các</L><N syntax="H">khu</N><P>này</P></NP></PP></VP><com>,</com><PP><E syntax="H">trong</E><NP><P syntax="H">đó</P><VP><V syntax="H">có</V><NP><NP><M>2</M><N syntax="H">dự án</N><N>cơ khí</N></NP><C>và</C><NP><M>1</M><N syntax="H">dự án</N><S>hóa</S><N>nhựa</N></NP></NP></VP></NP></PP></NP></VP><dot>.</dot></S></SENTENCE></root>