<?xml version="1.0" ?><root><SENTENCE id="1"><S><PP><E syntax="H">Theo</E><NP><N syntax="H">đoàn</N><V>tìm kiếm</V></NP></PP><com>,</com><PP syntax="SUB"><E syntax="H">tại</E><NP><N syntax="H">nơi</N></NP></PP><VP syntax="ADV"><V>được</V><V syntax="H">thông báo</V><VP><V syntax="H">có</V><NP><Nc syntax="H">vết</Nc><N>dầu</N><AP><A syntax="H">loang</A></AP><com>,</com><SBAR><S><PP><PP><E syntax="H">ở</E><NP><N syntax="H">cách</N><N>Vũng Tàu</N><NP><A>khoảng</A><M>30</M><Nu syntax="H">hải lý</Nu></NP><PP><E syntax="H">về</E><NP><N syntax="H">phía</N><N>đông</N></NP><com>,</com><NP><N syntax="H">gió</N><N>biển</N><A>mạnh</A><NP><N syntax="H">cấp</N><M>5</M></NP></NP></PP></NP></PP><PP><E syntax="H">đến</E><NP><N syntax="H">cấp</N><M>6</M></NP></PP></PP><com>,</com><S><NP syntax="SUB"><N syntax="H">sóng</N><N>biển</N></NP><AP><A>cao</A><PP><E syntax="H">tới</E><NP><N syntax="H">3m</N></NP></PP></AP></S><com>,</com><C>nên</C><S><NP syntax="SUB"><N syntax="H">công tác</N><V>tìm kiếm</V></NP><AP><R>rất</R><A syntax="H">khó khăn</A></AP></S></S></SBAR></NP></VP></VP><dot>.</dot></S></SENTENCE></root>