<?xml version="1.0" ?><root><SENTENCE id="1"><S><PP><E syntax="H">Trong</E><NP><N syntax="H">khi</N><SBAR><S><NP syntax="SUB"><R>rất</R><A>nhiều</A><N syntax="H">gia đình</N><AP><A syntax="H">giàu có</A></AP><com>,</com><VP><VP><R>đã</R><V syntax="H">chuyển</V><R>đi</R><NP><N syntax="H">nơi</N><A>khác</A></NP></VP><VP><V syntax="H">sinh sống</V><com>,</com><PP><E syntax="H">vì</E><VP><V syntax="H">lo sợ</V><NP><L>những</L><Nc syntax="H">trận</Nc><N>bão</N><AP><A syntax="H">mới</A></AP></NP></VP></PP></VP></VP></NP><VP><R>có thể</R><V syntax="H">ập</V><PP><E syntax="H">đến</E><NP><R>bất cứ</R><P syntax="H">lúc nào</P></NP></PP></VP></S></SBAR></NP></PP><com>,</com><NP syntax="SUB"><M>90%</M><N syntax="H">người</N><NP><Np syntax="H">Việt</Np></NP></NP><VP><R>đã</R><V syntax="H">trở về</V><com>,</com><V syntax="H">góp phần</V><PP><E syntax="H">vào</E><NP><Nc syntax="H">sự</Nc><V>hồi sinh</V><PP><E syntax="H">của</E><NP><N syntax="H">địa phương</N></NP></PP></NP></PP></VP><dot>.</dot></S></SENTENCE></root>