<?xml version="1.0" ?><root><SENTENCE id="1"><S><S><NP syntax="SUB"><N syntax="H">Tháng</N><M>5</M><NP><N syntax="H">năm ngoái</N></NP><com>,</com><NP><A>hơn</A><M>40.000</M><N syntax="H">lính</N></NP><C>và</C><NP><N syntax="H">cảnh sát</N><N>i</N></NP></NP><eds>-</eds><VP><VP><V syntax="H">rắc</V><R>được</R><NP><N syntax="H">lục quân</N><C>và</C><NP><N syntax="H">không quân</N><Np>Mỹ</Np></NP></NP><VP><V syntax="H">yểm trợ</V></VP></VP><com>,</com><VP><R>cũng</R><R>đã</R><V syntax="H">tiến hành</V><NP><N syntax="H">chiến dịch</N><N>an ninh</N><N>quy mô</N><AP><A syntax="H">lớn</A></AP></NP><VP><V syntax="H">mang</V><N>tên</N><NP><quo>"</quo><N syntax="H">Tia</N><N>chớp</N><quo>"</quo></NP></VP></VP><com>,</com><VP><V syntax="H">nhằm</V><VP><V syntax="H">trấn an</V><NP><N syntax="H">lực lượng</N><N>nổi dậy</N></NP></VP></VP></VP></S><com>,</com><C>song</C><S><NP syntax="SUB"><N syntax="H">kết quả</N><C>là</C><N syntax="H">bạo lực</N></NP><VP><R>vẫn</R><R>không</R><V syntax="H">hề</V><V syntax="H">thuyên giảm</V></VP></S><dot>.</dot></S></SENTENCE></root>