<?xml version="1.0" ?><root><SENTENCE id="1"><S><NP syntax="SUB"><N syntax="H">Khi</N><SBAR><S><NP syntax="SUB"><N syntax="H">đội tuyển</N><Np>U23</Np></NP><VP><V syntax="H">đi</V><V syntax="H">dự</V><NP><Np syntax="H">Sea Gamé</Np><M>23</M></NP></VP></S></SBAR></NP><com>,</com><NP syntax="SUB"><Np syntax="H">Lý Quốc Kỳ</Np></NP><VP><VP><R>đã</R><V syntax="H">bàn</V><PP><E syntax="H">với</E><NP><N syntax="H">Trương Tấn Hải</N></NP></PP><NP><N syntax="H">kế hoạch</N><V>cá độ</V></NP></VP><C>và</C><VP><V syntax="H">được</V><SBAR><S><NP syntax="SUB">Hải</NP><VP><V syntax="H">ủng hộ</V></VP></S></SBAR></VP></VP><dot>.</dot></S></SENTENCE></root>