<?xml version="1.0" ?><root><SENTENCE id="1"><S><C>đồng thời</C><com>,</com><S><PP><E syntax="H">với</E><NP><N syntax="H">chương trình</N></NP></PP><VP><R>còn</R><V syntax="H">có</V><NP><N syntax="H">Triển lãm</N><NP><N syntax="H">ảnh</N><PP><E syntax="H">về</E><NP><N syntax="H">nạn nhân</N><NP><N syntax="H">chất độc</N><N>da cam</N></NP></NP></PP></NP></NP></VP></S><com>,</com><C>và</C><NP syntax="SUB"><Nc syntax="H">sự</Nc><V>giúp đỡ</V><com>,</com><V>ủng hộ</V><PP><E syntax="H">của</E><NP><N syntax="H">bạn bè</N></NP></PP><AP><A syntax="H">quốc tế</A></AP></NP><dot>.</dot></S></SENTENCE></root>