<?xml version="1.0" ?><root><SENTENCE id="1"><S><S><NP syntax="SUB"><P syntax="H">Lệnh</P></NP><VP><VP><V syntax="H">chống</V><NP><N syntax="H">dịch</N><A>khẩn cấp</A></NP></VP><VP><V syntax="H">được</V><VP><V syntax="H">phát</V><R>ra</R></VP></VP></VP></S><com>,</com><S><NP syntax="SUB"><L>các</L><N syntax="H">phương tiện</N></NP><VP><V syntax="H">cấp cứu</V><com>,</com><V syntax="H">vận chuyển</V></VP></S><com>,</com><S><NP syntax="SUB"><N syntax="H">khu vực</N><VP><V syntax="H">cách ly</V><R>được</R></VP></NP><VP><V syntax="H">chuẩn bị</V><AP><A syntax="H">sẵn sàng</A></AP></VP></S><dot>.</dot></S></SENTENCE></root>