<?xml version="1.0" ?><root><SENTENCE id="1"><S><PP><PP><E syntax="H">Nhờ</E><VP><V syntax="H">có</V><NP><N syntax="H">Chương trình</N><com>,</com><NP><N syntax="H">thị trường</N><N>nước sạch</N></NP><VP><R>đã</R><V syntax="H">hình thành</V><A>rõ</A><PP><E syntax="H">tại</E><NP><NP><M>hai</M><N syntax="H">vùng</N><NP><N syntax="H">khu vực</N><N>đồng bằng</N><Np>Cửu Long</Np></NP></NP><com>,</com><C>và</C><NP><N syntax="H">đồng bằng</N><N>sông</N><Np>Hồng</Np></NP></NP></PP></VP></NP></VP></PP><com>,</com><PP><E syntax="H">theo</E><NP><N syntax="H">hướng</N><VP><V syntax="H">chuyển</V><R>dần</R><PP><E syntax="H">từ</E><NP><L>các</L><N syntax="H">công trình</N></NP></PP></VP></NP></PP></PP><VP syntax="ADV"><VP><V syntax="H">cấp nước</V><AP><A>nhỏ lẻ</A><PP><E syntax="H">theo</E><NP><N syntax="H">hộ</N><N>gia đình</N></NP></PP></AP></VP><com>,</com><VP><V syntax="H">thành</V><NP><L>các</L><N syntax="H">công trình</N><V>cấp nước</V><VP><V syntax="H">tập trung</V><NP><N syntax="H">quy mô</N></NP><PP><E syntax="H">cho</E><NP><N syntax="H">thôn</N><com>,</com><N>bản</N></NP><com>,</com><NP><N syntax="H">ấp</N><com>,</com><N>xã</N></NP></PP></VP></NP></VP></VP><dot>.</dot></S></SENTENCE></root>