<?xml version="1.0" ?><root><SENTENCE id="1"><S><NP syntax="SUB"><L>Các</L><N syntax="H">chuyên gia</N><NP><N syntax="H">dự đoán</N><N>tình trạng</N></NP></NP><VP><VP><V syntax="H">nhập khẩu</V><A>ồ ạt</A><NP><N syntax="H">thép</N><Np>Trung Quốc</Np></NP><NP><N syntax="H">giá</N><A>rẻ</A></NP></VP><com>,</com><VP><R>sẽ</R><V syntax="H">khiến</V><NP><N syntax="H">thép</N><V>sản xuất</V><PP><E syntax="H">trong</E><NP><N syntax="H">nước</N></NP></PP><AP><A>khó</A><VP><V syntax="H">có</V><NP><N syntax="H">khả năng</N><VP><V syntax="H">tiêu thụ</V><PP><E syntax="H">trong</E><NP><N syntax="H">thời gian</N><V>tới</V></NP></PP></VP></NP></VP></AP></NP></VP></VP><dot>.</dot></S></SENTENCE></root>