<?xml version="1.0" ?><root><SENTENCE id="1"><S><NP syntax="SUB"><L>Các</L><N syntax="H">huy chương</N><A>vàng</A><PP><E syntax="H">của</E><NP><Np syntax="H">Việt Nam</Np></NP></PP></NP><com>,</com><VP syntax="SUB"><V syntax="H">thuộc</V><PP><E syntax="H">về</E><NP><L>các</L><N syntax="H">nghề</N><VP><V syntax="H">vẽ</V><N>thiết kế</N></VP><PP><E syntax="H">trên</E><NP><NP><N syntax="H">máy vi tính</N></NP><com>,</com><NP><N syntax="H">điện tử</N><N>ứng dụng</N></NP><com>,</com><NP><N syntax="H">mộc</N><N>mỹ nghệ</N></NP></NP></PP></NP></PP></VP><dot>.</dot></S></SENTENCE></root>