<?xml version="1.0" ?><root><SENTENCE id="1"><S><PP><E syntax="H">Theo</E><NP><Nc syntax="H">ông</Nc><Np>Dũng</Np><com>,</com><NP><N syntax="H">tình trạng</N><V>ùn tắc</V><N>giao thông</N><PP><E syntax="H">ở</E><NP><M>hai</M><N syntax="H">thành phố</N><A>lớn</A></NP></PP></NP><com>,</com><NP><NP><Np syntax="H">Hà Nội</Np></NP><C>và</C><NP><N syntax="H">Thành phố</N><Np>Hồ Chí Minh</Np></NP></NP><com>,</com><VP><R>ngày càng</R><A syntax="H">nghiêm trọng</A></VP></NP></PP><com>,</com><NP syntax="SUB"><Np syntax="H">Hà Nội</Np></NP><VP><V syntax="H">có</V><NP><M>69</M><N syntax="H">điểm</N><com>,</com><SBAR><S><NP syntax="SUB"><N syntax="H">Thành phố</N><Np>Hồ Chí Minh</Np></NP><VP><V syntax="H">có</V><NP><M>92</M><N syntax="H">điểm</N><com>,</com><VP><R>thường</R><V syntax="H">xảy ra</V><V syntax="H">ùn tắc</V></VP></NP></VP></S></SBAR></NP></VP><dot>.</dot></S></SENTENCE></root>