<?xml version="1.0" ?><root><SENTENCE id="1"><S><NP syntax="SUB"><L>Những</L><N syntax="H">lĩnh vực</N><V>đầu tư</V><AP><A>đầy</A><NP><N syntax="H">triển vọng</N></NP></AP><P>này</P></NP><VP><V syntax="H">bao gồm</V><NP><L>các</L><N syntax="H">ngành</N><NP><N syntax="H">điện tử</N></NP><C>như</C><NP><N syntax="H">máy tính</N></NP><com>,</com><NP><N syntax="H">điện thoại</N></NP><C>và</C><NP><Nb syntax="H">Intẻnet</Nb></NP><com>,</com><NP><N syntax="H">đồ</N><NP><N syntax="H">điện</N><N>gia dụng</N></NP><com>,</com><VP><V syntax="H">sản xuất</V><NP><N syntax="H">hàng</N><N>công nghiệp nhẹ</N></NP></VP></NP><com>,</com><NP><N syntax="H">in ấn</N></NP><com>,</com><VP><V syntax="H">xuất bản</V></VP><com>,</com><NP><N syntax="H">phim ảnh</N></NP><com>,</com><NP><N syntax="H">thực phẩm</N></NP><C>và</C><NP><N syntax="H">đồ</N><V>uống</V></NP><com>,</com><NP><N syntax="H">nhà đất</N></NP><com>,</com><NP><N syntax="H">vật liệu</N><V>xây dựng</V></NP><com>,</com><NP><N syntax="H">ngành</N><N>cơ khí</N><N>nông nghiệp</N></NP><com>,</com><NP><N syntax="H">dược phẩm</N></NP><C>và</C><VP><V syntax="H">đánh bắt</V><NP><N syntax="H">hải sản</N></NP></VP></NP></VP><dot>.</dot></S></SENTENCE></root>