<?xml version="1.0" ?><root><SENTENCE id="1"><S><PP><E syntax="H">Trước</E><NP><P syntax="H">đó</P></NP></PP><com>,</com><NP syntax="SUB"><Nc syntax="H">đoàn</Nc><N>đại biểu</N><NP><N syntax="H">ủy ban</N><NP><N syntax="H">đối ngoại</N><PP><E syntax="H">của</E><NP><N syntax="H">Quốc hội</N><Np>Việt Nam</Np></NP></PP></NP></NP><com>,</com><SBAR><E syntax="H">do</E><S><NP syntax="SUB"><N syntax="H">đồng chí</N><Np>Vũ Mão</Np><com>,</com><NP><N syntax="H">ủy viên</N><N>Thường vụ</N><NP><N syntax="H">Quốc hội</N></NP><com>,</com><Np>Chủ nhiệm</Np></NP><NP><N syntax="H">ủy ban</N><N>đối ngoại</N></NP></NP><VP><V syntax="H">làm</V><NP><N syntax="H">Trưởng đoàn</N></NP></VP></S></SBAR></NP><AP><R>đã</R><A syntax="H">hội đàm</A><com>,</com><PP><E syntax="H">với</E><NP><N syntax="H">đoàn</N><N>đại biểu</N><NP><N syntax="H">ủy ban</N><N>đối ngoại</N><PP><E syntax="H">của</E><NP><N syntax="H">Quốc hội</N><Np>Trung Quốc</Np></NP></PP></NP></NP></PP></AP><dot>.</dot></S></SENTENCE></root>