<?xml version="1.0" ?><root><SENTENCE id="1"><S><S><NP syntax="SUB"><L>Các</L><N syntax="H">doanh nghiệp</N><N>nước ngoài</N></NP><VP><R>cũng</R><R>không thể</R><V syntax="H">ồ ạt</V><VP><V syntax="H">vào</V><NP><Np syntax="H">Việt Nam</Np></NP></VP><R>ngay</R><NP><M>một</M><N syntax="H">lúc</N></NP></VP></S><com>,</com><C>và</C><S><AP><R>có thể</R><A syntax="H">phải</A><T>đến</T><NP><N syntax="H">năm</N><M>2010</M></NP></AP><com>,</com><NP syntax="SUB"><N syntax="H">giá</N><NP><L>các</L><Nc syntax="H">loại</Nc><N>hàng</N></NP></NP><VP><V syntax="H">nhập khẩu</V><VP><R>mới</R><V syntax="H">giảm</V><V syntax="H">rõ rệt</V></VP></VP></S><dot>.</dot></S></SENTENCE></root>