<?xml version="1.0" ?><root><SENTENCE id="1"><S><NP syntax="SUB"><N syntax="H">Trường đại</N><V>học</V><NP><NP><Np syntax="H">Hà Nội</Np></NP><C>và</C><NP><N syntax="H">đại học</N><N>Thương mại</N><NP><Np syntax="H">Hà Nội</Np></NP></NP></NP></NP><com>,</com><VP syntax="SUB"><R>vừa</R><V syntax="H">ký</V><NP><N syntax="H">thoả thuận</N><PP><E syntax="H">về</E><NP><N syntax="H">Chương trình</N><V>hợp tác</V><NP><N syntax="H">Học viện</N><NP><Np syntax="H">Oracle</Np><C>với</C><Np>Công ty</Np><com>,</com><Np>Oracle</Np></NP></NP><com>,</com><NP><Ny>(</Ny><Np>Mỹ</Np></NP></NP></PP></NP></VP><dot>.</dot><RBKT>)</RBKT></S></SENTENCE></root>