<?xml version="1.0" ?><root><SENTENCE id="1"><S><NP syntax="SUB"><N syntax="H">Thông qua</N><Np>Quỹ Giáo</Np></NP><VP><V>dục</V><V>hiếu học</V><SBAR><S><NP syntax="SUB"><Np syntax="H">Huế</Np><com>,</com><NP><Nc syntax="H">chị</Nc><Np>Phan Thị Hiền Viên</Np><com>,</com><NP><Np syntax="H">Việt kiều</Np><Np>Mỹ</Np></NP></NP></NP><com>,</com><VP><R>vừa</R><V syntax="H">ủng hộ</V><NP><M>15.000</M><Nu syntax="H">USD</Nu><PP><E syntax="H">để</E><VP><V syntax="H">xây dựng</V><NP><N syntax="H">Trường</N><NP><N syntax="H">mẫu giáo</N><A>mầm non</A><com>,</com><PP><E syntax="H">tại</E><NP><N syntax="H">huyện</N><Np>Phú Vang</Np><com>,</com><NP><Np syntax="H">Thừa Thiên Huế</Np></NP></NP></PP></NP></NP></VP></PP></NP></VP></S></SBAR></VP><dot>.</dot></S></SENTENCE></root>