<?xml version="1.0" ?><root><SENTENCE id="1"><S><NP syntax="SUB"><Np syntax="H">Phạm Quốc Khánh</Np></NP><com>,</com><AP><R>vừa</R><A syntax="H">vô địch</A><NP><N syntax="H">thế giới</N><NP><N syntax="H">nội dung</N><NP><N syntax="H">nam</N><N>đao</N></NP></NP></NP><com>,</com><AP><A syntax="H">nổi bật</A></AP><PP><E syntax="H">trong</E><NP><N syntax="H">vai trò</N><N>ứng cử viên</N><NP><NP><N syntax="H">huy chương</N><A>vàng</A></NP><com>,</com><NP><N syntax="H">bộ</N><N>nam</N><NP><N syntax="H">quyền</N><N>nam</N></NP></NP></NP></NP></PP></AP><dot>.</dot></S></SENTENCE></root>