<?xml version="1.0" ?><root><SENTENCE id="1"><S><NP syntax="SUB"><N syntax="H">Thủ tướng</N></NP><VP><VP><R>cũng</R><V syntax="H">yêu cầu</V><NP><NP><L>các</L><N syntax="H">bộ</N></NP><com>,</com><NP><N syntax="H">ngành</N><C>và</C><N syntax="H">địa phương</N></NP></NP></VP><com>,</com><VP><V syntax="H">tăng cường</V><VP><V>tuần tra</V><V syntax="H">kiểm soát</V></VP></VP><com>,</com><VP><V syntax="H">xử lý</V><A>nghiêm</A><NP><L>các</L><N syntax="H">trường hợp</N><VP><V syntax="H">vi phạm</V><NP><N syntax="H">trật tự</N><com>,</com><NP><N syntax="H">an toàn</N><N>giao thông</N></NP><com>,</com><VP><V>hạn chế</V><V syntax="H">ùn tắc</V></VP><C>và</C><NP><N syntax="H">tai nạn</N><N>giao thông</N></NP></NP></VP><com>,</com><AP><A>đặc biệt</A><PP><E syntax="H">trong</E><NP><N syntax="H">dịp</N><N>lễ hội</N></NP></PP></AP></NP></VP><com>,</com><VP><R>đồng thời</R><V syntax="H">chỉ đạo</V><VP><V syntax="H">phòng ngừa</V><NP><N syntax="H">dịch bệnh</N><N>bùng phát</N></NP></VP></VP></VP><dot>.</dot></S></SENTENCE></root>