<?xml version="1.0" ?><root><SENTENCE id="1"><S><NP syntax="SUB"><N syntax="H">Dự án</N></NP><VP><R>cũng</R><V syntax="H">thành lập</V><NP><NP><M>31</M><N syntax="H">nhóm</N><N>ngành nghề</N></NP><com>,</com><NP><N syntax="H">ưu tiên</N><V>hướng dẫn</V></NP><com>,</com><NP><A>gần</A><M>350</M><N syntax="H">hộ</N><AP><A syntax="H">nghèo</A></AP></NP><C>và</C><NP><R>hàng</R><M>nghìn</M><N syntax="H">lao động</N><PP><E syntax="H">trong</E><NP><N syntax="H">công việc</N><VP><V syntax="H">chăn nuôi</V></VP></NP></PP></NP></NP><com>,</com><VP><V syntax="H">trồng trọt</V></VP><com>,</com><VP><V syntax="H">mua bán</V><A>nhỏ</A></VP><com>,</com><VP><V syntax="H">sản xuất</V><NP><S>tiểu</S><N syntax="H">thủ công nghiệp</N></NP></VP></VP><dot>.</dot></S></SENTENCE></root>