<?xml version="1.0" ?><root><SENTENCE id="1"><S><C>Dự kiến</C><com>,</com><NP syntax="SUB"><N syntax="H">khi</N><NP><N syntax="H">tuyến</N><N>đường</N><VP><V syntax="H">đi</V><R>vào</R><VP><V syntax="H">hoạt động</V></VP><PP><E syntax="H">từ</E><NP><N syntax="H">năm</N><M>2012</M></NP></PP></VP></NP></NP><com>,</com><VP syntax="SUB"><R>sẽ</R><VP><V>góp phần</V><V syntax="H">hạn chế</V><N>tai nạn</N></VP><com>,</com><VP><V syntax="H">ách tắc</V><NP><N syntax="H">giao thông</N></NP></VP><C>và</C><VP><V syntax="H">cải thiện</V><NP><N syntax="H">môi trường</N><N>đô thị</N></NP><PP><E syntax="H">ở</E><NP><N syntax="H">Thành phố</N><Np>Hồ Chí Minh</Np></NP></PP></VP></VP><dot>.</dot></S></SENTENCE></root>