<?xml version="1.0" ?><root><SENTENCE id="1"><S><S><NP syntax="SUB"><N syntax="H">đầu</N><NP><N syntax="H">năm</N><M>2008</M></NP></NP><com>,</com><NP syntax="SUB"><Ny>Tổng Công</Ny><V>ty</V></NP><VP><R>sẽ</R><V syntax="H">thi công</V><VP><V syntax="H">đóng</V><NP><NP><R>mới</R><N syntax="H">ụ</N><V>nổi</V></NP><com>,</com><NP><M>24.000</M><Nu syntax="H">tấn</Nu></NP></NP><com>,</com><PP><E syntax="H">để</E><VP><R>có thể</R><V syntax="H">đóng</V><A>mới</A><C>và</C><VP><V syntax="H">sửa chữa</V><NP><N syntax="H">tàu</N></NP></VP></VP></PP><com>,</com><NP><M>70.000</M><Nu syntax="H">tấn</Nu></NP><com>,</com><VP><V syntax="H">xây dựng</V><NP><N syntax="H">ụ</N><AP><A>khô</A><NP><M>300.000</M><Nu syntax="H">tấn</Nu></NP></AP></NP></VP><com>,</com><PP><E syntax="H">tại</E><NP><N syntax="H">khu</N><N>đất</N><AP><A syntax="H">mới</A></AP><PP><E syntax="H">của</E><NP><Np syntax="H">Tổng Công</Np></NP></PP></NP></PP><XP><X>ty</X></XP></VP></VP></S><com>,</com><C>và</C><S><NP syntax="SUB"><P syntax="H">đây</P></NP><VP><R>sẽ</R><V syntax="H">là</V><NP><Nc syntax="H">ụ</Nc><A>khô</A><AP><A>lớn</A><R>nhất</R><NP><N syntax="H">phía</N><NP><N syntax="H">khu vực</N><NP><N syntax="H">miền</N><Np>Bắc</Np></NP></NP></NP></AP></NP></VP></S><dot>.</dot></S></SENTENCE></root>