<?xml version="1.0" ?><root><SENTENCE id="1"><S><S><NP syntax="SUB"><M>Hai</M><N syntax="H">tuyến</N><N>du lịch</N></NP><com>,</com><VP syntax="SUB"><V syntax="H">có</V><NP><N syntax="H">sức</N><AP><A>hấp dẫn</A><A>cao</A></AP></NP></VP><com syntax="SUB">,</com><VP syntax="SUB"><V syntax="H">gồm</V><NP><N syntax="H">tuyến</N><N>hang</N><Np>Phong Nha</Np></NP></VP><com>,</com><NP syntax="SUB"><Ny>(</Ny></NP><VP><V syntax="H">đi</V><PP><E syntax="H">trong</E><NP><M>một</M><N syntax="H">ngày</N><X>)</X></NP></PP></VP></S><com>,</com><C>và</C><NP syntax="SUB"><NP><N syntax="H">tuyến</N><N>bản</N><N>đồng</N></NP><com>,</com><NP><N syntax="H">hang</N><N>én</N></NP><com>,</com><NP><N syntax="H">hang</N><Np>Khe Ri</Np></NP><com>,</com><quo>(</quo><VP><V syntax="H">đi</V><PP><E syntax="H">trong</E><NP><M>3</M><E>đến</E><M>5</M><N syntax="H">ngày</N></NP></PP></VP><td1>)</td1></NP><com>,</com><VP syntax="SUB"><R>sẽ</R><V syntax="H">được</V><VP><V syntax="H">ưu tiên</V><VP><V syntax="H">đưa</V><R>vào</R><VP><V syntax="H">khai thác</V></VP><PP><T>ngay</T><E syntax="H">trong</E><NP><N syntax="H">mùa</N><N>du lịch</N><NP><N syntax="H">năm</N><P>nay</P></NP></NP></PP></VP></VP></VP><dot>.</dot></S></SENTENCE></root>