<?xml version="1.0" ?><root><SENTENCE id="1"><S><S><NP syntax="SUB"><Nc syntax="H">ông</Nc><Np>Tô Huy Rứa</Np><com>,</com><NP><N syntax="H">yêu cầu</N><NP><L>các</L><N syntax="H">cơ quan</N><NP><N syntax="H">báo chí</N><A>nghiêm túc</A></NP></NP></NP></NP><VP><R>chỉ</R><V syntax="H">rõ</V><NP><L>những</L><N syntax="H">yếu kém</N></NP></VP></S><com>,</com><C>và</C><VP><V syntax="H">có</V><NP><N syntax="H">biện pháp</N><VP><V syntax="H">khắc phục</V><NP><L>những</L><N syntax="H">yếu kém</N><P>này</P></NP></VP></NP></VP><dot>.</dot></S></SENTENCE></root>