<?xml version="1.0" ?><root><SENTENCE id="1"><S><NP syntax="SUB"><Np syntax="H">Việt Nam</Np></NP><NP syntax="SUB"><N syntax="H">hiện</N></NP><VP><R>vẫn</R><V syntax="H">là</V><NP><M>một</M><E>trong</E><N syntax="H">số</N><NP><L>các</L><N syntax="H">nước</N><V>nhận</V><VP><V syntax="H">ODA</V><AP><A>nhiều</A><A>nhất</A></AP><PP><E syntax="H">từ</E><NP><N syntax="H">ốt</N><eds>-</eds><N>xơ-trây-li</N></NP><eds>-</eds><NP><N syntax="H">a</N></NP></PP></VP></NP></NP></VP><dot>.</dot></S></SENTENCE></root>