<?xml version="1.0" ?><root><SENTENCE id="1"><S><NP syntax="SUB"><N syntax="H">Vụ</N><VP><V syntax="H">sập</V><NP><N syntax="H">cầu</N></NP></VP></NP><VP><VP><V syntax="H">dẫn</V><NP><N syntax="H">cầu</N><Np>Cần Thơ</Np></NP><NP><N syntax="H">ngày</N><M>26/9</M></NP></VP><com>,</com><VP><V syntax="H">làm</V><NP><NP><M>53</M><N syntax="H">người</N><VP><V syntax="H">chết</V></VP></NP><com>,</com><NP><M>80</M><N syntax="H">người</N><V>bị thương</V></NP><C>và</C><NP><M>1</M><N syntax="H">người</N><V>mất tích</V></NP></NP></VP></VP><dot>.</dot></S></SENTENCE></root>