<?xml version="1.0" ?><root><SENTENCE id="1"><S><VP><V syntax="H">Dự kiến</V></VP><com>,</com><NP syntax="SUB"><N syntax="H">nhà máy</N></NP><VP><VP><V syntax="H">có</V><NP><N syntax="H">tổng</N><NP><N syntax="H">vốn</N><V>đầu tư</V><NP><N syntax="H">ban đầu</N><NP><A>khoảng</A><M>200</M><M>tỷ</M><Nu syntax="H">đồng</Nu></NP></NP></NP></NP></VP><com>,</com><VP><V syntax="H">ứng dụng</V><NP><N syntax="H">công nghệ</N><V>xử lý</V><N>chất thải</N><AP><A syntax="H">tiên tiến</A></AP></NP></VP><com>,</com><VP><V syntax="H">theo</V><NP><N syntax="H">tiêu chuẩn</N><Np>Hoa Kỳ</Np></NP></VP></VP><dot>.</dot></S></SENTENCE></root>