<?xml version="1.0" ?><root><SENTENCE id="1"><S><C>Mặc dù</C><NP syntax="SUB"><Np syntax="H">Inđônễia</Np><com>,</com><VP><VP><R>có thể</R><V syntax="H">nâng</V><NP><N syntax="H">sản lượng</N><VP><V>than</V><V syntax="H">khai thác</V></VP></NP></VP><com>,</com><VP><V syntax="H">lên</V><NP><M>400</M><M>triệu</M><Nu syntax="H">tấn</Nu></NP></VP><com>,</com><C>song</C><VP><V syntax="H">phải</V><VP><V syntax="H">ưu tiên</V><V syntax="H">đáp ứng</V><NP><N syntax="H">nhu cầu</N><VP><V syntax="H">sử dụng</V><N>than</N></VP></NP></VP></VP></VP></NP><VP><VP><V syntax="H">làm</V><NP><N syntax="H">nhiên liệu</N></NP></VP><com>,</com><VP><V syntax="H">cho</V><NP><L>các</L><N syntax="H">nhà máy</N><VP><V syntax="H">nhiệt điện</V><PP><E syntax="H">trong</E><NP><N syntax="H">nước</N></NP></PP></VP></NP></VP></VP><dot>.</dot></S></SENTENCE></root>