<?xml version="1.0" ?><root><SENTENCE id="1"><S><NP syntax="SUB"><Nc syntax="H">Giới</Nc><V>kinh doanh</V><NP><N syntax="H">nước ngoài</N></NP><VP><V syntax="H">đánh giá</V></VP></NP><com>,</com><PP><E syntax="H">với</E><NP><N syntax="H">nền</N><N>chính trị</N><AP><A syntax="H">ổn định</A></AP></NP><C>và</C><NP><M>một</M><N syntax="H">thị trường</N><N>trẻ</N></NP></PP><com>,</com><PP><E syntax="H">với</E><NP><L>đa số</L><N syntax="H">người</N><VP><V syntax="H">tiêu dùng</V><NP><A>dưới</A><M>30</M><N syntax="H">tuổi</N></NP></VP></NP></PP><com>,</com><C>thì</C><NP syntax="SUB"><Np syntax="H">Việt Nam</Np></NP><VP><R>đang</R><V syntax="H">là</V><NP><N syntax="H">nơi</N><N>tiềm năng</N><PP><E syntax="H">của</E><NP><N syntax="H">nhượng</N><NP><N syntax="H">quyền</N><N>thương mại</N></NP></NP></PP></NP></VP><dot>.</dot></S></SENTENCE></root>