<?xml version="1.0" ?><root><SENTENCE id="1"><S><PP><E syntax="H">Theo</E><NP><P syntax="H">đó</P></NP></PP><com>,</com><PP><E syntax="H">trong</E><NP><A>vòng</A><M>5</M><N syntax="H">năm</N><V>tới</V></NP></PP><com>,</com><NP syntax="SUB"><N syntax="H">ích-ra-en</N></NP><VP><R>có thể</R><R>sẽ</R><V syntax="H">trả</V><A>tự do</A><PP><E syntax="H">cho</E><NP><P>tất cả</P><L>các</L><N syntax="H">tù nhân</N><PP><E syntax="H">thuộc</E><NP><N syntax="H">mọi</N><NP><N syntax="H">phe phái</N><Np>Palẽtin</Np></NP></NP></PP></NP></PP><com>,</com><RP><R>đang</R></RP></VP><com syntax="SUB">,</com><VP syntax="SUB"><VP><V syntax="H">bị</V><VP><V syntax="H">giam giữ</V><PP><E syntax="H">ở</E><NP><N syntax="H">ích</N><eds>-</eds><N>ra-en</N></NP></PP></VP></VP><com>,</com><VP><V syntax="H">đổi</V><R>lại</R><NP><N syntax="H">phía</N><Np>Palẽtin</Np></NP></VP><VP><V syntax="H">phải</V><VP><V syntax="H">bảo đảm</V><NP><N syntax="H">an ninh</N></NP><PP><E syntax="H">cho</E><NP><N syntax="H">ích</N><eds>-</eds><N>ra-en</N></NP></PP></VP></VP></VP><com>,</com><PP><E syntax="H">bằng</E><NP><N syntax="H">cách</N><V>trấn áp</V><NP><N syntax="H">một cách</N><AP><A>hiệu quả</A><R>nhất</R></AP></NP></NP></PP><com>,</com><NP syntax="SUB"><L>các</L><N syntax="H">nhóm</N><V>khủng bố</V></NP><VP><V syntax="H">chống phá</V><NP><N syntax="H">ích</N><eds>-</eds><N>ra-en</N></NP></VP><dot>.</dot></S></SENTENCE></root>