<?xml version="1.0" ?><root><SENTENCE id="1"><S><NP><L>Các</L><N syntax="H">cấp</N><com>,</com><N>nhân dân</N></NP><C>và</C><NP syntax="SUB"><L>các</L><N syntax="H">nhà</N><N>hảo tâm</N><com>,</com><VP><VP><VP><V>cần</V><V syntax="H">tiếp tục</V><VP><V syntax="H">hỗ trợ</V><NP><N syntax="H">vật chất</N><C>và</C><N syntax="H">tinh thần</N></NP><PP><E syntax="H">để</E><VP><V syntax="H">giúp đỡ</V><NP><N syntax="H">nạn nhân</N><PP><E syntax="H">của</E><NP><N syntax="H">vụ</N><N>tai nạn</N></NP></PP></NP></VP></PP></VP></VP><com>,</com><VP><X>nhất là</X><V syntax="H">chôn cất</V><NP><L>những</L><N syntax="H">người</N><V>tử vong</V></NP></VP></VP><com>,</com><C>và</C><VP><V syntax="H">giúp</V><NP><N syntax="H">thân nhân</N><P>họ</P></NP><VP><V syntax="H">ổn định</V><NP><N syntax="H">cuộc sống</N></NP></VP></VP></VP></NP><dot>.</dot></S></SENTENCE></root>