<?xml version="1.0" ?><root><SENTENCE id="1"><S><C>Cơ cấu</C><NP syntax="SUB"><L>các</L><N syntax="H">nhà đầu tư</N></NP><VP><V syntax="H">có</V><VP><V syntax="H">tổ chức</V><R>được</R><VP><V syntax="H">phân bổ</V><PP><E syntax="H">theo</E><NP><N syntax="H">hướng</N><V>ưu tiên</V><PP><E syntax="H">cho</E><NP><L>các</L><N syntax="H">nhà đầu tư</N><A>dài hạn</A></NP><com>,</com><NP><L>các</L><N syntax="H">nhà đầu tư</N><VP><V syntax="H">có</V><NP><N syntax="H">chất lượng</N></NP></VP></NP></PP></NP></PP></VP></VP></VP><dot>.</dot></S></SENTENCE></root>