<?xml version="1.0" ?><root><SENTENCE id="1"><S><AP><A syntax="H">đặc biệt</A></AP><com syntax="SUB">,</com><VP syntax="SUB"><VP><V syntax="H">huy động</V><NP><N syntax="H">vốn</N><PP><E syntax="H">từ</E><NP><N syntax="H">khu vực</N><N>dân cư</N></NP></PP></NP></VP><com>,</com><VP><V syntax="H">tăng</V></VP></VP><QP syntax="SUB"><A>gần</A><M syntax="H">28%</M></QP><VP><V syntax="H">so</V><PP><E syntax="H">với</E><NP><N syntax="H">thời điểm</N><NP><N syntax="H">đầu</N><N>năm</N></NP></NP></PP></VP><dot>.</dot></S></SENTENCE></root>