<?xml version="1.0" ?><root><SENTENCE id="1"><S><PP><E syntax="H">đến</E><NP><P syntax="H">nay</P></NP></PP><com>,</com><NP syntax="SUB"><N syntax="H">việc</N><N>đạo</N></NP><VP><VP><R>đã</R><V syntax="H">đi</V><PP><E syntax="H">vào</E><AP><A>nền nếp</A><com>,</com><A>ổn định</A></AP></PP></VP><com>,</com><VP><VP><V syntax="H">tạo</V><NP><Nc syntax="H">sự</Nc><V>hài hòa</V></NP></VP><com>,</com><VP><V syntax="H">đồng thuận</V><PP><E syntax="H">trong</E><NP><N syntax="H">đại bộ phận</N><N>Chức sắc</N><VP><V syntax="H">hành đạo</V><PP><E syntax="H">tại</E><NP><NP><Np syntax="H">Tòa Thánh</Np></NP><C>và</C><NP><A>khắp</A><L>các</L><N syntax="H">địa phương</N></NP></NP></PP></VP></NP></PP></VP><sco>;</sco><VP><V syntax="H">được</V><NP><NP><L>các</L><N syntax="H">cấp</N><NP><N syntax="H">lãnh đạo</N><N>đảng</N></NP></NP><com>,</com><N>chính quyền</N><PP><PP><E syntax="H">từ</E><NP><N syntax="H">Trung ương</N></NP></PP><PP><E syntax="H">đến</E><NP><N syntax="H">cơ sở</N></NP></PP></PP></NP></VP><com>,</com><VP><V syntax="H">ủng hộ</V><C>và</C><V syntax="H">tin cậy</V></VP></VP></VP><dot>.</dot></S></SENTENCE></root>