<?xml version="1.0" ?><root><SENTENCE id="1"><S><NP syntax="SUB"><L>Các</L><N syntax="H">thuyền viên</N></NP><VP><R>đã</R><V syntax="H">được</V><SBAR><S><NP syntax="SUB"><NP><NP><N syntax="H">hỗ trợ</N></NP><com>,</com><NP><N syntax="H">áo quần</N></NP><com>,</com><NP><N syntax="H">thực phẩm</N></NP><com>,</com><NP><M>500.000</M><Nu syntax="H">đồng</Nu></NP></NP><com>,</com><C>và</C><NP><N syntax="H">ô tô</N></NP></NP><VP><V syntax="H">đưa</V><PP><E syntax="H">về</E><NP><N syntax="H">quê</N></NP></PP></VP></S></SBAR></VP><com>,</com><AP><A>riêng</A><PP><E syntax="H">đối với</E><NP><L>những</L><N syntax="H">người</N><NP><N syntax="H">sức khoẻ</N><A>yếu</A></NP><com>,</com><VP><V syntax="H">được</V><VP><V syntax="H">đưa</V><R>ngay</R><R>vào</R><NP><N syntax="H">Bệnh viện</N><Np>đà Nẵng</Np></NP><PP><E syntax="H">để</E><VP><V syntax="H">điều trị</V></VP></PP></VP></VP></NP></PP></AP><dot>.</dot></S></SENTENCE></root>