<?xml version="1.0" ?><root><SENTENCE id="1"><S><PP><E syntax="H">Theo</E><NP><L>các</L><N syntax="H">nhà khoa học</N><com>,</com><N syntax="H">hành tinh</N><N>trẻ</N><VP><R>vừa</R><V syntax="H">được</V><VP><VP><V syntax="H">phát hiện</V></VP><com>,</com><VP><V syntax="H">nằm</V><PP><E syntax="H">trong</E><NP><N syntax="H">chòm sao</N><Np>Kim Ngưu</Np><VP><V syntax="H">cách</V><NP><N syntax="H">trái đất</N></NP><NP><A>khoảng</A><M>520</M><Nu syntax="H">năm ánh sáng</Nu></NP></VP></NP></PP></VP><com>,</com><VP><V syntax="H">ước tính</V></VP></VP></VP></NP></PP><VP syntax="ADV"><R>chỉ</R><V syntax="H">có</V><NP><A>khoảng</A><M>1.600</M><N syntax="H">năm tuổi</N></NP></VP><dot>.</dot></S></SENTENCE></root>