<?xml version="1.0" ?><root><SENTENCE id="1"><S><VP><V syntax="H">Tình báo</V><NP><N syntax="H">quốc phòng</N><Np>Mỹ</Np></NP></VP><com>,</com><NP syntax="SUB"><N syntax="H">ước tính</N><V>chi tiêu</V><N>quân sự</N><NP><M>mỗi</M><N syntax="H">năm</N></NP><PP><E syntax="H">của</E><NP><Np syntax="H">Trung Quốc</Np></NP></PP><com>,</com><A>cao</A></NP><VP><V syntax="H">gấp</V><NP><M>3</M><N syntax="H">lần</N><VP><VP><V syntax="H">so</V><PP><E syntax="H">với</E><NP><N syntax="H">thống kê</N><A>chính thức</A><NP><N syntax="H">năm</N><P>nay</P></NP></NP></PP></VP><VP><V syntax="H">là</V><NP><M>35</M><M>tỷ</M><Nu syntax="H">USD</Nu></NP></VP></VP></NP></VP><dot>.</dot></S></SENTENCE></root>