<?xml version="1.0" ?><root><SENTENCE id="1"><S><NP syntax="SUB"><N syntax="H">Giá</N><NP><L>các</L><Nc syntax="H">loại</Nc><N>cổ phiếu</N><NP><N syntax="H">sàn</N><NP><Np syntax="H">Hà Nội</Np></NP></NP></NP><com>,</com><VP><R>cũng</R><V syntax="H">tăng</V><AP><A>mạnh</A><PP><E syntax="H">trong</E><NP><N syntax="H">phiên</N><P>này</P></NP></PP></AP></VP><com>,</com><PP><E syntax="H">với</E><NP><N syntax="H">khối lượng</N><VP><V>đặt</V><V syntax="H">mua</V><AP><A syntax="H">ồ ạt</A></AP></VP></NP></PP><com>,</com><PP><E syntax="H">trong</E><NP><N syntax="H">khi</N><SBAR><S><NP syntax="SUB"><N syntax="H">cột</N></NP><VP><V syntax="H">bán</V></VP></S></SBAR></NP></PP></NP><AP><R>gần như</R><A syntax="H">trống trơn</A></AP><dot>.</dot></S></SENTENCE></root>