<?xml version="1.0" ?><root><SENTENCE id="1"><S><NP syntax="SUB"><N syntax="H">Bộ</N><Ny>Tài</Ny><AP><A syntax="H">chính</A></AP></NP><VP><VP><R>đã</R><V syntax="H">ấn định</V><NP><M>5h</M><N syntax="H">chiều</N><M>8/10</M></NP></VP><VP><V syntax="H">là</V><NP><N syntax="H">thời hạn</N><N>chót</N></NP></VP><com>,</com><VP><V syntax="H">để</V><NP><L>các</L><N syntax="H">thể chế</N><N>tài chính</N><A>ứng cử</A></NP><PP><E syntax="H">cho</E><NP><L>những</L><N syntax="H">vị trí</N><N>trên</N></NP></PP></VP></VP><dot>.</dot></S></SENTENCE></root>