<?xml version="1.0" ?><root><SENTENCE id="1"><S><PP><E syntax="H">Với</E><NP><NP><N syntax="H">bàn tay</N><A>tài hoa</A></NP><C>và</C><NP><N syntax="H">óc</N><A>sáng tạo</A></NP></NP></PP><com>,</com><NP syntax="SUB"><NP><L>những</L><N syntax="H">chàng trai</N></NP><com>,</com><NP><N syntax="H">cô gái</N><PP><E syntax="H">của</E><NP><quo>"</quo><Np>Mai Hà Nội</Np><quo>"</quo></NP></PP></NP></NP><com>,</com><VP syntax="SUB"><R>đã</R><V syntax="H">tạo</V><R>ra</R><NP><L>những</L><N syntax="H">đồ dùng</N><A>có ích</A><PP><E syntax="H">để</E><VP><V syntax="H">thu gom</V><NP><NP><N syntax="H">rác</N><PP><E syntax="H">trong</E><NP><N syntax="H">nhà hàng</N></NP></PP></NP><com>,</com><NP><N syntax="H">quán ăn</N></NP></NP></VP></PP></NP></VP><dot>.</dot></S></SENTENCE></root>