<?xml version="1.0" ?><root><SENTENCE id="1"><S><VP><V syntax="H">Tuyên bố chung</V><NP><N syntax="H">ngày</N><M>1/3</M><PP><E syntax="H">của</E><NP><N syntax="H">Bộ</N><Np>Ngoại</Np><VP><V syntax="H">giao</V><NP><Np syntax="H">Mỹ</Np></NP></VP></NP></PP></NP></VP><com>,</com><C>và</C><NP syntax="SUB"><N syntax="H">đại sứ quán</N><N>ích</N><eds>-</eds><NP><N syntax="H">ra-en</N></NP></NP><com>,</com><PP><E syntax="H">tại</E><NP><Np syntax="H">Mỹ</Np><VP><V syntax="H">nêu</V><R>rõ</R></VP></NP></PP><com>,</com><NP syntax="SUB"><N syntax="H">ích-ra-en</N></NP><VP><R>vẫn</R><V syntax="H">là</V><NP><N syntax="H">nước</N><VP><V syntax="H">được</V><SBAR><S><NP syntax="SUB"><Np syntax="H">Mỹ</Np></NP><VP><V syntax="H">ưu tiên</V><N>hàng đầu</N><PP><E syntax="H">trong</E><NP><L>các</L><N syntax="H">chương trình</N><VP><V syntax="H">viện trợ</V><NP><N syntax="H">nước ngoài</N></NP></VP></NP></PP></VP></S></SBAR></VP></NP></VP><dot>.</dot></S></SENTENCE></root>