<?xml version="1.0" ?><root><SENTENCE id="1"><S><NP syntax="SUB"><M>Hai</M><N syntax="H">gói thầu</N><M>2</M><C>và</C><M>4</M></NP><com>,</com><VP syntax="SUB"><VP><V syntax="H">gồm</V><NP><L>các</L><N syntax="H">hạng mục</N></NP></VP><com>,</com><VP><V syntax="H">mở rộng</V><NP><N syntax="H">khẩu độ</N><NP><L>các</L><N syntax="H">cầu</N><N>đường sắt</N></NP></NP></VP></VP><com>,</com><PP><E syntax="H">để</E><VP><V syntax="H">thoát</V><NP><N syntax="H">nước</N><N>đoạn</N></NP><PP><PP><E syntax="H">từ</E><NP><Np syntax="H">Quảng Ngãi</Np></NP></PP><PP><E syntax="H">đến</E><NP><Np syntax="H">Bình định</Np></NP></PP></PP></VP></PP><com>,</com><C>và</C><S><NP syntax="SUB"><N syntax="H">hạng mục</N></NP><VP><VP><V syntax="H">xây</V><NP><Nc syntax="H">bờ</Nc><N>kè</N><VP><V syntax="H">ốp</V><NP><N syntax="H">mái</N><PP><PP><PP><E syntax="H">từ</E><NP><N syntax="H">khu vực</N><Np>Quảng Bình</Np></NP></PP><com>,</com><PP><E syntax="H">đến</E><NP><Np syntax="H">Quảng Trị</Np></NP></PP></PP><com>,</com><C>và</C><NP><Np syntax="H">Thừa Thiên Huế</Np></NP></PP></NP></VP></NP></VP><com>,</com><VP><R>cũng</R><V syntax="H">chuẩn bị</V><VP><VP><V>triển khai</V><V syntax="H">xây dựng</V></VP><C>và</C><VP><V syntax="H">thi công</V></VP></VP></VP></VP></S><dot>.</dot></S></SENTENCE></root>