<?xml version="1.0" ?><root><SENTENCE id="1"><S><PP><E syntax="H">Cùng với</E><NP><N syntax="H">việc</N><VP><V syntax="H">trồng</V><NP><N syntax="H">tiêu</N><N>tự phát</N></NP></VP></NP></PP><com>,</com><NP syntax="SUB"><N syntax="H">tình trạng</N><VP><V syntax="H">mua bán</V><NP><N syntax="H">trụ</N><N>gỗ</N></NP><PP><E syntax="H">để</E><VP><V syntax="H">trồng</V><NP><N syntax="H">tiêu</N></NP></VP></PP></VP></NP><VP><R>đang</R><V syntax="H">diễn</V><R>ra</R><AP><R>khá</R><A syntax="H">lộn xộn</A></AP><PP><E syntax="H">ở</E><NP><A>nhiều</A><N syntax="H">nơi</N></NP></PP></VP><dot>.</dot></S></SENTENCE></root>