<?xml version="1.0" ?><root><SENTENCE id="1"><S><PP><E syntax="H">Trên</E><NP><N syntax="H">diện tích</N><NP><A>khoảng</A><M>1</M><N syntax="H">héc-ta</N></NP></NP></PP><com>,</com><PP><E syntax="H">ở</E><NP><N syntax="H">xã</N><Np>Hưng Phong</Np><com>,</com><NP><N syntax="H">huyện</N><Np>Giồng Trôm</Np></NP></NP></PP><com>,</com><NP syntax="SUB"><Nc syntax="H">ông</Nc><Np>đỗ Thành Thưởng</Np></NP><VP><VP><R>đã</R><V syntax="H">trồng</V></VP><C>và</C><VP><V syntax="H">lưu giữ</V><R>được</R><NP><A>hơn</A><M>30</M><N syntax="H">giống</N><N>dừa</N><AP><A syntax="H">quý hiếm</A></AP><PP><E syntax="H">của</E><NP><Np syntax="H">Việt Nam</Np></NP></PP><com>,</com><C>như</C><NP><NP><N syntax="H">dừa</N><P>ta</P></NP><com>,</com><NP><N syntax="H">dừa xiêm</N></NP><com>,</com><NP><N syntax="H">dừa</N><N>dâu</N></NP><com>,</com><NP><N syntax="H">dừa</N><N>ẻo</N></NP><com>,</com><NP><N syntax="H">dừa</N><N>sọc</N></NP></NP></NP></VP></VP><dot>.</dot></S></SENTENCE></root>