<?xml version="1.0" ?><root><SENTENCE id="1"><S><VP><V syntax="H">Có</V><NP><N syntax="H">ý kiến</N><A>băn khoăn</A></NP></VP><com>,</com><PP><E syntax="H">sau</E><NP><N syntax="H">khi</N><NP><N syntax="H">Luật</N><VP><V syntax="H">đi</V><PP><E syntax="H">vào</E><NP><N syntax="H">cuộc sống</N></NP></PP><com>,</com><PP><E syntax="H">để</E><VP><V>hạn chế</V><V syntax="H">ách tắc</V></VP></PP></VP></NP></NP></PP><com>,</com><S><VP syntax="SUB"><V syntax="H">giảm</V><NP><N syntax="H">tải</N><SBAR><E syntax="H">cho</E><S><NP syntax="SUB"><N syntax="H">Khu</N><N>di tích</N><NP><N syntax="H">đền</N><N>thờ</N><NP><Np syntax="H">Hùng Vương</Np><com>,</com><Np>Việt Trì</Np><com>,</com><Np>Phú Thọ</Np></NP></NP></NP><com>,</com><VP><V syntax="H">liệu</V></VP></S></SBAR></NP></VP><VP><V syntax="H">có</V><VP><V syntax="H">nên</V><VP><V syntax="H">xây dựng</V><NP><N syntax="H">đền</N><N>thờ</N><Np>Hùng Vương</Np><PP><E syntax="H">tại</E><NP><L>các</L><N syntax="H">địa phương</N></NP></PP></NP></VP></VP><C>hay</C><R>không</R></VP></S><dot>.</dot></S></SENTENCE></root>