<?xml version="1.0" ?><root><SENTENCE id="1"><S><NP><N syntax="H">Tổng</N><N>thiệt hại</N></NP><PP><E syntax="H">về</E><NP><N syntax="H">tài sản</N><PP><E syntax="H">do</E><SBAR><S><NP syntax="SUB"><N syntax="H">ảnh hưởng</N><PP><E syntax="H">của</E><NP><N syntax="H">bão</N></NP></PP></NP><NP syntax="PRD"><N syntax="H">số</N><M>2</M><PP><E syntax="H">của</E><NP><N syntax="H">tỉnh</N></NP></PP></NP></S></SBAR></PP></NP></PP><com syntax="SUB">,</com><VP syntax="SUB"><V syntax="H">ước tính</V><NP><A>khoảng</A><M>219</M><M>tỷ</M><Nu syntax="H">đồng</Nu></NP></VP><dot>.</dot></S></SENTENCE></root>