<?xml version="1.0" ?><root><SENTENCE id="1"><S><S syntax="SUB"><NP syntax="SUB"><N syntax="H">Xếp</N><NP><N syntax="H">thứ</N><M>2</M></NP></NP><VP><V syntax="H">là</V><NP><Nc syntax="H">đoàn</Nc><Np>Nga</Np><com>,</com><NP><N syntax="H">thứ ba</N><VP><V syntax="H">là</V><NP><N syntax="H">đoàn</N><Ny>Ucraina</Ny><com>,</com><C>và</C><VP><V syntax="H">xếp</V><NP><N syntax="H">thứ tư</N></NP></VP></NP></VP></NP></NP></VP></S><VP><V syntax="H">là</V><NP><Nc syntax="H">đoàn</Nc><Np>Nhật Bản</Np></NP></VP><dot>.</dot></S></SENTENCE></root>