<?xml version="1.0" ?><root><SENTENCE id="1"><S><C>Tuy nhiên</C><com>,</com><S><NP syntax="SUB"><N syntax="H">thời gian</N><R>qua</R></NP><com>,</com><NP syntax="SUB"><N syntax="H">tổng</N><NP><N syntax="H">mức</N><VP><V syntax="H">đầu tư</V><NP><N syntax="H">toàn</N><N>xã hội</N></NP></VP><com>,</com><C>cũng như</C><NP><N syntax="H">kim ngạch</N><V>xuất khẩu</V></NP><PP><E syntax="H">của</E><NP><N syntax="H">thành phố</N></NP></PP></NP></NP><VP><V syntax="H">tăng</V></VP><AP><A syntax="H">thấp</A></AP></S><sco>;</sco><S><NP syntax="SUB"><N syntax="H">tiến độ</N><VP><VP><V syntax="H">quy hoạch</V></VP><C>và</C><VP><V>thực hiện</V><V syntax="H">quy hoạch</V></VP></VP></NP><AP><R>còn</R><A syntax="H">chậm</A><com syntax="SUB">,</com><VP><V syntax="H">ảnh hưởng</V><PP><E syntax="H">đến</E><NP><N syntax="H">công tác</N><V>xúc tiến</V><VP><V syntax="H">kêu gọi</V><VP><V syntax="H">đầu tư</V><com>,</com><V syntax="H">phát triển</V><NP><N syntax="H">thành phố</N><C>và</C><N syntax="H">đời sống</N><PP><E syntax="H">của</E><NP><N syntax="H">nhân dân</N></NP></PP></NP></VP></VP></NP></PP></VP></AP></S><dot>.</dot></S></SENTENCE></root>