<?xml version="1.0" ?><root><SENTENCE id="1"><S><NP syntax="SUB"><N syntax="H">Trường</N></NP><VP><V syntax="H">dạy</V><R>được</R><VP><VP><V syntax="H">xây dựng</V><PP><E syntax="H">trên</E><NP><N syntax="H">diện tích</N><AP><A>gần</A><NP><M>6</M><Nu syntax="H">hecta</Nu></NP></AP></NP></PP></VP><com>,</com><VP><V syntax="H">có</V><NP><NP><M>36</M><N syntax="H">phòng</N><V>học</V></NP><com>,</com><NP><M>5</M><N syntax="H">xưởng</N><V>thực hành</V><PP><E syntax="H">với</E><NP><A>đầy đủ</A><N syntax="H">phương tiện</N><com>,</com><NP><N syntax="H">công cụ</N></NP><C>và</C><NP><N syntax="H">nguyên vật liệu</N><PP><E syntax="H">để</E><NP><N syntax="H">học viên</N><V>thực hành</V></NP></PP></NP><com>,</com><NP><L>các</L><N syntax="H">ngành nghề</N></NP><C>như</C><NP><N syntax="H">vi tính</N><N>văn phòng</N></NP><com>,</com><NP><N syntax="H">điện tử</N></NP></NP></PP></NP></NP></VP><com>,</com><VP><V syntax="H">đan lát</V></VP><com>,</com><VP><V syntax="H">thêu thùa</V><com>,</com><V syntax="H">in ấn</V></VP></VP></VP><dot>.</dot></S></SENTENCE></root>