<?xml version="1.0" ?><root><SENTENCE id="1"><S><NP syntax="SUB"><N syntax="H">Thị trường</N><NP><N syntax="H">du khách</N><Np>Nga</Np></NP></NP><VP><R>đã</R><V syntax="H">vượt</V><R>lên</R><VP><V syntax="H">xếp</V><NP><N syntax="H">thứ</N><M>15</M></NP><PP><E syntax="H">trong</E><NP><L>các</L><N syntax="H">thị trường</N><N>du lịch</N><com>,</com><A>trọng yếu</A><PP><E syntax="H">của</E><NP><Np syntax="H">Việt Nam</Np></NP></PP></NP></PP></VP></VP><dot>.</dot></S></SENTENCE></root>