<?xml version="1.0" ?><root><SENTENCE id="1"><S><NP syntax="SUB"><NP><N syntax="H">Thủ tướng</N><V>ủy quyền</V></NP><com>,</com><NP><N syntax="H">Bộ trưởng</N><Np>Bộ</Np></NP></NP><VP><VP><V>Kế</V><V syntax="H">hoạch</V></VP><C>và</C><VP><V syntax="H">đầu tư</V><com>,</com><V syntax="H">ký</V><NP><N syntax="H">Kế hoạch</N><A>chung</A><PP><E syntax="H">với</E><NP><L>các</L><N syntax="H">tổ chức</N><NP><N syntax="H">Liên hợp</N><N>quốc</N></NP><VP><V syntax="H">nói</V><A>trên</A></VP></NP></PP></NP></VP></VP><dot>.</dot></S></SENTENCE></root>