<?xml version="1.0" ?><root><SENTENCE id="1"><S><NP syntax="SUB"><N syntax="H">Bệnh nhân</N><N>nam</N></NP><AP><A syntax="H">trên</A></AP><com syntax="SUB">,</com><VP syntax="SUB"><VP><V syntax="H">cư trú</V><PP><E syntax="H">ở</E><NP><N syntax="H">huyện</N><Np>Phổ Yên</Np><com>,</com><NP><N syntax="H">tỉnh</N><Np>Thái Nguyên</Np></NP></NP></PP></VP><com>,</com><C>và</C><VP><V syntax="H">được</V><VP><V syntax="H">nhập viện</V></VP><com>,</com><PP><E syntax="H">với</E><NP><N syntax="H">biểu hiện</N><VP><V syntax="H">bị</V><A>rét</A></VP></NP></PP><com>,</com><AP><AP><A>tức</A><NP><N syntax="H">ngực</N></NP></AP><C>và</C><AP syntax="H"><A>khó</A><VP><V syntax="H">thở</V></VP></AP></AP></VP></VP><dot>.</dot></S></SENTENCE></root>