<?xml version="1.0" ?><root><SENTENCE id="1"><S><VP><V syntax="H">Thông qua</V><NP><N syntax="H">ca sĩ</N><N>ánh Tuyết</N></NP></VP><com>,</com><NP syntax="SUB"><NP><A>nhiều</A><N syntax="H">đơn vị</N></NP><C>và</C><NP><N syntax="H">cá nhân</N><A>khác</A></NP></NP><VP><R>cũng</R><V syntax="H">gửi</V><V>tặng</V><NP><N syntax="H">bà con</N><NP><N syntax="H">vùng</N><N>bão</N><Np>Quảng Nam</Np></NP><com>,</com><C>và</C><Ny syntax="H">Thừa Thiên Huế</Ny></NP><NP><M>220</M><M>triệu</M><Nu syntax="H">đồng</Nu></NP></VP><dot>.</dot></S></SENTENCE></root>