<?xml version="1.0" ?><root><SENTENCE id="1"><S><NP syntax="SUB"><N syntax="H">Sáng</N><NP><A>cùng</A><N syntax="H">ngày</N></NP></NP><com>,</com><PP><E syntax="H">tại</E><NP><N syntax="H">Vườn</N><N>hoa</N><Np>Lý Thái Tổ</Np><com>,</com><Np>Hà Nội</Np></NP></PP><com>,</com><NP syntax="SUB"><NP><N syntax="H">đại sứ quán</N><V>ốt</V></NP><eds>-</eds><NP><N syntax="H">xờ-trây-li</N><eds>-</eds><N>a</N></NP></NP><com>,</com><VP syntax="SUB"><R>đã</R><V syntax="H">khai mạc</V><VP><V syntax="H">triển lãm</V><NP><NP><N syntax="H">ảnh</N><col>:</col><quo>"</quo><NP><N syntax="H">ốt</N><eds>-</eds><NP><N syntax="H">xờ-trây-li</N><eds>-</eds><N syntax="H">a</N><NP><Np syntax="H">Việt Nam</Np><com>,</com><Np>Xưa</Np></NP></NP></NP></NP><C>và</C><NP><N syntax="H">nay</N></NP></NP></VP></VP><dot>.</dot><quo>"</quo></S></SENTENCE></root>