<?xml version="1.0" ?><root><SENTENCE id="1"><S><NP syntax="SUB"><N syntax="H">Hội nghị</N><VP><V syntax="H">giới thiệu</V></VP><com>,</com><M>197</M></NP><VP><V syntax="H">báo cáo</V><PP><E syntax="H">về</E><NP><N syntax="H">kết quả</N><VP><V syntax="H">nghiên cứu</V><PP><E syntax="H">trong</E><NP><NP><L>các</L><N syntax="H">lĩnh vực</N><C>như</C><N syntax="H">vật lý hạt nhân</N></NP><com>,</com><NP><N syntax="H">lò</N><N>phản ứng</N></NP><com>,</com><NP><N syntax="H">kỹ thuật</N><N>hạt nhân</N></NP><com>,</com><NP><N syntax="H">công nghệ</N><N>bức xạ</N></NP><com>,</com><NP><N syntax="H">ứng dụng</N><N>kỹ thuật</N><VP><V syntax="H">hạt nhân</V><PP><E syntax="H">trong</E><NP><N syntax="H">nông nghiệp</N><C>và</C><N syntax="H">sinh học</N></NP></PP></VP></NP><com>,</com><NP><N syntax="H">y học</N><N>hạt nhân</N></NP><com>,</com><NP><N syntax="H">xạ trị</N></NP><com>,</com><NP><N syntax="H">an toàn</N><N>bức xạ</N></NP><C>và</C><NP><N syntax="H">môi trường</N></NP></NP></PP></VP></NP></PP></VP><dot>.</dot></S></SENTENCE></root>