<?xml version="1.0" ?><root><SENTENCE id="1"><S><PP><E syntax="H">Trước</E><NP><N syntax="H">tình hình</N><P>này</P></NP></PP><com>,</com><NP syntax="SUB"><Np syntax="H">Nhật Bản</Np></NP><VP><R>đã</R><V syntax="H">đề nghị</V><SBAR><S><NP syntax="SUB"><N syntax="H">ốt</N><eds>-</eds><N syntax="H">xờ-trây-li</N><eds>-</eds><N>a</N></NP><VP><V syntax="H">tiếp tục</V><VP><V syntax="H">bảo đảm</V><NP><N syntax="H">nguồn</N><V>cung cấp</V><Nb>ủani</Nb><AP><A syntax="H">ổn định</A></AP></NP><PP><E syntax="H">cho</E><NP><Np syntax="H">Tôkiô</Np></NP></PP></VP></VP></S></SBAR></VP><dot>.</dot></S></SENTENCE></root>