<?xml version="1.0" ?><root><SENTENCE id="1"><S><NP syntax="SUB"><N syntax="H">Kết quả</N><V>khảo sát</V><N>ban đầu</N></NP><VP><V>cho</V><V syntax="H">thấy</V><com>,</com><SBAR><S><NP syntax="SUB"><N syntax="H">lượng</N><VP><V syntax="H">chất thải</V><NP><N syntax="H">rắn</N><N>y tế</N></NP></VP></NP><VP><V syntax="H">nguy hại</V><com>,</com><V syntax="H">phát sinh</V><com>,</com><V syntax="H">ước tính</V><NP><A>khoảng</A><M>34</M><Nu syntax="H">tấn</Nu><fos>/</fos><NP><N syntax="H">ngày</N></NP></NP></VP></S></SBAR></VP><dot>.</dot></S></SENTENCE></root>