<?xml version="1.0" ?><root><SENTENCE id="1"><S><NP syntax="SUB"><N syntax="H">Khu</N><N>kinh tế</N><NP><N syntax="H">cửa khẩu</N><NP><N syntax="H">quốc tế</N><Np>Cầu Treo</Np></NP></NP></NP><com>,</com><VP syntax="SUB"><V syntax="H">là</V><QP><M syntax="H">một</M><PP><E syntax="H">trong</E><NP><L>những</L><N syntax="H">địa bàn</N><VP><V syntax="H">được</V><SBAR><S><NP syntax="SUB"><N syntax="H">tỉnh</N><Np>Hà Tĩnh</Np></NP><VP><V syntax="H">ưu tiên</V><VP><V syntax="H">tập trung</V><VP><V syntax="H">kêu gọi</V><com>,</com><V syntax="H">thu hút</V><NP><N syntax="H">vốn</N><V>đầu tư</V><PP><E syntax="H">trong</E><C>và</C><E syntax="H">ngoài</E><NP><N syntax="H">nước</N></NP></PP><com>,</com><VP><V syntax="H">nhằm</V><VP><V syntax="H">đẩy</V><A>nhanh</A><NP><N syntax="H">tốc độ</N><VP><V syntax="H">chuyển dịch</V><NP><N syntax="H">cơ cấu</N><N>kinh tế</N></NP></VP><PP><E syntax="H">của</E><NP><N syntax="H">tỉnh</N></NP></PP></NP></VP></VP><com>,</com><PP><E syntax="H">trong</E><NP><L>những</L><N syntax="H">năm</N><V>tới</V></NP></PP></NP></VP></VP></VP></S></SBAR></VP></NP></PP></QP></VP><dot>.</dot></S></SENTENCE></root>