<?xml version="1.0" ?><root><SENTENCE id="1"><S><NP syntax="SUB"><N syntax="H">ông</N></NP><VP><V syntax="H">nhắc</V><SBAR><S><PP><E syntax="H">đến</E><NP><N syntax="H">phong trào</N><A>quốc tế</A><SBAR><S><NP syntax="SUB"><N syntax="H">ủng hộ</N><Np>Việt Nam</Np></NP><AP><A>rộng</A><A>khắp</A><com>,</com><C>và</C><A>mạnh mẽ</A><PP><E syntax="H">trong</E><NP><N syntax="H">giai đoạn</N><V>oanh liệt</V><P>này</P></NP></PP></AP><com>,</com><C>và</C><VP><V syntax="H">mong muốn</V></VP></S></SBAR></NP></PP><com>,</com><NP syntax="SUB"><Np syntax="H">Việt Nam</Np></NP><VP><R>sẽ</R><V syntax="H">tiếp tục</V><VP><V syntax="H">làm</V><VP><V syntax="H">bùng</V><R>lên</R><NP><Nc syntax="H">ngọn</Nc><N>lửa</N><VP><V syntax="H">đoàn kết</V></VP></NP><PP><PP><E syntax="H">của</E><NP><L>các</L><N syntax="H">dân tộc</N></NP></PP><com>,</com><PP><E syntax="H">vì</E><NP><NP><N syntax="H">hòa bình</N></NP><C>và</C><NP><N syntax="H">công lý</N></NP><PP><E syntax="H">trên</E><NP><R>toàn</R><N syntax="H">thế giới</N></NP></PP></NP></PP></PP></VP></VP></VP></S></SBAR></VP><dot>.</dot></S></SENTENCE></root>