<?xml version="1.0" ?><root><SENTENCE id="1"><S><S><NP syntax="SUB">Hiệp ước</NP><VP><V syntax="H">cho phép</V><NP><M>hai</M><N syntax="H">nước</N></NP><VP><V syntax="H">hợp tác</V><R>lấy</R><NP><N syntax="H">lời</N><VP><V syntax="H">khai</V></VP><com>,</com><VP><V syntax="H">thu thập</V><NP><N syntax="H">chứng cứ</N></NP></VP><com>,</com><VP><V syntax="H">phái</V><NP><N syntax="H">cử nhân</N><N>sự</N></NP></VP></NP></VP></VP></S><com>,</com><C>và</C><S><NP syntax="SUB"><L>các</L><N syntax="H">hỗ trợ</N></NP><AP><A>khác</A><NP><N syntax="H">khi</N><SBAR><S><NP syntax="SUB"><N syntax="H">nước</N><P>kia</P></NP><VP><V syntax="H">yêu cầu</V></VP></S></SBAR></NP></AP></S><dot>.</dot></S></SENTENCE></root>