<?xml version="1.0" ?><root><SENTENCE id="1"><S><PP><E syntax="H">Trong</E><NP><L>các</L><N syntax="H">tháng</N><NP><N syntax="H">cuối</N><N>năm</N></NP></NP></PP><com syntax="SUB">,</com><VP syntax="SUB"><V syntax="H">ùn tắc</V><N>giao thông</N><VP><V syntax="H">phổ biến</V><PP><E syntax="H">tại</E><NP><L>các</L><N syntax="H">đô thị</N><A>lớn</A></NP></PP></VP></VP><com syntax="SUB">,</com><VP syntax="SUB"><R>đang</R><V syntax="H">làm</V><VP><V syntax="H">lãng phí</V><NP><R>hàng</R><M>triệu</M><Nu syntax="H">giờ</Nu><N>lao động</N><NP><M>mỗi</M><N syntax="H">ngày</N></NP></NP></VP></VP><dot>.</dot></S></SENTENCE></root>