<?xml version="1.0" ?><root><SENTENCE id="1"><S><NP syntax="SUB"><N syntax="H">Ngày</N><M>6/3</M></NP><com>,</com><NP syntax="SUB"><N syntax="H">Tập đoàn</N><Np>Hoa Sen</Np><com>,</com><NP><quo>(</quo><Np>Hoa Sen Group</Np><Y>)</Y></NP></NP><com>,</com><VP syntax="SUB"><R>đã</R><V syntax="H">khởi công</V><V>xây dựng</V><NP><N syntax="H">giai đoạn</N><M>2</M><com>,</com><NP><NP><N syntax="H">Nhà máy</N><V>sản xuất</V><N>ống</N><N>nhựa</N></NP><com>,</com><NP><N syntax="H">ống</N><N>thép</N></NP><com>,</com><NP><N syntax="H">ống</N><V>inõ</V></NP><com>,</com><NP><Nc syntax="H">thanh</Nc><N>nhôm</N><V>định hình</V></NP><PP><PP><E syntax="H">tại</E><NP><N syntax="H">Khu công nghiệp</N><Np>Phú Mỹ</Np><M>1</M></NP></PP><com>,</com><PP><E syntax="H">tại</E></PP></PP></NP><com>,</com><NP><N syntax="H">tỉnh</N><NP><Nc syntax="H">Bà</Nc><Np>Rịa</Np><com>,</com><NP><Np syntax="H">Vũng Tàu</Np></NP></NP></NP></NP></VP><dot>.</dot></S></SENTENCE></root>