<?xml version="1.0" ?><root><SENTENCE id="1"><S><NP syntax="SUB"><M>Hai</M><N syntax="H">giải thưởng</N><AP><A syntax="H">khác</A></AP><com>,</com><VP><V syntax="H">là</V><NP><N syntax="H">Huy chương</N><N>vàng</N><NP><N syntax="H">đơn vị</N><N>phần mềm</N><VP><V>khởi nghiệp</V><V syntax="H">thành công</V></VP></NP></NP></VP><com>,</com><C>và</C><NP><N syntax="H">đơn vị</N><N>phần mềm</N><N>triển vọng</N></NP></NP><com>,</com><VP syntax="SUB"><R>đã</R><R>không</R><V syntax="H">tìm</V><R>được</R><NP><R>bất cứ</R><N syntax="H">ứng cử viên</N><P>nào</P></NP></VP><dot>.</dot></S></SENTENCE></root>