<?xml version="1.0" ?><root><SENTENCE id="1"><S><NP syntax="SUB">Việt</NP><VP><V syntax="H">bệnh</V><A>nặng</A><VP><V syntax="H">trở lại</V></VP><PP><E syntax="H">vào</E><NP><N syntax="H">ngày</N><M>28/4</M></NP></PP><com>,</com><PP><E syntax="H">trong</E><NP><N syntax="H">tình trạng</N><VP><VP><V syntax="H">viêm</V><NP><N syntax="H">phổi</N><VP><V syntax="H">cấp</V></VP></NP></VP><com>,</com><VP><V syntax="H">chảy máu</V><NP><N syntax="H">ổ bụng</N></NP></VP></VP></NP></PP></VP><dot>.</dot></S></SENTENCE></root>