<?xml version="1.0" ?><root><SENTENCE id="1"><S><PP><E syntax="H">Trong</E><NP><N syntax="H">trận</N><V>đấu</V><NP><N syntax="H">thứ hai</N></NP><PP><E syntax="H">của</E><NP><N syntax="H">bảng</N><NP><Ny syntax="H">F-H</Ny><com>,</com><NP><N syntax="H">tối</N><M>12/6</M></NP></NP></NP></PP></NP></PP><com>,</com><NP syntax="SUB"><N syntax="H">ỗtrâylia</N></NP><VP><VP><R>đã</R><V syntax="H">có</V><NP><Nc syntax="H">cú</Nc><V>lội</V><SBAR><S><VP><V syntax="H">ngược</V><NP><N syntax="H">dòng</N><AP><A syntax="H">ngoạn mục</A></AP></NP></VP><com>,</com><NP><N syntax="H">khi</N><VP><V syntax="H">ghi</V><PP><E syntax="H">tới</E><NP><M>ba</M><N syntax="H">bàn</N><V>thắng</V><AP><A>tuyệt vời</A><NP><R>chỉ</R><M>9</M><Nu syntax="H">phút</Nu><A>cuối</A></NP></AP><PP><E syntax="H">của</E><NP><N syntax="H">trận</N><V>đấu</V></NP></PP></NP></PP></VP></NP></S></SBAR></NP></VP><com>,</com><VP><V syntax="H">giành</V><NP><N syntax="H">chiến thắng</N><M>ba</M><QP><M syntax="H">một</M><PP><E syntax="H">trước</E><NP><N syntax="H">đội tuyển</N><Np>Nhật Bản</Np></NP></PP></QP></NP></VP></VP><dot>.</dot></S></SENTENCE></root>